# https://github.com/mikedh/trimesh
v 15.99408913 17.00000000 25.00000000
v 16.00000000 16.98565674 25.00000000
v 16.00000000 17.00000000 24.86425972
v 16.00000000 17.00000000 25.25951767
v 15.98530483 17.00000000 39.00000000
v 16.00000000 16.97117043 39.00000000
v 16.00000000 17.00000000 38.39651108
v 16.00000000 17.00000000 39.56613159
v 15.85665798 18.00000000 18.00000000
v 16.00000000 17.41175270 18.00000000
v 16.00000000 18.00000000 17.23238754
v 15.79086876 18.00000000 19.00000000
v 16.00000000 17.02711678 19.00000000
v 15.79205227 18.00000000 20.00000000
v 16.00000000 17.09872246 20.00000000
v 15.81319523 18.00000000 21.00000000
v 16.00000000 17.29576302 21.00000000
v 15.84900379 18.00000000 22.00000000
v 16.00000000 17.39016724 22.00000000
v 15.84878445 18.00000000 23.00000000
v 16.00000000 17.37074089 23.00000000
v 15.83990383 18.00000000 24.00000000
v 16.00000000 17.18124962 24.00000000
v 15.83577251 18.00000000 25.00000000
v 16.00000000 17.10582924 26.00000000
v 15.86250305 18.00000000 26.00000000
v 15.86257744 18.00000000 27.00000000
v 16.00000000 17.07374191 27.00000000
v 15.88179398 18.00000000 28.00000000
v 16.00000000 17.31454468 28.00000000
v 15.92895603 18.00000000 29.00000000
v 16.00000000 17.62471008 29.00000000
v 15.95466232 18.00000000 30.00000000
v 16.00000000 17.75920105 30.00000000
v 15.96889496 18.00000000 31.00000000
v 16.00000000 17.83333778 31.00000000
v 15.98296833 18.00000000 32.00000000
v 16.00000000 17.90567207 32.00000000
v 15.99739933 18.00000000 33.00000000
v 16.00000000 17.98510361 33.00000000
v 15.96941471 18.00000000 34.00000000
v 16.00000000 17.83067894 34.00000000
v 15.91837692 18.00000000 35.00000000
v 16.00000000 17.59297371 35.00000000
v 15.87992382 18.00000000 36.00000000
v 16.00000000 17.39054680 36.00000000
v 15.84418583 18.00000000 37.00000000
v 16.00000000 17.21315384 37.00000000
v 15.80200386 18.00000000 38.00000000
v 16.00000000 17.04076958 38.00000000
v 15.78134060 18.00000000 39.00000000
v 16.00000000 17.04865074 40.00000000
v 15.79472637 18.00000000 40.00000000
v 15.81793976 18.00000000 41.00000000
v 16.00000000 17.21955872 41.00000000
v 15.83407021 18.00000000 42.00000000
v 16.00000000 17.34406853 42.00000000
v 15.89062595 18.00000000 43.00000000
v 16.00000000 17.50827980 43.00000000
v 15.97158909 18.00000000 44.00000000
v 16.00000000 17.87433815 44.00000000
v 16.00000000 18.00000000 44.18749237
v 15.93742943 19.00000000 17.00000000
v 16.00000000 18.41967773 17.00000000
v 16.00000000 19.00000000 16.79791641
v 15.75033951 19.00000000 18.00000000
v 15.68173504 19.00000000 19.00000000
v 15.69509602 19.00000000 20.00000000
v 15.70396805 19.00000000 21.00000000
v 15.74030781 19.00000000 22.00000000
v 15.76949692 19.00000000 23.00000000
v 15.79116726 19.00000000 24.00000000
v 15.79734135 19.00000000 25.00000000
v 15.79873657 19.00000000 26.00000000
v 15.81326485 19.00000000 27.00000000
v 15.79183960 19.00000000 28.00000000
v 15.80048656 19.00000000 29.00000000
v 15.81908703 19.00000000 30.00000000
v 15.82828999 19.00000000 31.00000000
v 15.84914875 19.00000000 32.00000000
v 15.88204861 19.00000000 33.00000000
v 15.88507557 19.00000000 34.00000000
v 15.85138988 19.00000000 35.00000000
v 15.81179142 19.00000000 36.00000000
v 15.77376747 19.00000000 37.00000000
v 15.73198318 19.00000000 38.00000000
v 15.70196819 19.00000000 39.00000000
v 15.69501877 19.00000000 40.00000000
v 15.70756912 19.00000000 41.00000000
v 15.73062325 19.00000000 42.00000000
v 15.77034283 19.00000000 43.00000000
v 15.82350731 19.00000000 44.00000000
v 16.00000000 18.75688171 45.00000000
v 15.95820808 19.00000000 45.00000000
v 16.00000000 19.00000000 45.15622711
v 15.87368774 20.00000000 17.00000000
v 16.00000000 20.00000000 16.66142273
v 15.71148586 20.00000000 18.00000000
v 15.64418125 20.00000000 19.00000000
v 15.65865898 20.00000000 20.00000000
v 15.68199921 20.00000000 21.00000000
v 15.70220757 20.00000000 22.00000000
v 15.72025490 20.00000000 23.00000000
v 15.74458218 20.00000000 24.00000000
v 15.78526115 20.00000000 25.00000000
v 15.80203152 20.00000000 26.00000000
v 15.79822922 20.00000000 27.00000000
v 15.75825691 20.00000000 28.00000000
v 15.72187996 20.00000000 29.00000000
v 15.72810841 20.00000000 30.00000000
v 15.76429653 20.00000000 31.00000000
v 15.79349422 20.00000000 32.00000000
v 15.82449436 20.00000000 33.00000000
v 15.83479595 20.00000000 34.00000000
v 15.80830860 20.00000000 35.00000000
v 15.77862835 20.00000000 36.00000000
v 15.74828625 20.00000000 37.00000000
v 15.70640850 20.00000000 38.00000000
v 15.68293095 20.00000000 39.00000000
v 15.67636013 20.00000000 40.00000000
v 15.69274616 20.00000000 41.00000000
v 15.70811844 20.00000000 42.00000000
v 15.72317886 20.00000000 43.00000000
v 15.74688435 20.00000000 44.00000000
v 15.84732628 20.00000000 45.00000000
v 16.00000000 20.00000000 45.62936020
v 15.87946224 21.00000000 17.00000000
v 16.00000000 21.00000000 16.69360352
v 15.71533966 21.00000000 18.00000000
v 15.67291451 21.00000000 19.00000000
v 15.68069935 21.00000000 20.00000000
v 15.68756008 21.00000000 21.00000000
v 15.70257378 21.00000000 22.00000000
v 15.70784760 21.00000000 23.00000000
v 15.74470329 21.00000000 24.00000000
v 15.79408836 21.00000000 25.00000000
v 15.82891273 21.00000000 26.00000000
v 15.81102371 21.00000000 27.00000000
v 15.75393200 21.00000000 28.00000000
v 15.71198273 21.00000000 29.00000000
v 15.69786263 21.00000000 30.00000000
v 15.71923828 21.00000000 31.00000000
v 15.75268078 21.00000000 32.00000000
v 15.79014015 21.00000000 33.00000000
v 15.80159187 21.00000000 34.00000000
v 15.78777885 21.00000000 35.00000000
v 15.76498032 21.00000000 36.00000000
v 15.73675060 21.00000000 37.00000000
v 15.70851326 21.00000000 38.00000000
v 15.69616222 21.00000000 39.00000000
v 15.72386360 21.00000000 40.00000000
v 15.72749615 21.00000000 41.00000000
v 15.71576881 21.00000000 42.00000000
v 15.71202564 21.00000000 43.00000000
v 15.72774506 21.00000000 44.00000000
v 15.78836632 21.00000000 45.00000000
v 16.00000000 21.00000000 45.98898697
v 15.90464783 22.00000000 17.00000000
v 16.00000000 22.00000000 16.72461891
v 15.73053932 22.00000000 18.00000000
v 15.70323563 22.00000000 19.00000000
v 15.69534779 22.00000000 20.00000000
v 15.71419716 22.00000000 21.00000000
v 15.73381615 22.00000000 22.00000000
v 15.72574139 22.00000000 23.00000000
v 15.76583576 22.00000000 24.00000000
v 15.82823372 22.00000000 25.00000000
v 15.84309196 22.00000000 26.00000000
v 15.81890583 22.00000000 27.00000000
v 15.76879501 22.00000000 28.00000000
v 15.71880245 22.00000000 29.00000000
v 15.68862438 22.00000000 30.00000000
v 15.68199444 22.00000000 31.00000000
v 15.71887016 22.00000000 32.00000000
v 15.75365448 22.00000000 33.00000000
v 15.77062988 22.00000000 34.00000000
v 15.78068066 22.00000000 35.00000000
v 15.76039982 22.00000000 36.00000000
v 15.73704720 22.00000000 37.00000000
v 15.74256229 22.00000000 38.00000000
v 15.76317310 22.00000000 39.00000000
v 15.77255726 22.00000000 40.00000000
v 15.76819229 22.00000000 41.00000000
v 15.76029682 22.00000000 42.00000000
v 15.73908234 22.00000000 43.00000000
v 15.69082642 22.00000000 44.00000000
v 15.74562931 22.00000000 45.00000000
v 16.00000000 21.03554916 46.00000000
v 15.92710495 22.00000000 46.00000000
v 16.00000000 22.00000000 46.12876129
v 15.91922665 23.00000000 17.00000000
v 16.00000000 23.00000000 16.76239014
v 15.76498604 23.00000000 18.00000000
v 15.69573593 23.00000000 19.00000000
v 15.68579292 23.00000000 20.00000000
v 15.72804356 23.00000000 21.00000000
v 15.77206707 23.00000000 22.00000000
v 15.77688408 23.00000000 23.00000000
v 15.80442524 23.00000000 24.00000000
v 15.83234692 23.00000000 25.00000000
v 15.85586548 23.00000000 26.00000000
v 15.82523251 23.00000000 27.00000000
v 15.78220844 23.00000000 28.00000000
v 15.72777271 23.00000000 29.00000000
v 15.68770790 23.00000000 30.00000000
v 15.66250515 23.00000000 31.00000000
v 15.67863274 23.00000000 32.00000000
v 15.71418571 23.00000000 33.00000000
v 15.75005913 23.00000000 34.00000000
v 15.77394199 23.00000000 35.00000000
v 15.76109028 23.00000000 36.00000000
v 15.77502346 23.00000000 37.00000000
v 15.81037426 23.00000000 38.00000000
v 15.83354282 23.00000000 39.00000000
v 15.83261490 23.00000000 40.00000000
v 15.81335449 23.00000000 41.00000000
v 15.79175091 23.00000000 42.00000000
v 15.75311089 23.00000000 43.00000000
v 15.71135902 23.00000000 44.00000000
v 15.70720387 23.00000000 45.00000000
v 15.86222458 23.00000000 46.00000000
v 16.00000000 23.00000000 46.24385071
v 15.94425201 24.00000000 17.00000000
v 16.00000000 24.00000000 16.83779907
v 15.79095936 24.00000000 18.00000000
v 15.69884968 24.00000000 19.00000000
v 15.69591236 24.00000000 20.00000000
v 15.72676086 24.00000000 21.00000000
v 15.78221798 24.00000000 22.00000000
v 15.81967068 24.00000000 23.00000000
v 15.84190655 24.00000000 24.00000000
v 15.84674835 24.00000000 25.00000000
v 15.85583210 24.00000000 26.00000000
v 15.85771847 24.00000000 27.00000000
v 15.81617832 24.00000000 28.00000000
v 15.74440384 24.00000000 29.00000000
v 15.69921398 24.00000000 30.00000000
v 15.66058922 24.00000000 31.00000000
v 15.65490437 24.00000000 32.00000000
v 15.69110203 24.00000000 33.00000000
v 15.72921753 24.00000000 34.00000000
v 15.75486755 24.00000000 35.00000000
v 15.77085400 24.00000000 36.00000000
v 15.83078289 24.00000000 37.00000000
v 15.87523937 24.00000000 38.00000000
v 15.88527298 24.00000000 39.00000000
v 15.87181473 24.00000000 40.00000000
v 15.85499668 24.00000000 41.00000000
v 15.80826950 24.00000000 42.00000000
v 15.75460243 24.00000000 43.00000000
v 15.71438408 24.00000000 44.00000000
v 15.70910358 24.00000000 45.00000000
v 15.81807804 24.00000000 46.00000000
v 16.00000000 24.00000000 46.30747223
v 15.96464539 25.00000000 17.00000000
v 16.00000000 25.00000000 16.89628983
v 15.81483746 25.00000000 18.00000000
v 15.71839046 25.00000000 19.00000000
v 15.71345615 25.00000000 20.00000000
v 15.74662685 25.00000000 21.00000000
v 15.77937222 25.00000000 22.00000000
v 15.83518410 25.00000000 23.00000000
v 15.84461021 25.00000000 24.00000000
v 15.85151100 25.00000000 25.00000000
v 15.88580990 25.00000000 26.00000000
v 15.89967155 25.00000000 27.00000000
v 15.85406208 25.00000000 28.00000000
v 15.78618813 25.00000000 29.00000000
v 15.72340012 25.00000000 30.00000000
v 15.67442894 25.00000000 31.00000000
v 15.65169716 25.00000000 32.00000000
v 15.67405128 25.00000000 33.00000000
v 15.71222115 25.00000000 34.00000000
v 15.75855255 25.00000000 35.00000000
v 15.81789017 25.00000000 36.00000000
v 15.87869740 25.00000000 37.00000000
v 15.91709709 25.00000000 38.00000000
v 15.91997242 25.00000000 39.00000000
v 15.90353107 25.00000000 40.00000000
v 15.87790680 25.00000000 41.00000000
v 15.81309795 25.00000000 42.00000000
v 15.75021648 25.00000000 43.00000000
v 15.70142937 25.00000000 44.00000000
v 15.71425343 25.00000000 45.00000000
v 15.87010956 25.00000000 46.00000000
v 16.00000000 25.00000000 46.22631073
v 15.95470333 26.00000000 17.00000000
v 16.00000000 26.00000000 16.87568092
v 15.81123734 26.00000000 18.00000000
v 15.73438168 26.00000000 19.00000000
v 15.73306656 26.00000000 20.00000000
v 15.75599766 26.00000000 21.00000000
v 15.79362202 26.00000000 22.00000000
v 15.80650330 26.00000000 23.00000000
v 15.83490562 26.00000000 24.00000000
v 15.88000488 26.00000000 25.00000000
v 15.90697956 26.00000000 26.00000000
v 15.92054939 26.00000000 27.00000000
v 15.90214539 26.00000000 28.00000000
v 15.83661461 26.00000000 29.00000000
v 15.77580833 26.00000000 30.00000000
v 15.71815681 26.00000000 31.00000000
v 15.66244698 26.00000000 32.00000000
v 15.65444469 26.00000000 33.00000000
v 15.71014309 26.00000000 34.00000000
v 15.80691814 26.00000000 35.00000000
v 15.86267948 26.00000000 36.00000000
v 15.91760635 26.00000000 37.00000000
v 15.95223904 26.00000000 38.00000000
v 15.95678711 26.00000000 39.00000000
v 15.92240238 26.00000000 40.00000000
v 15.87426758 26.00000000 41.00000000
v 15.80990505 26.00000000 42.00000000
v 15.74930859 26.00000000 43.00000000
v 15.70423889 26.00000000 44.00000000
v 15.74225807 26.00000000 45.00000000
v 15.91780567 26.00000000 46.00000000
v 16.00000000 26.00000000 46.14643478
v 15.94125175 27.00000000 17.00000000
v 16.00000000 27.00000000 16.85977554
v 15.79359436 27.00000000 18.00000000
v 15.74948597 27.00000000 19.00000000
v 15.75289726 27.00000000 20.00000000
v 15.77146149 27.00000000 21.00000000
v 15.78703690 27.00000000 22.00000000
v 15.79068279 27.00000000 23.00000000
v 15.82735729 27.00000000 24.00000000
v 15.88109493 27.00000000 25.00000000
v 15.92630672 27.00000000 26.00000000
v 15.93154144 27.00000000 27.00000000
v 15.93829155 27.00000000 28.00000000
v 15.89006901 27.00000000 29.00000000
v 15.83188915 27.00000000 30.00000000
v 15.75521755 27.00000000 31.00000000
v 15.69520283 27.00000000 32.00000000
v 15.67264843 27.00000000 33.00000000
v 15.72311783 27.00000000 34.00000000
v 15.81878185 27.00000000 35.00000000
v 15.89293575 27.00000000 36.00000000
v 15.95241547 27.00000000 37.00000000
v 15.98071861 27.00000000 38.00000000
v 15.95683956 27.00000000 39.00000000
v 15.91803074 27.00000000 40.00000000
v 15.85983944 27.00000000 41.00000000
v 15.79957390 27.00000000 42.00000000
v 15.73676872 27.00000000 43.00000000
v 15.72811985 27.00000000 44.00000000
v 15.79376602 27.00000000 45.00000000
v 15.96671486 27.00000000 46.00000000
v 16.00000000 27.00000000 46.05869675
v 15.92433834 28.00000000 17.00000000
v 16.00000000 28.00000000 16.83355904
v 15.77507114 28.00000000 18.00000000
v 15.75155163 28.00000000 19.00000000
v 15.76712513 28.00000000 20.00000000
v 15.78281498 28.00000000 21.00000000
v 15.78636742 28.00000000 22.00000000
v 15.80053711 28.00000000 23.00000000
v 15.82843304 28.00000000 24.00000000
v 15.87479496 28.00000000 25.00000000
v 15.92007637 28.00000000 26.00000000
v 15.94148827 28.00000000 27.00000000
v 15.94442368 28.00000000 28.00000000
v 15.89904308 28.00000000 29.00000000
v 15.83957291 28.00000000 30.00000000
v 15.79022026 28.00000000 31.00000000
v 15.75031567 28.00000000 32.00000000
v 15.74738407 28.00000000 33.00000000
v 15.74917603 28.00000000 34.00000000
v 15.81846333 28.00000000 35.00000000
v 15.90722656 28.00000000 36.00000000
v 15.96248245 28.00000000 37.00000000
v 15.98066616 28.00000000 38.00000000
v 15.94478607 28.00000000 39.00000000
v 15.89383411 28.00000000 40.00000000
v 15.84930325 28.00000000 41.00000000
v 15.78490829 28.00000000 42.00000000
v 15.74838257 28.00000000 43.00000000
v 15.75646591 28.00000000 44.00000000
v 15.83821201 28.00000000 45.00000000
v 16.00000000 28.00000000 45.88017273
v 16.00000000 27.58407974 46.00000000
v 15.90865421 29.00000000 17.00000000
v 16.00000000 29.00000000 16.81583595
v 15.75963402 29.00000000 18.00000000
v 15.75430012 29.00000000 19.00000000
v 15.76709557 29.00000000 20.00000000
v 15.77775669 29.00000000 21.00000000
v 15.78729630 29.00000000 22.00000000
v 15.81654358 29.00000000 23.00000000
v 15.84632778 29.00000000 24.00000000
v 15.86549473 29.00000000 25.00000000
v 15.90551853 29.00000000 26.00000000
v 15.91959572 29.00000000 27.00000000
v 15.93112183 29.00000000 28.00000000
v 15.90477276 29.00000000 29.00000000
v 15.84279728 29.00000000 30.00000000
v 15.81480694 29.00000000 31.00000000
v 15.82006550 29.00000000 32.00000000
v 15.82207680 29.00000000 33.00000000
v 15.80929184 29.00000000 34.00000000
v 15.81958294 29.00000000 35.00000000
v 15.89241791 29.00000000 36.00000000
v 15.94351578 29.00000000 37.00000000
v 15.95181465 29.00000000 38.00000000
v 15.91149712 29.00000000 39.00000000
v 15.86419868 29.00000000 40.00000000
v 15.81064987 29.00000000 41.00000000
v 15.78165531 29.00000000 42.00000000
v 15.77067661 29.00000000 43.00000000
v 15.78395748 29.00000000 44.00000000
v 15.86842251 29.00000000 45.00000000
v 16.00000000 29.00000000 45.62931442
v 15.90129089 30.00000000 17.00000000
v 16.00000000 30.00000000 16.81232452
v 15.74398041 30.00000000 18.00000000
v 15.74717140 30.00000000 19.00000000
v 15.74177551 30.00000000 20.00000000
v 15.75221443 30.00000000 21.00000000
v 15.77377987 30.00000000 22.00000000
v 15.82348824 30.00000000 23.00000000
v 15.86090946 30.00000000 24.00000000
v 15.87712574 30.00000000 25.00000000
v 15.88447475 30.00000000 26.00000000
v 15.90629482 30.00000000 27.00000000
v 15.90765476 30.00000000 28.00000000
v 15.91530991 30.00000000 29.00000000
v 15.88323975 30.00000000 30.00000000
v 15.86809063 30.00000000 31.00000000
v 15.86934662 30.00000000 32.00000000
v 15.86765575 30.00000000 33.00000000
v 15.85029602 30.00000000 34.00000000
v 15.82012367 30.00000000 35.00000000
v 15.83985901 30.00000000 36.00000000
v 15.88135529 30.00000000 37.00000000
v 15.89487076 30.00000000 38.00000000
v 15.84877014 30.00000000 39.00000000
v 15.80458736 30.00000000 40.00000000
v 15.79368401 30.00000000 41.00000000
v 15.78569698 30.00000000 42.00000000
v 15.79339218 30.00000000 43.00000000
v 15.81720638 30.00000000 44.00000000
v 15.89730358 30.00000000 45.00000000
v 16.00000000 30.00000000 45.43976974
v 15.91009808 31.00000000 17.00000000
v 16.00000000 31.00000000 16.82716942
v 15.75437069 31.00000000 18.00000000
v 15.70436287 31.00000000 19.00000000
v 15.71464634 31.00000000 20.00000000
v 15.73306465 31.00000000 21.00000000
v 15.76377869 31.00000000 22.00000000
v 15.80136490 31.00000000 23.00000000
v 15.84699535 31.00000000 24.00000000
v 15.88645458 31.00000000 25.00000000
v 15.89827728 31.00000000 26.00000000
v 15.88775063 31.00000000 27.00000000
v 15.88412571 31.00000000 28.00000000
v 15.90321159 31.00000000 29.00000000
v 15.93080616 31.00000000 30.00000000
v 15.92546940 31.00000000 31.00000000
v 15.90702820 31.00000000 32.00000000
v 15.89236259 31.00000000 33.00000000
v 15.85806465 31.00000000 34.00000000
v 15.83499813 31.00000000 35.00000000
v 15.81882191 31.00000000 36.00000000
v 15.83322525 31.00000000 37.00000000
v 15.81683159 31.00000000 38.00000000
v 15.78113842 31.00000000 39.00000000
v 15.76481152 31.00000000 40.00000000
v 15.76286125 31.00000000 41.00000000
v 15.77843475 31.00000000 42.00000000
v 15.80895901 31.00000000 43.00000000
v 15.84273815 31.00000000 44.00000000
v 15.92935371 31.00000000 45.00000000
v 16.00000000 31.00000000 45.27699661
v 15.93746567 32.00000000 17.00000000
v 16.00000000 32.00000000 16.87617874
v 15.76670647 32.00000000 18.00000000
v 15.69327068 32.00000000 19.00000000
v 15.68157387 32.00000000 20.00000000
v 15.70219421 32.00000000 21.00000000
v 15.73117352 32.00000000 22.00000000
v 15.77697754 32.00000000 23.00000000
v 15.82738686 32.00000000 24.00000000
v 15.86374950 32.00000000 25.00000000
v 15.88611507 32.00000000 26.00000000
v 15.85885429 32.00000000 27.00000000
v 15.86837959 32.00000000 28.00000000
v 15.91159725 32.00000000 29.00000000
v 15.94531155 32.00000000 30.00000000
v 15.96615601 32.00000000 31.00000000
v 15.93665123 32.00000000 32.00000000
v 15.90826035 32.00000000 33.00000000
v 15.87565804 32.00000000 34.00000000
v 15.85358334 32.00000000 35.00000000
v 15.83000851 32.00000000 36.00000000
v 15.80097198 32.00000000 37.00000000
v 15.77848816 32.00000000 38.00000000
v 15.74190140 32.00000000 39.00000000
v 15.73841286 32.00000000 40.00000000
v 15.73415089 32.00000000 41.00000000
v 15.76063728 32.00000000 42.00000000
v 15.79553318 32.00000000 43.00000000
v 15.84199429 32.00000000 44.00000000
v 15.95180130 32.00000000 45.00000000
v 16.00000000 32.00000000 45.17829132
v 15.96643353 33.00000000 17.00000000
v 16.00000000 33.00000000 16.93160248
v 15.77533627 33.00000000 18.00000000
v 15.70256329 33.00000000 19.00000000
v 15.65705681 33.00000000 20.00000000
v 15.66821575 33.00000000 21.00000000
v 15.69925117 33.00000000 22.00000000
v 15.75263596 33.00000000 23.00000000
v 15.80569458 33.00000000 24.00000000
v 15.82845879 33.00000000 25.00000000
v 15.84737587 33.00000000 26.00000000
v 15.85601139 33.00000000 27.00000000
v 15.88449097 33.00000000 28.00000000
v 15.90735149 33.00000000 29.00000000
v 15.93424225 33.00000000 30.00000000
v 15.96559906 33.00000000 31.00000000
v 15.96740913 33.00000000 32.00000000
v 15.92654610 33.00000000 33.00000000
v 15.89087582 33.00000000 34.00000000
v 15.87149715 33.00000000 35.00000000
v 15.84402180 33.00000000 36.00000000
v 15.81820297 33.00000000 37.00000000
v 15.77330685 33.00000000 38.00000000
v 15.73816204 33.00000000 39.00000000
v 15.70453167 33.00000000 40.00000000
v 15.71553326 33.00000000 41.00000000
v 15.75274754 33.00000000 42.00000000
v 15.78304005 33.00000000 43.00000000
v 15.84467316 33.00000000 44.00000000
v 15.97631454 33.00000000 45.00000000
v 16.00000000 33.00000000 45.08022308
v 15.98874855 34.00000000 17.00000000
v 16.00000000 34.00000000 16.97819138
v 15.79072762 34.00000000 18.00000000
v 15.69285393 34.00000000 19.00000000
v 15.64113617 34.00000000 20.00000000
v 15.64381886 34.00000000 21.00000000
v 15.68002319 34.00000000 22.00000000
v 15.72442627 34.00000000 23.00000000
v 15.77046967 34.00000000 24.00000000
v 15.79106808 34.00000000 25.00000000
v 15.82049751 34.00000000 26.00000000
v 15.86561680 34.00000000 27.00000000
v 15.90186119 34.00000000 28.00000000
v 15.90769768 34.00000000 29.00000000
v 15.91667557 34.00000000 30.00000000
v 15.94298840 34.00000000 31.00000000
v 15.96367836 34.00000000 32.00000000
v 15.95663738 34.00000000 33.00000000
v 15.91469479 34.00000000 34.00000000
v 15.88297272 34.00000000 35.00000000
v 15.87076569 34.00000000 36.00000000
v 15.86597824 34.00000000 37.00000000
v 15.79998684 34.00000000 38.00000000
v 15.73617077 34.00000000 39.00000000
v 15.70246410 34.00000000 40.00000000
v 15.69324112 34.00000000 41.00000000
v 15.73326874 34.00000000 42.00000000
v 15.77284813 34.00000000 43.00000000
v 15.86033821 34.00000000 44.00000000
v 16.00000000 34.00000000 44.87504959
v 16.00000000 33.53816605 45.00000000
v 15.97044086 35.00000000 17.00000000
v 16.00000000 35.00000000 16.94361305
v 15.78357601 35.00000000 18.00000000
v 15.67936993 35.00000000 19.00000000
v 15.65544510 35.00000000 20.00000000
v 15.66267776 35.00000000 21.00000000
v 15.66714382 35.00000000 22.00000000
v 15.69992828 35.00000000 23.00000000
v 15.72152328 35.00000000 24.00000000
v 15.76698494 35.00000000 25.00000000
v 15.82597160 35.00000000 26.00000000
v 15.87639809 35.00000000 27.00000000
v 15.89884377 35.00000000 28.00000000
v 15.90430927 35.00000000 29.00000000
v 15.90921879 35.00000000 30.00000000
v 15.91836166 35.00000000 31.00000000
v 15.94499779 35.00000000 32.00000000
v 15.95906925 35.00000000 33.00000000
v 15.94044590 35.00000000 34.00000000
v 15.90815067 35.00000000 35.00000000
v 15.92148304 35.00000000 36.00000000
v 15.90583420 35.00000000 37.00000000
v 15.84041214 35.00000000 38.00000000
v 15.75161552 35.00000000 39.00000000
v 15.70963860 35.00000000 40.00000000
v 15.71411133 35.00000000 41.00000000
v 15.71459579 35.00000000 42.00000000
v 15.76478195 35.00000000 43.00000000
v 15.87636375 35.00000000 44.00000000
v 16.00000000 35.00000000 44.74166489
v 15.95100117 36.00000000 17.00000000
v 16.00000000 36.00000000 16.90760040
v 15.77205372 36.00000000 18.00000000
v 15.67582703 36.00000000 19.00000000
v 15.67211246 36.00000000 20.00000000
v 15.68140221 36.00000000 21.00000000
v 15.66906261 36.00000000 22.00000000
v 15.66889572 36.00000000 23.00000000
v 15.70767784 36.00000000 24.00000000
v 15.75068951 36.00000000 25.00000000
v 15.82697296 36.00000000 26.00000000
v 15.87192345 36.00000000 27.00000000
v 15.88193798 36.00000000 28.00000000
v 15.90170002 36.00000000 29.00000000
v 15.90648174 36.00000000 30.00000000
v 15.92006302 36.00000000 31.00000000
v 15.93468666 36.00000000 32.00000000
v 15.95168209 36.00000000 33.00000000
v 15.94984627 36.00000000 34.00000000
v 15.97620678 36.00000000 35.00000000
v 15.97466469 36.00000000 36.00000000
v 15.93325424 36.00000000 37.00000000
v 15.86993122 36.00000000 38.00000000
v 15.79489708 36.00000000 39.00000000
v 15.74728966 36.00000000 40.00000000
v 15.73771381 36.00000000 41.00000000
v 15.74646378 36.00000000 42.00000000
v 15.77641201 36.00000000 43.00000000
v 15.89301682 36.00000000 44.00000000
v 16.00000000 36.00000000 44.80255508
v 15.96677303 37.00000000 17.00000000
v 16.00000000 37.00000000 16.93426895
v 15.77934551 37.00000000 18.00000000
v 15.70566654 37.00000000 19.00000000
v 15.68932533 37.00000000 20.00000000
v 15.68415928 37.00000000 21.00000000
v 15.66742420 37.00000000 22.00000000
v 15.67302895 37.00000000 23.00000000
v 15.70223618 37.00000000 24.00000000
v 15.76022434 37.00000000 25.00000000
v 15.80392933 37.00000000 26.00000000
v 15.84325981 37.00000000 27.00000000
v 15.87053299 37.00000000 28.00000000
v 15.89021683 37.00000000 29.00000000
v 15.90828228 37.00000000 30.00000000
v 15.92177773 37.00000000 31.00000000
v 15.93542957 37.00000000 32.00000000
v 15.93976402 37.00000000 33.00000000
v 15.97779942 37.00000000 34.00000000
v 16.00000000 37.00000000 34.64536667
v 16.00000000 36.65989685 35.00000000
v 16.00000000 36.70529938 36.00000000
v 16.00000000 37.00000000 36.17654800
v 15.95401382 37.00000000 37.00000000
v 15.87998390 37.00000000 38.00000000
v 15.81403923 37.00000000 39.00000000
v 15.76263523 37.00000000 40.00000000
v 15.74383926 37.00000000 41.00000000
v 15.76256466 37.00000000 42.00000000
v 15.80318737 37.00000000 43.00000000
v 15.85526848 37.00000000 44.00000000
v 16.00000000 36.42488480 45.00000000
v 15.96115494 37.00000000 45.00000000
v 16.00000000 37.00000000 45.18441010
v 16.00000000 37.73160172 17.00000000
v 16.00000000 38.00000000 17.05452538
v 15.80768204 38.00000000 18.00000000
v 15.73407555 38.00000000 19.00000000
v 15.68463326 38.00000000 20.00000000
v 15.66180038 38.00000000 21.00000000
v 15.65927315 38.00000000 22.00000000
v 15.65764141 38.00000000 23.00000000
v 15.68600464 38.00000000 24.00000000
v 15.72685051 38.00000000 25.00000000
v 15.74537945 38.00000000 26.00000000
v 15.76944733 38.00000000 27.00000000
v 15.80060101 38.00000000 28.00000000
v 15.83289528 38.00000000 29.00000000
v 15.87128830 38.00000000 30.00000000
v 15.88309574 38.00000000 31.00000000
v 15.90303230 38.00000000 32.00000000
v 15.95508671 38.00000000 33.00000000
v 15.99158192 38.00000000 34.00000000
v 16.00000000 37.87823486 35.00000000
v 15.99835205 38.00000000 35.00000000
v 15.99938869 38.00000000 36.00000000
v 16.00000000 37.94376755 36.00000000
v 15.95828152 38.00000000 37.00000000
v 15.88539028 38.00000000 38.00000000
v 15.80766487 38.00000000 39.00000000
v 15.76666832 38.00000000 40.00000000
v 15.74285698 38.00000000 41.00000000
v 15.75394821 38.00000000 42.00000000
v 15.78498268 38.00000000 43.00000000
v 15.83790970 38.00000000 44.00000000
v 15.92568588 38.00000000 45.00000000
v 16.00000000 38.00000000 45.36100769
v 15.82814693 39.00000000 18.00000000
v 16.00000000 39.00000000 17.20366287
v 15.73760509 39.00000000 19.00000000
v 15.67311192 39.00000000 20.00000000
v 15.65435600 39.00000000 21.00000000
v 15.63856411 39.00000000 22.00000000
v 15.65908337 39.00000000 23.00000000
v 15.68642521 39.00000000 24.00000000
v 15.69903374 39.00000000 25.00000000
v 15.69009018 39.00000000 26.00000000
v 15.70987797 39.00000000 27.00000000
v 15.73381424 39.00000000 28.00000000
v 15.76704311 39.00000000 29.00000000
v 15.81079006 39.00000000 30.00000000
v 15.85254002 39.00000000 31.00000000
v 15.89979649 39.00000000 32.00000000
v 15.96541882 39.00000000 33.00000000
v 16.00000000 39.00000000 33.89942169
v 16.00000000 38.67956543 34.00000000
v 16.00000000 38.10162354 35.00000000
v 16.00000000 39.00000000 35.56698608
v 15.98913956 39.00000000 36.00000000
v 15.96179390 39.00000000 37.00000000
v 15.90579128 39.00000000 38.00000000
v 15.83028507 39.00000000 39.00000000
v 15.78374767 39.00000000 40.00000000
v 15.76098156 39.00000000 41.00000000
v 15.73785877 39.00000000 42.00000000
v 15.74495411 39.00000000 43.00000000
v 15.82835579 39.00000000 44.00000000
v 15.93050385 39.00000000 45.00000000
v 16.00000000 39.00000000 45.31511688
v 15.84868431 40.00000000 18.00000000
v 16.00000000 40.00000000 17.34981346
v 15.72352982 40.00000000 19.00000000
v 15.68274879 40.00000000 20.00000000
v 15.66485500 40.00000000 21.00000000
v 15.66335487 40.00000000 22.00000000
v 15.67056179 40.00000000 23.00000000
v 15.69700050 40.00000000 24.00000000
v 15.69545364 40.00000000 25.00000000
v 15.65825081 40.00000000 26.00000000
v 15.64940548 40.00000000 27.00000000
v 15.68181229 40.00000000 28.00000000
v 15.71392345 40.00000000 29.00000000
v 15.75423622 40.00000000 30.00000000
v 15.83715725 40.00000000 31.00000000
v 15.91601849 40.00000000 32.00000000
v 15.96558094 40.00000000 33.00000000
v 16.00000000 40.00000000 33.91062546
v 16.00000000 39.29915237 36.00000000
v 16.00000000 40.00000000 36.59434128
v 15.98286629 40.00000000 37.00000000
v 15.92265606 40.00000000 38.00000000
v 15.85989666 40.00000000 39.00000000
v 15.80518627 40.00000000 40.00000000
v 15.73024750 40.00000000 41.00000000
v 15.69464684 40.00000000 42.00000000
v 15.70172691 40.00000000 43.00000000
v 15.77810097 40.00000000 44.00000000
v 15.91916084 40.00000000 45.00000000
v 16.00000000 40.00000000 45.30273819
v 15.85161400 41.00000000 18.00000000
v 16.00000000 41.00000000 17.37465096
v 15.74231529 41.00000000 19.00000000
v 15.68533230 41.00000000 20.00000000
v 15.68509674 41.00000000 21.00000000
v 15.68422699 41.00000000 22.00000000
v 15.68967819 41.00000000 23.00000000
v 15.69588661 41.00000000 24.00000000
v 15.67434883 41.00000000 25.00000000
v 15.63699818 41.00000000 26.00000000
v 15.61373615 41.00000000 27.00000000
v 15.61241913 41.00000000 28.00000000
v 15.65140343 41.00000000 29.00000000
v 15.72632217 41.00000000 30.00000000
v 15.81089115 41.00000000 31.00000000
v 15.88739681 41.00000000 32.00000000
v 15.96627522 41.00000000 33.00000000
v 16.00000000 40.43212128 34.00000000
v 15.99560165 41.00000000 34.00000000
v 16.00000000 41.00000000 34.13351059
v 15.96611691 41.00000000 37.00000000
v 16.00000000 41.00000000 36.49005890
v 15.87966251 41.00000000 38.00000000
v 15.81697178 41.00000000 39.00000000
v 15.73031521 41.00000000 40.00000000
v 15.66804123 41.00000000 41.00000000
v 15.62764835 41.00000000 42.00000000
v 15.61094570 41.00000000 43.00000000
v 15.66100979 41.00000000 44.00000000
v 15.82394505 41.00000000 45.00000000
v 16.00000000 41.00000000 45.65588760
v 15.91223431 42.00000000 18.00000000
v 16.00000000 42.00000000 17.59819984
v 15.80101109 42.00000000 19.00000000
v 15.71402073 42.00000000 20.00000000
v 15.68654442 42.00000000 21.00000000
v 15.68191624 42.00000000 22.00000000
v 15.67981434 42.00000000 23.00000000
v 15.67107964 42.00000000 24.00000000
v 15.61394882 42.00000000 25.00000000
v 15.58419800 42.00000000 26.00000000
v 15.55195332 42.00000000 27.00000000
v 15.54869175 42.00000000 28.00000000
v 15.59409142 42.00000000 29.00000000
v 15.66465378 42.00000000 30.00000000
v 15.74336529 42.00000000 31.00000000
v 15.81706715 42.00000000 32.00000000
v 15.89646816 42.00000000 33.00000000
v 15.94014740 42.00000000 34.00000000
v 16.00000000 41.32311249 35.00000000
v 15.94471169 42.00000000 35.00000000
v 15.91841125 42.00000000 36.00000000
v 16.00000000 41.27501297 36.00000000
v 15.86783600 42.00000000 37.00000000
v 15.80931377 42.00000000 38.00000000
v 15.73410606 42.00000000 39.00000000
v 15.63993073 42.00000000 40.00000000
v 15.57752705 42.00000000 41.00000000
v 15.53116512 42.00000000 42.00000000
v 15.49588490 42.00000000 43.00000000
v 15.54115009 42.00000000 44.00000000
v 15.69318295 42.00000000 45.00000000
v 16.00000000 42.00000000 45.98537445
v 15.91972160 43.00000000 18.00000000
v 16.00000000 43.00000000 17.68250084
v 15.77915573 43.00000000 19.00000000
v 15.70202541 43.00000000 20.00000000
v 15.65819168 43.00000000 21.00000000
v 15.63857651 43.00000000 22.00000000
v 15.62451553 43.00000000 23.00000000
v 15.60229874 43.00000000 24.00000000
v 15.56027985 43.00000000 25.00000000
v 15.51045322 43.00000000 26.00000000
v 15.50465584 43.00000000 27.00000000
v 15.53277874 43.00000000 28.00000000
v 15.57841301 43.00000000 29.00000000
v 15.61996555 43.00000000 30.00000000
v 15.67199230 43.00000000 31.00000000
v 15.74151802 43.00000000 32.00000000
v 15.81752682 43.00000000 33.00000000
v 15.86372757 43.00000000 34.00000000
v 15.86002445 43.00000000 35.00000000
v 15.83416176 43.00000000 36.00000000
v 15.77865314 43.00000000 37.00000000
v 15.71432590 43.00000000 38.00000000
v 15.62430000 43.00000000 39.00000000
v 15.55997944 43.00000000 40.00000000
v 15.50504780 43.00000000 41.00000000
v 15.45264435 43.00000000 42.00000000
v 15.42168427 43.00000000 43.00000000
v 15.43953896 43.00000000 44.00000000
v 15.58638954 43.00000000 45.00000000
v 16.00000000 42.04845047 46.00000000
v 15.90057659 43.00000000 46.00000000
v 16.00000000 43.00000000 46.19989395
v 15.95050240 44.00000000 18.00000000
v 16.00000000 44.00000000 17.79758835
v 15.77626610 44.00000000 19.00000000
v 15.68649006 44.00000000 20.00000000
v 15.61538696 44.00000000 21.00000000
v 15.57630825 44.00000000 22.00000000
v 15.55973434 44.00000000 23.00000000
v 15.53288841 44.00000000 24.00000000
v 15.48223686 44.00000000 25.00000000
v 15.46060276 44.00000000 26.00000000
v 15.47312641 44.00000000 27.00000000
v 15.52229500 44.00000000 28.00000000
v 15.57146358 44.00000000 29.00000000
v 15.61475086 44.00000000 30.00000000
v 15.65030766 44.00000000 31.00000000
v 15.68558121 44.00000000 32.00000000
v 15.73590183 44.00000000 33.00000000
v 15.78372192 44.00000000 34.00000000
v 15.77980232 44.00000000 35.00000000
v 15.76849556 44.00000000 36.00000000
v 15.71378136 44.00000000 37.00000000
v 15.61980152 44.00000000 38.00000000
v 15.54230976 44.00000000 39.00000000
v 15.48600197 44.00000000 40.00000000
v 15.45636368 44.00000000 41.00000000
v 15.42581844 44.00000000 42.00000000
v 15.40783787 44.00000000 43.00000000
v 15.43260098 44.00000000 44.00000000
v 15.56259155 44.00000000 45.00000000
v 15.87846756 44.00000000 46.00000000
v 16.00000000 44.00000000 46.23532104
v 15.99810982 45.00000000 18.00000000
v 16.00000000 45.00000000 17.99253654
v 15.81495667 45.00000000 19.00000000
v 15.69519615 45.00000000 20.00000000
v 15.60849285 45.00000000 21.00000000
v 15.56325626 45.00000000 22.00000000
v 15.54728603 45.00000000 23.00000000
v 15.49751091 45.00000000 24.00000000
v 15.47910786 45.00000000 25.00000000
v 15.48102474 45.00000000 26.00000000
v 15.50349998 45.00000000 27.00000000
v 15.55946636 45.00000000 28.00000000
v 15.61887360 45.00000000 29.00000000
v 15.66708660 45.00000000 30.00000000
v 15.68884373 45.00000000 31.00000000
v 15.71433830 45.00000000 32.00000000
v 15.74463463 45.00000000 33.00000000
v 15.76479435 45.00000000 34.00000000
v 15.75978947 45.00000000 35.00000000
v 15.74798489 45.00000000 36.00000000
v 15.70384216 45.00000000 37.00000000
v 15.64266586 45.00000000 38.00000000
v 15.56801128 45.00000000 39.00000000
v 15.50093079 45.00000000 40.00000000
v 15.48442268 45.00000000 41.00000000
v 15.49538517 45.00000000 42.00000000
v 15.48114586 45.00000000 43.00000000
v 15.54146671 45.00000000 44.00000000
v 15.68003654 45.00000000 45.00000000
v 15.95715332 45.00000000 46.00000000
v 16.00000000 45.00000000 46.09106445
v 16.00000000 45.00788879 18.00000000
v 16.00000000 45.91433716 19.00000000
v 16.00000000 46.00000000 19.10145760
v 15.83507061 46.00000000 20.00000000
v 15.72651386 46.00000000 21.00000000
v 15.70720100 46.00000000 22.00000000
v 15.69907379 46.00000000 23.00000000
v 15.67511940 46.00000000 24.00000000
v 15.67094803 46.00000000 25.00000000
v 15.68964577 46.00000000 26.00000000
v 15.70191765 46.00000000 27.00000000
v 15.73479366 46.00000000 28.00000000
v 15.80365276 46.00000000 29.00000000
v 15.86426830 46.00000000 30.00000000
v 15.90014935 46.00000000 31.00000000
v 15.91925144 46.00000000 32.00000000
v 15.95413494 46.00000000 33.00000000
v 15.97478676 46.00000000 34.00000000
v 15.98842716 46.00000000 35.00000000
v 15.98123741 46.00000000 36.00000000
v 15.92746830 46.00000000 37.00000000
v 15.84287167 46.00000000 38.00000000
v 15.76309586 46.00000000 39.00000000
v 15.68824291 46.00000000 40.00000000
v 15.63791275 46.00000000 41.00000000
v 15.63060951 46.00000000 42.00000000
v 15.67357731 46.00000000 43.00000000
v 15.75918579 46.00000000 44.00000000
v 15.92055130 46.00000000 45.00000000
v 16.00000000 46.00000000 45.31709290
v 16.00000000 45.20341873 46.00000000
v 16.00000000 46.32912064 20.00000000
v 16.00000000 46.49911499 21.00000000
v 16.00000000 46.48176575 22.00000000
v 16.00000000 46.47517395 23.00000000
v 16.00000000 46.50793839 24.00000000
v 16.00000000 46.53442383 25.00000000
v 16.00000000 46.53905869 26.00000000
v 16.00000000 46.54274368 27.00000000
v 16.00000000 46.51677704 28.00000000
v 16.00000000 46.39949799 29.00000000
v 16.00000000 46.26222610 30.00000000
v 16.00000000 46.17584991 31.00000000
v 16.00000000 46.13907242 32.00000000
v 16.00000000 46.07376862 33.00000000
v 16.00000000 46.04008102 34.00000000
v 16.00000000 46.01930237 35.00000000
v 16.00000000 46.03206253 36.00000000
v 16.00000000 46.13578796 37.00000000
v 16.00000000 46.32281113 38.00000000
v 16.00000000 46.50532532 39.00000000
v 16.00000000 46.69186020 40.00000000
v 16.00000000 46.83964157 41.00000000
v 16.00000000 46.85185623 42.00000000
v 16.00000000 46.72664642 43.00000000
v 16.00000000 46.47690964 44.00000000
v 16.00000000 46.16708374 45.00000000
v 16.80271721 17.00000000 17.00000000
v 17.00000000 16.85054779 17.00000000
v 17.00000000 17.00000000 16.81501198
v 16.23605156 17.00000000 18.00000000
v 17.00000000 16.42477798 18.00000000
v 16.01236153 17.00000000 19.00000000
v 17.00000000 16.22711372 19.00000000
v 16.04432106 17.00000000 20.00000000
v 17.00000000 16.18150711 20.00000000
v 16.13890457 17.00000000 21.00000000
v 17.00000000 16.20018196 21.00000000
v 16.15294456 17.00000000 22.00000000
v 17.00000000 16.13652229 22.00000000
v 16.13059998 17.00000000 23.00000000
v 17.00000000 16.09169769 23.00000000
v 16.05267334 17.00000000 24.00000000
v 17.00000000 16.07271385 24.00000000
v 17.00000000 16.04821587 25.00000000
v 16.02244949 17.00000000 26.00000000
v 17.00000000 16.07160187 26.00000000
v 16.01610947 17.00000000 27.00000000
v 17.00000000 16.08728981 27.00000000
v 16.08015251 17.00000000 28.00000000
v 17.00000000 16.07848740 28.00000000
v 16.16224098 17.00000000 29.00000000
v 17.00000000 16.10995293 29.00000000
v 16.19176483 17.00000000 30.00000000
v 17.00000000 16.12282181 30.00000000
v 16.21507263 17.00000000 31.00000000
v 17.00000000 16.13054466 31.00000000
v 16.23358917 17.00000000 32.00000000
v 17.00000000 16.16350937 32.00000000
v 16.25511551 17.00000000 33.00000000
v 17.00000000 16.20020103 33.00000000
v 16.22459602 17.00000000 34.00000000
v 17.00000000 16.17258644 34.00000000
v 16.18264580 17.00000000 35.00000000
v 17.00000000 16.13104248 35.00000000
v 16.12211037 17.00000000 36.00000000
v 17.00000000 16.09799004 36.00000000
v 16.06896973 17.00000000 37.00000000
v 17.00000000 16.08154488 37.00000000
v 16.01492119 17.00000000 38.00000000
v 17.00000000 16.07286263 38.00000000
v 17.00000000 16.06857300 39.00000000
v 16.01719284 17.00000000 40.00000000
v 17.00000000 16.04706192 40.00000000
v 16.07994270 17.00000000 41.00000000
v 17.00000000 16.05853844 41.00000000
v 16.13524437 17.00000000 42.00000000
v 17.00000000 16.10327911 42.00000000
v 16.18190193 17.00000000 43.00000000
v 17.00000000 16.18210983 43.00000000
v 16.33616638 17.00000000 44.00000000
v 17.00000000 16.34554863 44.00000000
v 16.66563416 17.00000000 45.00000000
v 17.00000000 16.64109421 45.00000000
v 17.00000000 17.00000000 45.66566467
v 16.08963585 18.00000000 17.00000000
v 17.00000000 18.00000000 16.09669304
v 16.19610023 18.00000000 45.00000000
v 17.00000000 17.32068253 46.00000000
v 16.64857101 18.00000000 46.00000000
v 17.00000000 18.00000000 46.39133835
v 16.64597893 19.00000000 16.00000000
v 17.00000000 18.26650047 16.00000000
v 17.00000000 19.00000000 15.86445904
v 16.35237503 19.00000000 46.00000000
v 17.00000000 19.00000000 46.67834473
v 16.59243584 20.00000000 16.00000000
v 17.00000000 20.00000000 15.82684803
v 16.15053749 20.00000000 46.00000000
v 17.00000000 20.00000000 46.80846405
v 16.60957336 21.00000000 16.00000000
v 17.00000000 21.00000000 15.81779385
v 16.00403214 21.00000000 46.00000000
v 17.00000000 21.00000000 46.89394760
v 16.55117226 22.00000000 16.00000000
v 17.00000000 22.00000000 15.79127884
v 17.00000000 22.00000000 46.98269653
v 16.53712845 23.00000000 16.00000000
v 17.00000000 23.00000000 15.77478981
v 17.00000000 23.00000000 46.98603439
v 16.60240746 24.00000000 16.00000000
v 17.00000000 24.00000000 15.80479717
v 17.00000000 24.00000000 46.98357391
v 16.66133499 25.00000000 16.00000000
v 17.00000000 25.00000000 15.83914185
v 17.00000000 25.00000000 46.97478485
v 16.68630791 26.00000000 16.00000000
v 17.00000000 26.00000000 15.85121441
v 17.00000000 26.00000000 46.96059799
v 16.74656296 27.00000000 16.00000000
v 17.00000000 27.00000000 15.87543106
v 17.00000000 27.00000000 46.92971039
v 16.82133293 28.00000000 16.00000000
v 17.00000000 28.00000000 15.91408825
v 16.03224754 28.00000000 46.00000000
v 17.00000000 28.00000000 46.90137100
v 16.90354538 29.00000000 16.00000000
v 17.00000000 29.00000000 15.95464039
v 16.10949326 29.00000000 46.00000000
v 17.00000000 29.00000000 46.86084747
v 16.99112320 30.00000000 16.00000000
v 17.00000000 30.00000000 15.99609566
v 16.18111229 30.00000000 46.00000000
v 17.00000000 30.00000000 46.80994034
v 17.00000000 30.18871498 16.00000000
v 17.00000000 31.00000000 16.02095985
v 16.25441551 31.00000000 46.00000000
v 17.00000000 31.00000000 46.73160553
v 17.00000000 32.00000000 16.04851532
v 16.31064224 32.00000000 46.00000000
v 17.00000000 32.00000000 46.67024231
v 17.00000000 33.00000000 16.08132553
v 16.36487389 33.00000000 46.00000000
v 17.00000000 33.00000000 46.63366318
v 17.00000000 34.00000000 16.09276962
v 16.02325821 34.00000000 45.00000000
v 16.39339638 34.00000000 46.00000000
v 17.00000000 34.00000000 46.61760712
v 17.00000000 35.00000000 16.08766556
v 16.04978943 35.00000000 45.00000000
v 16.38733673 35.00000000 46.00000000
v 17.00000000 35.00000000 46.61171341
v 17.00000000 36.00000000 16.09754181
v 16.03092003 36.00000000 45.00000000
v 16.32671738 36.00000000 46.00000000
v 17.00000000 36.00000000 46.63212204
v 17.00000000 37.00000000 16.09503174
v 16.01170349 37.00000000 35.00000000
v 16.00977898 37.00000000 36.00000000
v 16.23792458 37.00000000 46.00000000
v 17.00000000 37.00000000 46.70135498
v 16.01775742 38.00000000 17.00000000
v 17.00000000 38.00000000 16.03246880
v 16.18083191 38.00000000 46.00000000
v 17.00000000 38.00000000 46.77766800
v 16.99049568 39.00000000 16.00000000
v 17.00000000 38.83331299 16.00000000
v 17.00000000 39.00000000 15.99516296
v 16.06968117 39.00000000 17.00000000
v 16.00377464 39.00000000 34.00000000
v 16.01420593 39.00000000 35.00000000
v 16.20722961 39.00000000 46.00000000
v 17.00000000 39.00000000 46.82466125
v 17.00000000 39.15727615 16.00000000
v 17.00000000 40.00000000 16.04235268
v 16.12408066 40.00000000 17.00000000
v 16.00322342 40.00000000 34.00000000
v 16.02246094 40.00000000 35.00000000
v 16.02373123 40.00000000 36.00000000
v 16.23646355 40.00000000 46.00000000
v 17.00000000 40.00000000 46.88616180
v 16.13307762 41.00000000 17.00000000
v 17.00000000 41.00000000 16.03185272
v 16.02451706 41.00000000 35.00000000
v 16.02825928 41.00000000 36.00000000
v 16.12759590 41.00000000 46.00000000
v 17.00000000 40.62561417 47.00000000
v 16.92300415 41.00000000 47.00000000
v 17.00000000 41.00000000 47.04454041
v 16.18540382 42.00000000 17.00000000
v 17.00000000 42.00000000 16.03809357
v 16.00667381 42.00000000 46.00000000
v 16.87057877 42.00000000 47.00000000
v 17.00000000 42.00000000 47.06630325
v 16.90000343 43.00000000 16.00000000
v 17.00000000 42.26200485 16.00000000
v 17.00000000 43.00000000 15.93526077
v 16.23776627 43.00000000 17.00000000
v 16.79983902 43.00000000 47.00000000
v 17.00000000 43.00000000 47.09236526
v 16.87456703 44.00000000 16.00000000
v 17.00000000 44.00000000 15.91959286
v 16.25309753 44.00000000 17.00000000
v 16.86210251 44.00000000 47.00000000
v 17.00000000 44.00000000 47.05897903
v 17.00000000 44.58318329 16.00000000
v 17.00000000 45.00000000 16.11359406
v 16.35886955 45.00000000 17.00000000
v 17.00000000 45.00000000 46.95786667
v 17.00000000 44.70378876 47.00000000
v 16.88167572 46.00000000 17.00000000
v 17.00000000 46.00000000 16.86396790
v 16.37449265 46.00000000 18.00000000
v 16.02708626 46.00000000 19.00000000
v 16.37316132 46.00000000 46.00000000
v 17.00000000 46.00000000 46.51249695
v 17.00000000 46.13102722 17.00000000
v 17.00000000 46.70820236 18.00000000
v 17.00000000 47.00000000 18.73050499
v 16.88456535 47.00000000 19.00000000
v 16.61223602 47.00000000 20.00000000
v 16.54759598 47.00000000 21.00000000
v 16.64371490 47.00000000 22.00000000
v 16.72948456 47.00000000 23.00000000
v 16.74057579 47.00000000 24.00000000
v 16.72886467 47.00000000 25.00000000
v 16.67874336 47.00000000 26.00000000
v 16.65094376 47.00000000 27.00000000
v 16.67605972 47.00000000 28.00000000
v 16.74142838 47.00000000 29.00000000
v 16.85504341 47.00000000 30.00000000
v 16.98779488 47.00000000 31.00000000
v 17.00000000 47.00000000 31.07453346
v 17.00000000 46.91517639 32.00000000
v 17.00000000 46.84903717 33.00000000
v 17.00000000 46.78426743 34.00000000
v 17.00000000 46.81015778 35.00000000
v 17.00000000 46.88806534 36.00000000
v 16.93657494 47.00000000 37.00000000
v 17.00000000 47.00000000 36.74831390
v 16.71688843 47.00000000 38.00000000
v 16.51257324 47.00000000 39.00000000
v 16.30152702 47.00000000 40.00000000
v 16.15699577 47.00000000 41.00000000
v 16.15669060 47.00000000 42.00000000
v 16.30847359 47.00000000 43.00000000
v 16.62969017 47.00000000 44.00000000
v 17.00000000 47.00000000 44.77742386
v 17.00000000 46.93810654 45.00000000
v 17.00000000 46.46714783 46.00000000
v 17.00000000 47.06243134 19.00000000
v 17.00000000 47.19801331 20.00000000
v 17.00000000 47.20925522 21.00000000
v 17.00000000 47.15431213 22.00000000
v 17.00000000 47.11195374 23.00000000
v 17.00000000 47.10352325 24.00000000
v 17.00000000 47.10112762 25.00000000
v 17.00000000 47.12119293 26.00000000
v 17.00000000 47.13558960 27.00000000
v 17.00000000 47.12500381 28.00000000
v 17.00000000 47.10591888 29.00000000
v 17.00000000 47.06542969 30.00000000
v 17.00000000 47.00570679 31.00000000
v 17.00000000 47.03179169 37.00000000
v 17.00000000 47.13982391 38.00000000
v 17.00000000 47.23720932 39.00000000
v 17.00000000 47.31686020 40.00000000
v 17.00000000 47.36300659 41.00000000
v 17.00000000 47.34756470 42.00000000
v 17.00000000 47.27655029 43.00000000
v 17.00000000 47.14969254 44.00000000
v 17.87117386 16.00000000 18.00000000
v 18.00000000 15.96455097 18.00000000
v 18.00000000 16.00000000 17.83473206
v 17.58043671 16.00000000 19.00000000
v 18.00000000 15.89718437 19.00000000
v 17.47152328 16.00000000 20.00000000
v 18.00000000 15.87324810 20.00000000
v 17.49559784 16.00000000 21.00000000
v 18.00000000 15.87275791 21.00000000
v 17.37997627 16.00000000 22.00000000
v 18.00000000 15.86178684 22.00000000
v 17.31112671 16.00000000 23.00000000
v 18.00000000 15.86732101 23.00000000
v 17.27009773 16.00000000 24.00000000
v 18.00000000 15.87223816 24.00000000
v 17.26874542 16.00000000 25.00000000
v 18.00000000 15.90891647 25.00000000
v 17.43902969 16.00000000 26.00000000
v 18.00000000 15.93206501 26.00000000
v 17.47110176 16.00000000 27.00000000
v 18.00000000 15.92926121 27.00000000
v 17.35258102 16.00000000 28.00000000
v 18.00000000 15.90591049 28.00000000
v 17.35344124 16.00000000 29.00000000
v 18.00000000 15.87266731 29.00000000
v 17.32171059 16.00000000 30.00000000
v 18.00000000 15.83561897 30.00000000
v 17.32538414 16.00000000 31.00000000
v 18.00000000 15.83189011 31.00000000
v 17.37740898 16.00000000 32.00000000
v 18.00000000 15.83510017 32.00000000
v 17.45884514 16.00000000 33.00000000
v 18.00000000 15.85522079 33.00000000
v 17.43620872 16.00000000 34.00000000
v 18.00000000 15.85862732 34.00000000
v 17.33406067 16.00000000 35.00000000
v 18.00000000 15.83668137 35.00000000
v 17.24248886 16.00000000 36.00000000
v 18.00000000 15.81262398 36.00000000
v 17.22684860 16.00000000 37.00000000
v 18.00000000 15.82276917 37.00000000
v 17.20281792 16.00000000 38.00000000
v 18.00000000 15.82216644 38.00000000
v 17.20770264 16.00000000 39.00000000
v 18.00000000 15.83376789 39.00000000
v 17.15356636 16.00000000 40.00000000
v 18.00000000 15.83978939 40.00000000
v 17.19618988 16.00000000 41.00000000
v 18.00000000 15.85118103 41.00000000
v 17.30112648 16.00000000 42.00000000
v 18.00000000 15.85235214 42.00000000
v 17.44950867 16.00000000 43.00000000
v 18.00000000 15.86176205 43.00000000
v 17.73222160 16.00000000 44.00000000
v 18.00000000 15.92004585 44.00000000
v 18.00000000 16.00000000 44.49586105
v 18.00000000 16.31929398 17.00000000
v 18.00000000 17.00000000 16.17528343
v 18.00000000 16.12868309 45.00000000
v 17.28243446 17.00000000 46.00000000
v 18.00000000 16.58458900 46.00000000
v 18.00000000 17.00000000 46.48106003
v 17.23704910 18.00000000 16.00000000
v 18.00000000 17.34830093 16.00000000
v 18.00000000 18.00000000 15.84471226
v 18.00000000 18.00000000 46.92145920
v 18.00000000 19.00000000 15.70393848
v 18.00000000 18.40033913 47.00000000
v 17.71405411 19.00000000 47.00000000
v 18.00000000 19.00000000 47.07539368
v 18.00000000 20.00000000 15.63186550
v 17.49093819 20.00000000 47.00000000
v 18.00000000 20.00000000 47.12734222
v 18.00000000 21.00000000 15.66649723
v 17.32596397 21.00000000 47.00000000
v 18.00000000 21.00000000 47.14603043
v 18.00000000 22.00000000 15.66490555
v 17.06647110 22.00000000 47.00000000
v 18.00000000 22.00000000 47.16218948
v 18.00000000 23.00000000 15.66887093
v 17.05264664 23.00000000 47.00000000
v 18.00000000 23.00000000 47.18186188
v 18.00000000 24.00000000 15.68434334
v 17.05541992 24.00000000 47.00000000
v 18.00000000 24.00000000 47.19907761
v 18.00000000 25.00000000 15.70979881
v 17.09229469 25.00000000 47.00000000
v 18.00000000 25.00000000 47.17746735
v 18.00000000 26.00000000 15.72834206
v 17.16820145 26.00000000 47.00000000
v 18.00000000 26.00000000 47.14170837
v 18.00000000 27.00000000 15.74652290
v 17.31751060 27.00000000 47.00000000
v 18.00000000 27.00000000 47.11128616
v 18.00000000 28.00000000 15.76390553
v 17.43352509 28.00000000 47.00000000
v 18.00000000 28.00000000 47.09386063
v 18.00000000 29.00000000 15.78194714
v 17.49209785 29.00000000 47.00000000
v 18.00000000 29.00000000 47.10255432
v 18.00000000 30.00000000 15.79774857
v 17.60424423 30.00000000 47.00000000
v 18.00000000 30.00000000 47.09028625
v 17.07457352 31.00000000 16.00000000
v 18.00000000 31.00000000 15.81069660
v 17.74348640 31.00000000 47.00000000
v 18.00000000 31.00000000 47.06875992
v 17.16189384 32.00000000 16.00000000
v 18.00000000 32.00000000 15.82095242
v 17.83981705 32.00000000 47.00000000
v 18.00000000 32.00000000 47.04811859
v 17.28488922 33.00000000 16.00000000
v 18.00000000 33.00000000 15.84922028
v 17.91151237 33.00000000 47.00000000
v 18.00000000 33.00000000 47.02742004
v 17.34736252 34.00000000 16.00000000
v 18.00000000 34.00000000 15.87001419
v 18.00000000 34.00000000 46.98947906
v 18.00000000 33.74233627 47.00000000
v 17.33886337 35.00000000 16.00000000
v 18.00000000 35.00000000 15.87308884
v 18.00000000 35.00000000 46.97081757
v 17.35910225 36.00000000 16.00000000
v 18.00000000 36.00000000 15.87272453
v 18.00000000 35.63214874 47.00000000
v 17.94507980 36.00000000 47.00000000
v 18.00000000 36.00000000 47.01658630
v 17.32017326 37.00000000 16.00000000
v 18.00000000 37.00000000 15.85921097
v 17.80942345 37.00000000 47.00000000
v 18.00000000 37.00000000 47.05520630
v 17.09818268 38.00000000 16.00000000
v 18.00000000 38.00000000 15.81213093
v 17.67433167 38.00000000 47.00000000
v 18.00000000 38.00000000 47.07929230
v 18.00000000 39.00000000 15.77034378
v 17.48311424 39.00000000 47.00000000
v 18.00000000 39.00000000 47.12188721
v 17.09302711 40.00000000 16.00000000
v 18.00000000 40.00000000 15.77030659
v 17.28375244 40.00000000 47.00000000
v 18.00000000 40.00000000 47.17602158
v 17.07102585 41.00000000 16.00000000
v 18.00000000 41.00000000 15.77384758
v 18.00000000 41.00000000 47.22429657
v 17.07081032 42.00000000 16.00000000
v 18.00000000 42.00000000 15.74000740
v 18.00000000 42.00000000 47.24483109
v 18.00000000 43.00000000 15.67653561
v 18.00000000 43.00000000 47.27713776
v 18.00000000 44.00000000 15.69650173
v 18.00000000 44.00000000 47.29295349
v 17.27118301 45.00000000 16.00000000
v 18.00000000 45.00000000 15.85859871
v 17.09027100 45.00000000 47.00000000
v 18.00000000 45.00000000 47.24271774
v 18.00000000 45.43113327 16.00000000
v 18.00000000 46.00000000 16.35690308
v 18.00000000 46.00000000 46.97966003
v 18.00000000 45.95872879 47.00000000
v 18.00000000 46.59339142 17.00000000
v 17.66633987 47.00000000 18.00000000
v 18.00000000 47.00000000 17.75466728
v 17.26893616 47.00000000 32.00000000
v 17.50293159 47.00000000 33.00000000
v 17.70848083 47.00000000 34.00000000
v 17.65984154 47.00000000 35.00000000
v 17.33503914 47.00000000 36.00000000
v 17.19711494 47.00000000 45.00000000
v 18.00000000 47.00000000 45.58884048
v 18.00000000 46.81590271 46.00000000
v 18.00000000 47.07954788 18.00000000
v 18.00000000 47.29748154 19.00000000
v 18.00000000 47.36314392 20.00000000
v 18.00000000 47.36043549 21.00000000
v 18.00000000 47.33265305 22.00000000
v 18.00000000 47.30903625 23.00000000
v 18.00000000 47.29575348 24.00000000
v 18.00000000 47.29174042 25.00000000
v 18.00000000 47.28094101 26.00000000
v 18.00000000 47.29114914 27.00000000
v 18.00000000 47.29951477 28.00000000
v 18.00000000 47.28539658 29.00000000
v 18.00000000 47.25672913 30.00000000
v 18.00000000 47.22200775 31.00000000
v 18.00000000 47.16935349 32.00000000
v 18.00000000 47.11122513 33.00000000
v 18.00000000 47.07141113 34.00000000
v 18.00000000 47.07796860 35.00000000
v 18.00000000 47.16575241 36.00000000
v 18.00000000 47.25790024 37.00000000
v 18.00000000 47.35438156 38.00000000
v 18.00000000 47.42055511 39.00000000
v 18.00000000 47.43755722 40.00000000
v 18.00000000 47.43719101 41.00000000
v 18.00000000 47.42511749 42.00000000
v 18.00000000 47.39578247 43.00000000
v 18.00000000 47.32290649 44.00000000
v 18.00000000 47.15648270 45.00000000
v 19.00000000 15.83250141 18.00000000
v 19.00000000 16.00000000 17.02946472
v 19.00000000 15.74660397 19.00000000
v 19.00000000 15.73201561 20.00000000
v 19.00000000 15.72852993 21.00000000
v 19.00000000 15.73762989 22.00000000
v 19.00000000 15.75962257 23.00000000
v 19.00000000 15.82382202 24.00000000
v 19.00000000 15.89130592 25.00000000
v 19.00000000 15.90534401 26.00000000
v 19.00000000 15.89070988 27.00000000
v 19.00000000 15.88178825 28.00000000
v 19.00000000 15.84858513 29.00000000
v 19.00000000 15.78883457 30.00000000
v 19.00000000 15.76163769 31.00000000
v 19.00000000 15.75838852 32.00000000
v 19.00000000 15.75716782 33.00000000
v 19.00000000 15.74988747 34.00000000
v 19.00000000 15.74552155 35.00000000
v 19.00000000 15.74618721 36.00000000
v 19.00000000 15.73566628 37.00000000
v 19.00000000 15.73272419 38.00000000
v 19.00000000 15.73995972 39.00000000
v 19.00000000 15.74087715 40.00000000
v 19.00000000 15.74619102 41.00000000
v 19.00000000 15.72650337 42.00000000
v 19.00000000 15.69825363 43.00000000
v 19.00000000 15.74234295 44.00000000
v 18.39793015 16.00000000 45.00000000
v 19.00000000 15.87426281 45.00000000
v 19.00000000 16.00000000 45.48363495
v 18.62801552 17.00000000 16.00000000
v 19.00000000 16.89886093 16.00000000
v 19.00000000 17.00000000 15.94925976
v 19.00000000 16.00928688 17.00000000
v 19.00000000 16.21483803 46.00000000
v 19.00000000 17.00000000 46.76722336
v 19.00000000 18.00000000 15.72031116
v 19.00000000 17.49940491 47.00000000
v 18.26561165 18.00000000 47.00000000
v 19.00000000 18.00000000 47.13462067
v 19.00000000 19.00000000 15.61821651
v 19.00000000 19.00000000 47.23191452
v 19.00000000 20.00000000 15.60910034
v 19.00000000 20.00000000 47.29097366
v 19.00000000 21.00000000 15.63576412
v 19.00000000 21.00000000 47.29212570
v 19.00000000 22.00000000 15.65805912
v 19.00000000 22.00000000 47.27203369
v 19.00000000 23.00000000 15.67082977
v 19.00000000 23.00000000 47.25720978
v 19.00000000 24.00000000 15.69145966
v 19.00000000 24.00000000 47.25355530
v 19.00000000 25.00000000 15.69075394
v 19.00000000 25.00000000 47.22912979
v 19.00000000 26.00000000 15.70303345
v 19.00000000 26.00000000 47.21158600
v 19.00000000 27.00000000 15.72555733
v 19.00000000 27.00000000 47.18185806
v 19.00000000 28.00000000 15.73280716
v 19.00000000 28.00000000 47.17071533
v 19.00000000 29.00000000 15.73267174
v 19.00000000 29.00000000 47.16637802
v 19.00000000 30.00000000 15.75174046
v 19.00000000 30.00000000 47.16316605
v 19.00000000 31.00000000 15.77189827
v 19.00000000 31.00000000 47.14911652
v 19.00000000 32.00000000 15.78964806
v 19.00000000 32.00000000 47.10320663
v 19.00000000 33.00000000 15.80630875
v 19.00000000 33.00000000 47.09032059
v 19.00000000 34.00000000 15.81572819
v 18.10684013 34.00000000 47.00000000
v 19.00000000 34.00000000 47.07683945
v 19.00000000 35.00000000 15.81907177
v 18.25026512 35.00000000 47.00000000
v 19.00000000 35.00000000 47.07738876
v 19.00000000 36.00000000 15.81931496
v 19.00000000 36.00000000 47.12161255
v 19.00000000 37.00000000 15.80099010
v 19.00000000 37.00000000 47.16390991
v 19.00000000 38.00000000 15.77134705
v 19.00000000 38.00000000 47.19789505
v 19.00000000 39.00000000 15.71724987
v 19.00000000 39.00000000 47.21802139
v 19.00000000 40.00000000 15.69533920
v 19.00000000 40.00000000 47.25242615
v 19.00000000 41.00000000 15.66805363
v 19.00000000 41.00000000 47.28560638
v 19.00000000 42.00000000 15.61315060
v 19.00000000 42.00000000 47.33485794
v 19.00000000 43.00000000 15.56098938
v 19.00000000 43.00000000 47.38918686
v 19.00000000 44.00000000 15.62598610
v 19.00000000 44.00000000 47.41966629
v 19.00000000 45.00000000 15.79765034
v 19.00000000 45.00000000 47.35852814
v 19.00000000 45.71693039 16.00000000
v 19.00000000 46.00000000 16.14881325
v 18.07120705 46.00000000 47.00000000
v 19.00000000 46.00000000 47.14025879
v 19.00000000 46.69722748 17.00000000
v 19.00000000 47.00000000 17.57743835
v 19.00000000 47.00000000 45.89315796
v 19.00000000 46.96136093 46.00000000
v 19.00000000 46.24379349 47.00000000
v 19.00000000 47.15195847 18.00000000
v 19.00000000 47.36713028 19.00000000
v 19.00000000 47.41276550 20.00000000
v 19.00000000 47.40574646 21.00000000
v 19.00000000 47.39648819 22.00000000
v 19.00000000 47.38786316 23.00000000
v 19.00000000 47.37303543 24.00000000
v 19.00000000 47.34567642 25.00000000
v 19.00000000 47.31547546 26.00000000
v 19.00000000 47.29303741 27.00000000
v 19.00000000 47.29156494 28.00000000
v 19.00000000 47.28485870 29.00000000
v 19.00000000 47.25693512 30.00000000
v 19.00000000 47.20650482 31.00000000
v 19.00000000 47.16332626 32.00000000
v 19.00000000 47.12046051 33.00000000
v 19.00000000 47.10528183 34.00000000
v 19.00000000 47.14154816 35.00000000
v 19.00000000 47.21994400 36.00000000
v 19.00000000 47.30941772 37.00000000
v 19.00000000 47.37736130 38.00000000
v 19.00000000 47.42276382 39.00000000
v 19.00000000 47.43958282 40.00000000
v 19.00000000 47.44062042 41.00000000
v 19.00000000 47.42969894 42.00000000
v 19.00000000 47.41372299 43.00000000
v 19.00000000 47.34603119 44.00000000
v 19.00000000 47.20750046 45.00000000
v 19.13099670 16.00000000 17.00000000
v 20.00000000 15.96478271 17.00000000
v 20.00000000 16.00000000 16.91311455
v 20.00000000 15.81279945 18.00000000
v 20.00000000 15.72176933 19.00000000
v 20.00000000 15.67831230 20.00000000
v 20.00000000 15.66376495 21.00000000
v 20.00000000 15.67941666 22.00000000
v 20.00000000 15.74344158 23.00000000
v 20.00000000 15.81869698 24.00000000
v 20.00000000 15.89111328 25.00000000
v 20.00000000 15.90775299 26.00000000
v 20.00000000 15.89188194 27.00000000
v 20.00000000 15.86621857 28.00000000
v 20.00000000 15.82700729 29.00000000
v 20.00000000 15.79128551 30.00000000
v 20.00000000 15.75638390 31.00000000
v 20.00000000 15.74540710 32.00000000
v 20.00000000 15.74637890 33.00000000
v 20.00000000 15.73483181 34.00000000
v 20.00000000 15.71823978 35.00000000
v 20.00000000 15.69315147 36.00000000
v 20.00000000 15.67599773 37.00000000
v 20.00000000 15.66976261 38.00000000
v 20.00000000 15.67336750 39.00000000
v 20.00000000 15.68608665 40.00000000
v 20.00000000 15.68874073 41.00000000
v 20.00000000 15.65629292 42.00000000
v 20.00000000 15.61674595 43.00000000
v 20.00000000 15.63841057 44.00000000
v 20.00000000 15.75641727 45.00000000
v 20.00000000 16.00000000 45.92853165
v 20.00000000 16.83250809 16.00000000
v 20.00000000 17.00000000 15.91617489
v 20.00000000 16.02915001 46.00000000
v 20.00000000 17.00000000 46.89781952
v 20.00000000 18.00000000 15.66180420
v 20.00000000 17.22910500 47.00000000
v 20.00000000 18.00000000 47.21495056
v 20.00000000 19.00000000 15.60498714
v 20.00000000 19.00000000 47.33785629
v 20.00000000 20.00000000 15.61457157
v 20.00000000 20.00000000 47.34798813
v 20.00000000 21.00000000 15.65312481
v 20.00000000 21.00000000 47.32674789
v 20.00000000 22.00000000 15.67015553
v 20.00000000 22.00000000 47.31236649
v 20.00000000 23.00000000 15.69313335
v 20.00000000 23.00000000 47.28053284
v 20.00000000 24.00000000 15.70494270
v 20.00000000 24.00000000 47.27839279
v 20.00000000 25.00000000 15.69781208
v 20.00000000 25.00000000 47.26523972
v 20.00000000 26.00000000 15.69373512
v 20.00000000 26.00000000 47.24837112
v 20.00000000 27.00000000 15.71083355
v 20.00000000 27.00000000 47.23980331
v 20.00000000 28.00000000 15.72866535
v 20.00000000 28.00000000 47.23608017
v 20.00000000 29.00000000 15.73142338
v 20.00000000 29.00000000 47.21938705
v 20.00000000 30.00000000 15.73987293
v 20.00000000 30.00000000 47.19965744
v 20.00000000 31.00000000 15.76861000
v 20.00000000 31.00000000 47.15243149
v 20.00000000 32.00000000 15.80303192
v 20.00000000 32.00000000 47.11618423
v 20.00000000 33.00000000 15.79758644
v 20.00000000 33.00000000 47.10958862
v 20.00000000 34.00000000 15.78843689
v 20.00000000 34.00000000 47.09391403
v 20.00000000 35.00000000 15.78694344
v 20.00000000 35.00000000 47.08976364
v 20.00000000 36.00000000 15.80212975
v 20.00000000 36.00000000 47.12697983
v 20.00000000 37.00000000 15.79191113
v 20.00000000 37.00000000 47.18732071
v 20.00000000 38.00000000 15.76861954
v 20.00000000 38.00000000 47.23510742
v 20.00000000 39.00000000 15.73990822
v 20.00000000 39.00000000 47.26822281
v 20.00000000 40.00000000 15.68914890
v 20.00000000 40.00000000 47.27294922
v 20.00000000 41.00000000 15.63563156
v 20.00000000 41.00000000 47.33008194
v 20.00000000 42.00000000 15.57584190
v 20.00000000 42.00000000 47.39076614
v 20.00000000 43.00000000 15.55796432
v 20.00000000 43.00000000 47.44336319
v 20.00000000 44.00000000 15.62226295
v 20.00000000 44.00000000 47.44161606
v 20.00000000 45.00000000 15.78406334
v 20.00000000 45.00000000 47.37616730
v 20.00000000 45.70557022 16.00000000
v 20.00000000 46.00000000 16.15223694
v 20.00000000 46.00000000 47.14850998
v 20.00000000 46.74793243 17.00000000
v 20.00000000 47.00000000 17.49813461
v 20.00000000 47.00000000 45.86615372
v 20.00000000 46.95366669 46.00000000
v 20.00000000 46.27515030 47.00000000
v 20.00000000 47.16888428 18.00000000
v 20.00000000 47.37542725 19.00000000
v 20.00000000 47.40409851 20.00000000
v 20.00000000 47.42551422 21.00000000
v 20.00000000 47.43542099 22.00000000
v 20.00000000 47.43473434 23.00000000
v 20.00000000 47.42910385 24.00000000
v 20.00000000 47.40364838 25.00000000
v 20.00000000 47.35195160 26.00000000
v 20.00000000 47.30525208 27.00000000
v 20.00000000 47.26862335 28.00000000
v 20.00000000 47.24555588 29.00000000
v 20.00000000 47.22969055 30.00000000
v 20.00000000 47.19828796 31.00000000
v 20.00000000 47.14096832 32.00000000
v 20.00000000 47.12473297 33.00000000
v 20.00000000 47.11690140 34.00000000
v 20.00000000 47.18983841 35.00000000
v 20.00000000 47.25918961 36.00000000
v 20.00000000 47.31707764 37.00000000
v 20.00000000 47.35168839 38.00000000
v 20.00000000 47.37498474 39.00000000
v 20.00000000 47.39728546 40.00000000
v 20.00000000 47.41086197 41.00000000
v 20.00000000 47.41107559 42.00000000
v 20.00000000 47.38701630 43.00000000
v 20.00000000 47.32567596 44.00000000
v 20.00000000 47.20536804 45.00000000
v 21.00000000 15.98604488 17.00000000
v 21.00000000 16.00000000 16.96738243
v 21.00000000 15.81707668 18.00000000
v 21.00000000 15.74394989 19.00000000
v 21.00000000 15.66693020 20.00000000
v 21.00000000 15.62875748 21.00000000
v 21.00000000 15.68068504 22.00000000
v 21.00000000 15.74270058 23.00000000
v 21.00000000 15.80976582 24.00000000
v 21.00000000 15.87541771 25.00000000
v 21.00000000 15.88365841 26.00000000
v 21.00000000 15.89327240 27.00000000
v 21.00000000 15.89630222 28.00000000
v 21.00000000 15.85698414 29.00000000
v 21.00000000 15.81012726 30.00000000
v 21.00000000 15.77664948 31.00000000
v 21.00000000 15.76830578 32.00000000
v 21.00000000 15.76466751 33.00000000
v 21.00000000 15.76313496 34.00000000
v 21.00000000 15.71929836 35.00000000
v 21.00000000 15.67147541 36.00000000
v 21.00000000 15.63582897 37.00000000
v 21.00000000 15.62934494 38.00000000
v 21.00000000 15.64560127 39.00000000
v 21.00000000 15.65467834 40.00000000
v 21.00000000 15.64590359 41.00000000
v 21.00000000 15.62121487 42.00000000
v 21.00000000 15.58134651 43.00000000
v 21.00000000 15.58537674 44.00000000
v 21.00000000 15.69838142 45.00000000
v 20.20681190 16.00000000 46.00000000
v 21.00000000 15.92369556 46.00000000
v 21.00000000 16.00000000 46.11997223
v 21.00000000 16.88814354 16.00000000
v 21.00000000 17.00000000 15.94264984
v 21.00000000 17.00000000 46.92143250
v 21.00000000 18.00000000 15.68051338
v 21.00000000 17.19801140 47.00000000
v 21.00000000 18.00000000 47.21672440
v 21.00000000 19.00000000 15.61551952
v 21.00000000 19.00000000 47.32851791
v 21.00000000 20.00000000 15.63933563
v 21.00000000 20.00000000 47.35433960
v 21.00000000 21.00000000 15.68268871
v 21.00000000 21.00000000 47.32797623
v 21.00000000 22.00000000 15.71225739
v 21.00000000 22.00000000 47.31090927
v 21.00000000 23.00000000 15.71048832
v 21.00000000 23.00000000 47.31342316
v 21.00000000 24.00000000 15.72247791
v 21.00000000 24.00000000 47.29829025
v 21.00000000 25.00000000 15.72338867
v 21.00000000 25.00000000 47.28533173
v 21.00000000 26.00000000 15.72674370
v 21.00000000 26.00000000 47.29104996
v 21.00000000 27.00000000 15.73599243
v 21.00000000 27.00000000 47.28768921
v 21.00000000 28.00000000 15.73940372
v 21.00000000 28.00000000 47.26327515
v 21.00000000 29.00000000 15.74563694
v 21.00000000 29.00000000 47.23547363
v 21.00000000 30.00000000 15.74861717
v 21.00000000 30.00000000 47.19192886
v 21.00000000 31.00000000 15.77399731
v 21.00000000 31.00000000 47.15122986
v 21.00000000 32.00000000 15.80173683
v 21.00000000 32.00000000 47.10837555
v 21.00000000 33.00000000 15.80702591
v 21.00000000 33.00000000 47.10339355
v 21.00000000 34.00000000 15.79257298
v 21.00000000 34.00000000 47.08396149
v 21.00000000 35.00000000 15.79635811
v 21.00000000 35.00000000 47.09747696
v 21.00000000 36.00000000 15.80387306
v 21.00000000 36.00000000 47.12233353
v 21.00000000 37.00000000 15.79233837
v 21.00000000 37.00000000 47.16832733
v 21.00000000 38.00000000 15.77201462
v 21.00000000 38.00000000 47.22301102
v 21.00000000 39.00000000 15.75153255
v 21.00000000 39.00000000 47.24378586
v 21.00000000 40.00000000 15.71639729
v 21.00000000 40.00000000 47.25575256
v 21.00000000 41.00000000 15.65115261
v 21.00000000 41.00000000 47.33902359
v 21.00000000 42.00000000 15.60547256
v 21.00000000 42.00000000 47.39877701
v 21.00000000 43.00000000 15.58158970
v 21.00000000 43.00000000 47.43290710
v 21.00000000 44.00000000 15.62388229
v 21.00000000 44.00000000 47.40401459
v 21.00000000 45.00000000 15.80233574
v 21.00000000 45.00000000 47.29808807
v 21.00000000 45.53141022 16.00000000
v 21.00000000 46.00000000 16.24942970
v 21.00000000 46.00000000 47.11252975
v 21.00000000 46.75523376 17.00000000
v 21.00000000 47.00000000 17.49320793
v 21.00000000 47.00000000 45.76580429
v 21.00000000 46.92321777 46.00000000
v 21.00000000 46.21544647 47.00000000
v 21.00000000 47.16158295 18.00000000
v 21.00000000 47.31110382 19.00000000
v 21.00000000 47.39980698 20.00000000
v 21.00000000 47.44739151 21.00000000
v 21.00000000 47.47721100 22.00000000
v 21.00000000 47.47938156 23.00000000
v 21.00000000 47.44569397 24.00000000
v 21.00000000 47.41828537 25.00000000
v 21.00000000 47.37906647 26.00000000
v 21.00000000 47.31974030 27.00000000
v 21.00000000 47.25742722 28.00000000
v 21.00000000 47.21763229 29.00000000
v 21.00000000 47.19811249 30.00000000
v 21.00000000 47.16491699 31.00000000
v 21.00000000 47.12580872 32.00000000
v 21.00000000 47.09651184 33.00000000
v 21.00000000 47.13991547 34.00000000
v 21.00000000 47.21159744 35.00000000
v 21.00000000 47.23865509 36.00000000
v 21.00000000 47.26391983 37.00000000
v 21.00000000 47.29218292 38.00000000
v 21.00000000 47.31964493 39.00000000
v 21.00000000 47.34516144 40.00000000
v 21.00000000 47.37037277 41.00000000
v 21.00000000 47.36616135 42.00000000
v 21.00000000 47.33036041 43.00000000
v 21.00000000 47.28142548 44.00000000
v 21.00000000 47.17080688 45.00000000
v 22.00000000 15.98220539 17.00000000
v 22.00000000 16.00000000 16.96437454
v 22.00000000 15.81982803 18.00000000
v 22.00000000 15.75036621 19.00000000
v 22.00000000 15.66791248 20.00000000
v 22.00000000 15.64254570 21.00000000
v 22.00000000 15.68466473 22.00000000
v 22.00000000 15.75605869 23.00000000
v 22.00000000 15.78825855 24.00000000
v 22.00000000 15.86653709 25.00000000
v 22.00000000 15.89663696 26.00000000
v 22.00000000 15.92273808 27.00000000
v 22.00000000 15.92617512 28.00000000
v 22.00000000 15.89703178 29.00000000
v 22.00000000 15.84723186 30.00000000
v 22.00000000 15.82150650 31.00000000
v 22.00000000 15.80122375 32.00000000
v 22.00000000 15.78595066 33.00000000
v 22.00000000 15.77373123 34.00000000
v 22.00000000 15.72972488 35.00000000
v 22.00000000 15.68529701 36.00000000
v 22.00000000 15.64952946 37.00000000
v 22.00000000 15.63690376 38.00000000
v 22.00000000 15.64756107 39.00000000
v 22.00000000 15.64533329 40.00000000
v 22.00000000 15.63327789 41.00000000
v 22.00000000 15.59831715 42.00000000
v 22.00000000 15.58213520 43.00000000
v 22.00000000 15.59837818 44.00000000
v 22.00000000 15.66244411 45.00000000
v 22.00000000 15.87454891 46.00000000
v 22.00000000 16.00000000 46.18124390
v 22.00000000 16.95072365 16.00000000
v 22.00000000 17.00000000 15.97366810
v 22.00000000 17.00000000 46.85417938
v 22.00000000 18.00000000 15.74404812
v 22.00000000 17.47434425 47.00000000
v 22.00000000 18.00000000 47.12311172
v 22.00000000 19.00000000 15.64712620
v 22.00000000 19.00000000 47.27537537
v 22.00000000 20.00000000 15.64339733
v 22.00000000 20.00000000 47.32410812
v 22.00000000 21.00000000 15.69437790
v 22.00000000 21.00000000 47.33673859
v 22.00000000 22.00000000 15.73878193
v 22.00000000 22.00000000 47.31189346
v 22.00000000 23.00000000 15.74576664
v 22.00000000 23.00000000 47.30148697
v 22.00000000 24.00000000 15.74567890
v 22.00000000 24.00000000 47.30450058
v 22.00000000 25.00000000 15.76018810
v 22.00000000 25.00000000 47.31174850
v 22.00000000 26.00000000 15.77784729
v 22.00000000 26.00000000 47.31944656
v 22.00000000 27.00000000 15.77802467
v 22.00000000 27.00000000 47.30240250
v 22.00000000 28.00000000 15.77491188
v 22.00000000 28.00000000 47.26256943
v 22.00000000 29.00000000 15.77140331
v 22.00000000 29.00000000 47.21259689
v 22.00000000 30.00000000 15.78367138
v 22.00000000 30.00000000 47.16417694
v 22.00000000 31.00000000 15.79434490
v 22.00000000 31.00000000 47.12591171
v 22.00000000 32.00000000 15.81004047
v 22.00000000 32.00000000 47.09318161
v 22.00000000 33.00000000 15.84104156
v 22.00000000 33.00000000 47.07905579
v 22.00000000 34.00000000 15.83714008
v 22.00000000 34.00000000 47.07714081
v 22.00000000 35.00000000 15.82208633
v 22.00000000 35.00000000 47.09363174
v 22.00000000 36.00000000 15.80909634
v 22.00000000 36.00000000 47.11578751
v 22.00000000 37.00000000 15.79899979
v 22.00000000 37.00000000 47.14390182
v 22.00000000 38.00000000 15.77984619
v 22.00000000 38.00000000 47.18734360
v 22.00000000 39.00000000 15.76245403
v 22.00000000 39.00000000 47.20898438
v 22.00000000 40.00000000 15.74419975
v 22.00000000 40.00000000 47.22993088
v 22.00000000 41.00000000 15.71891594
v 22.00000000 41.00000000 47.30509186
v 22.00000000 42.00000000 15.65553951
v 22.00000000 42.00000000 47.36853790
v 22.00000000 43.00000000 15.62463665
v 22.00000000 43.00000000 47.37904739
v 22.00000000 44.00000000 15.66266823
v 22.00000000 44.00000000 47.32484436
v 22.00000000 45.00000000 15.87511349
v 22.00000000 45.00000000 47.21886826
v 22.00000000 45.34803391 16.00000000
v 22.00000000 46.00000000 16.32448578
v 22.00000000 46.00000000 47.03906250
v 22.00000000 46.77418518 17.00000000
v 22.00000000 47.00000000 17.52566147
v 22.00000000 47.00000000 45.51179123
v 22.00000000 46.84406281 46.00000000
v 22.00000000 46.07366180 47.00000000
v 22.00000000 47.12717056 18.00000000
v 22.00000000 47.26060867 19.00000000
v 22.00000000 47.36626816 20.00000000
v 22.00000000 47.45850372 21.00000000
v 22.00000000 47.49063110 22.00000000
v 22.00000000 47.48564529 23.00000000
v 22.00000000 47.46623611 24.00000000
v 22.00000000 47.42847443 25.00000000
v 22.00000000 47.36954498 26.00000000
v 22.00000000 47.31508255 27.00000000
v 22.00000000 47.28312302 28.00000000
v 22.00000000 47.24300003 29.00000000
v 22.00000000 47.19848633 30.00000000
v 22.00000000 47.15172195 31.00000000
v 22.00000000 47.10494232 32.00000000
v 22.00000000 47.09494400 33.00000000
v 22.00000000 47.15075684 34.00000000
v 22.00000000 47.16237259 35.00000000
v 22.00000000 47.18084717 36.00000000
v 22.00000000 47.18819046 37.00000000
v 22.00000000 47.21769333 38.00000000
v 22.00000000 47.25577927 39.00000000
v 22.00000000 47.29238510 40.00000000
v 22.00000000 47.32121277 41.00000000
v 22.00000000 47.29930115 42.00000000
v 22.00000000 47.26094055 43.00000000
v 22.00000000 47.22531509 44.00000000
v 22.00000000 47.11553192 45.00000000
v 23.00000000 15.96964645 17.00000000
v 23.00000000 16.00000000 16.94434547
v 23.00000000 15.79309845 18.00000000
v 23.00000000 15.69650936 19.00000000
v 23.00000000 15.65019894 20.00000000
v 23.00000000 15.65897751 21.00000000
v 23.00000000 15.69356251 22.00000000
v 23.00000000 15.74924088 23.00000000
v 23.00000000 15.81082726 24.00000000
v 23.00000000 15.86993504 25.00000000
v 23.00000000 15.90270042 26.00000000
v 23.00000000 15.92819214 27.00000000
v 23.00000000 15.92337322 28.00000000
v 23.00000000 15.90920925 29.00000000
v 23.00000000 15.88171864 30.00000000
v 23.00000000 15.84890366 31.00000000
v 23.00000000 15.81876373 32.00000000
v 23.00000000 15.80483723 33.00000000
v 23.00000000 15.77925205 34.00000000
v 23.00000000 15.74522877 35.00000000
v 23.00000000 15.70704079 36.00000000
v 23.00000000 15.68450451 37.00000000
v 23.00000000 15.67616558 38.00000000
v 23.00000000 15.67647362 39.00000000
v 23.00000000 15.66912460 40.00000000
v 23.00000000 15.63744259 41.00000000
v 23.00000000 15.60752583 42.00000000
v 23.00000000 15.60923862 43.00000000
v 23.00000000 15.62957954 44.00000000
v 23.00000000 15.68978500 45.00000000
v 23.00000000 15.89826965 46.00000000
v 23.00000000 16.00000000 46.13900757
v 22.66004181 17.00000000 16.00000000
v 23.00000000 17.00000000 16.01821899
v 23.00000000 17.00000000 46.77058792
v 23.00000000 17.05054855 16.00000000
v 23.00000000 18.00000000 15.77058983
v 23.00000000 17.89279175 47.00000000
v 23.00000000 18.00000000 47.02221680
v 23.00000000 19.00000000 15.68443108
v 23.00000000 19.00000000 47.16887283
v 23.00000000 20.00000000 15.63837051
v 23.00000000 20.00000000 47.27423477
v 23.00000000 21.00000000 15.65832138
v 23.00000000 21.00000000 47.31352997
v 23.00000000 22.00000000 15.72279644
v 23.00000000 22.00000000 47.30539322
v 23.00000000 23.00000000 15.77455902
v 23.00000000 23.00000000 47.28910065
v 23.00000000 24.00000000 15.79843140
v 23.00000000 24.00000000 47.28643036
v 23.00000000 25.00000000 15.79970551
v 23.00000000 25.00000000 47.30988693
v 23.00000000 26.00000000 15.81447506
v 23.00000000 26.00000000 47.31512070
v 23.00000000 27.00000000 15.81892109
v 23.00000000 27.00000000 47.29081726
v 23.00000000 28.00000000 15.81713295
v 23.00000000 28.00000000 47.23478699
v 23.00000000 29.00000000 15.82128239
v 23.00000000 29.00000000 47.17401505
v 23.00000000 30.00000000 15.82277489
v 23.00000000 30.00000000 47.12383270
v 23.00000000 31.00000000 15.82727528
v 23.00000000 31.00000000 47.08834076
v 23.00000000 32.00000000 15.84675026
v 23.00000000 32.00000000 47.05942917
v 23.00000000 33.00000000 15.87121868
v 23.00000000 33.00000000 47.05303955
v 23.00000000 34.00000000 15.87778091
v 23.00000000 34.00000000 47.06591415
v 23.00000000 35.00000000 15.85960293
v 23.00000000 35.00000000 47.08758163
v 23.00000000 36.00000000 15.82131863
v 23.00000000 36.00000000 47.10562515
v 23.00000000 37.00000000 15.80132580
v 23.00000000 37.00000000 47.12553406
v 23.00000000 38.00000000 15.79114246
v 23.00000000 38.00000000 47.15896606
v 23.00000000 39.00000000 15.79153442
v 23.00000000 39.00000000 47.19842529
v 23.00000000 40.00000000 15.79626942
v 23.00000000 40.00000000 47.20933914
v 23.00000000 41.00000000 15.78928280
v 23.00000000 41.00000000 47.23472595
v 23.00000000 42.00000000 15.71358395
v 23.00000000 42.00000000 47.28521729
v 23.00000000 43.00000000 15.67422771
v 23.00000000 43.00000000 47.30739594
v 23.00000000 44.00000000 15.74452591
v 23.00000000 44.00000000 47.24776840
v 23.00000000 45.00000000 15.94198990
v 23.00000000 45.00000000 47.12736893
v 23.00000000 45.18718719 16.00000000
v 23.00000000 46.00000000 16.32967567
v 22.45486259 46.00000000 47.00000000
v 23.00000000 46.00000000 46.91942215
v 23.00000000 45.72732925 47.00000000
v 23.00000000 46.77189255 17.00000000
v 23.00000000 47.00000000 17.52989578
v 23.00000000 47.00000000 45.33297348
v 23.00000000 46.82694244 46.00000000
v 23.00000000 47.13238907 18.00000000
v 23.00000000 47.25462723 19.00000000
v 23.00000000 47.33561325 20.00000000
v 23.00000000 47.40734482 21.00000000
v 23.00000000 47.46945953 22.00000000
v 23.00000000 47.48252106 23.00000000
v 23.00000000 47.45294189 24.00000000
v 23.00000000 47.40118790 25.00000000
v 23.00000000 47.34372330 26.00000000
v 23.00000000 47.29560471 27.00000000
v 23.00000000 47.25505066 28.00000000
v 23.00000000 47.23121643 29.00000000
v 23.00000000 47.18975067 30.00000000
v 23.00000000 47.13206100 31.00000000
v 23.00000000 47.09132385 32.00000000
v 23.00000000 47.09579086 33.00000000
v 23.00000000 47.11539841 34.00000000
v 23.00000000 47.14150238 35.00000000
v 23.00000000 47.16502762 36.00000000
v 23.00000000 47.15185165 37.00000000
v 23.00000000 47.14183807 38.00000000
v 23.00000000 47.17258453 39.00000000
v 23.00000000 47.20647049 40.00000000
v 23.00000000 47.23442078 41.00000000
v 23.00000000 47.21244049 42.00000000
v 23.00000000 47.18344116 43.00000000
v 23.00000000 47.14092636 44.00000000
v 23.00000000 47.05795288 45.00000000
v 24.00000000 15.91460705 17.00000000
v 24.00000000 16.00000000 16.85120392
v 24.00000000 15.71789169 18.00000000
v 24.00000000 15.63304234 19.00000000
v 24.00000000 15.62175179 20.00000000
v 24.00000000 15.64352989 21.00000000
v 24.00000000 15.70013428 22.00000000
v 24.00000000 15.76630497 23.00000000
v 24.00000000 15.82672405 24.00000000
v 24.00000000 15.86550903 25.00000000
v 24.00000000 15.88185120 26.00000000
v 24.00000000 15.91317368 27.00000000
v 24.00000000 15.91748428 28.00000000
v 24.00000000 15.90206051 29.00000000
v 24.00000000 15.88701439 30.00000000
v 24.00000000 15.85279751 31.00000000
v 24.00000000 15.82057858 32.00000000
v 24.00000000 15.79633617 33.00000000
v 24.00000000 15.76934433 34.00000000
v 24.00000000 15.75491428 35.00000000
v 24.00000000 15.73551846 36.00000000
v 24.00000000 15.72318649 37.00000000
v 24.00000000 15.71253681 38.00000000
v 24.00000000 15.70885181 39.00000000
v 24.00000000 15.69187641 40.00000000
v 24.00000000 15.66268063 41.00000000
v 24.00000000 15.62938023 42.00000000
v 24.00000000 15.62545586 43.00000000
v 24.00000000 15.64327717 44.00000000
v 24.00000000 15.72104454 45.00000000
v 24.00000000 15.95883465 46.00000000
v 24.00000000 16.00000000 46.05931091
v 24.00000000 17.00000000 16.00840950
v 24.00000000 17.00000000 46.72176361
v 24.00000000 17.02576065 16.00000000
v 24.00000000 18.00000000 15.77188683
v 23.26569748 18.00000000 47.00000000
v 24.00000000 18.00000000 46.93361664
v 24.00000000 19.00000000 15.71077824
v 24.00000000 18.46243286 47.00000000
v 24.00000000 19.00000000 47.07244110
v 24.00000000 20.00000000 15.66915989
v 24.00000000 20.00000000 47.18757629
v 24.00000000 21.00000000 15.65845203
v 24.00000000 21.00000000 47.25424194
v 24.00000000 22.00000000 15.71000481
v 24.00000000 22.00000000 47.27502441
v 24.00000000 23.00000000 15.79817963
v 24.00000000 23.00000000 47.27532196
v 24.00000000 24.00000000 15.86411190
v 24.00000000 24.00000000 47.26399994
v 24.00000000 25.00000000 15.86853218
v 24.00000000 25.00000000 47.26938248
v 24.00000000 26.00000000 15.84738541
v 24.00000000 26.00000000 47.27547455
v 24.00000000 27.00000000 15.83743858
v 24.00000000 27.00000000 47.24634552
v 24.00000000 28.00000000 15.84727764
v 24.00000000 28.00000000 47.20073318
v 24.00000000 29.00000000 15.85860538
v 24.00000000 29.00000000 47.14479828
v 24.00000000 30.00000000 15.87374783
v 24.00000000 30.00000000 47.08742523
v 24.00000000 31.00000000 15.87557793
v 24.00000000 31.00000000 47.05056000
v 24.00000000 32.00000000 15.88220119
v 24.00000000 32.00000000 47.03506851
v 24.00000000 33.00000000 15.89529514
v 24.00000000 33.00000000 47.04681015
v 24.00000000 34.00000000 15.90790176
v 24.00000000 34.00000000 47.07748795
v 24.00000000 35.00000000 15.88773823
v 24.00000000 35.00000000 47.09521484
v 24.00000000 36.00000000 15.85162640
v 24.00000000 36.00000000 47.10931396
v 24.00000000 37.00000000 15.81596661
v 24.00000000 37.00000000 47.12788010
v 24.00000000 38.00000000 15.81586933
v 24.00000000 38.00000000 47.15168762
v 24.00000000 39.00000000 15.83731937
v 24.00000000 39.00000000 47.16608429
v 24.00000000 40.00000000 15.84263039
v 24.00000000 40.00000000 47.16746902
v 24.00000000 41.00000000 15.83724880
v 24.00000000 41.00000000 47.20285416
v 24.00000000 42.00000000 15.77746201
v 24.00000000 42.00000000 47.23188782
v 24.00000000 43.00000000 15.76411152
v 24.00000000 43.00000000 47.24988937
v 24.00000000 44.00000000 15.82500267
v 24.00000000 44.00000000 47.23455811
v 24.00000000 45.00000000 15.93020630
v 24.00000000 45.00000000 47.14430237
v 24.00000000 45.24505234 16.00000000
v 24.00000000 46.00000000 16.29160500
v 24.00000000 46.00000000 46.91485977
v 24.00000000 45.73538208 47.00000000
v 24.00000000 46.82719803 17.00000000
v 24.00000000 47.00000000 17.39350128
v 24.00000000 47.00000000 45.42053223
v 24.00000000 46.88042068 46.00000000
v 24.00000000 47.17529297 18.00000000
v 24.00000000 47.28329468 19.00000000
v 24.00000000 47.35519791 20.00000000
v 24.00000000 47.40275192 21.00000000
v 24.00000000 47.43866730 22.00000000
v 24.00000000 47.44051743 23.00000000
v 24.00000000 47.40005493 24.00000000
v 24.00000000 47.37578201 25.00000000
v 24.00000000 47.33766937 26.00000000
v 24.00000000 47.28911591 27.00000000
v 24.00000000 47.24808884 28.00000000
v 24.00000000 47.22027588 29.00000000
v 24.00000000 47.19030762 30.00000000
v 24.00000000 47.14268112 31.00000000
v 24.00000000 47.10490417 32.00000000
v 24.00000000 47.09284210 33.00000000
v 24.00000000 47.09934235 34.00000000
v 24.00000000 47.12527466 35.00000000
v 24.00000000 47.15157700 36.00000000
v 24.00000000 47.17210770 37.00000000
v 24.00000000 47.15633011 38.00000000
v 24.00000000 47.17108917 39.00000000
v 24.00000000 47.19054413 40.00000000
v 24.00000000 47.19643784 41.00000000
v 24.00000000 47.19987869 42.00000000
v 24.00000000 47.18589020 43.00000000
v 24.00000000 47.13169479 44.00000000
v 24.00000000 47.05672455 45.00000000
v 25.00000000 15.85298347 17.00000000
v 25.00000000 16.00000000 16.76750755
v 25.00000000 15.63762379 18.00000000
v 25.00000000 15.60109520 19.00000000
v 25.00000000 15.61406040 20.00000000
v 25.00000000 15.65955639 21.00000000
v 25.00000000 15.72633839 22.00000000
v 25.00000000 15.78682995 23.00000000
v 25.00000000 15.82719994 24.00000000
v 25.00000000 15.85685825 25.00000000
v 25.00000000 15.85712528 26.00000000
v 25.00000000 15.88479042 27.00000000
v 25.00000000 15.88313961 28.00000000
v 25.00000000 15.88345909 29.00000000
v 25.00000000 15.88468456 30.00000000
v 25.00000000 15.85480595 31.00000000
v 25.00000000 15.81516075 32.00000000
v 25.00000000 15.78100777 33.00000000
v 25.00000000 15.76068401 34.00000000
v 25.00000000 15.75729370 35.00000000
v 25.00000000 15.74810886 36.00000000
v 25.00000000 15.73672867 37.00000000
v 25.00000000 15.72883987 38.00000000
v 25.00000000 15.71600914 39.00000000
v 25.00000000 15.69055843 40.00000000
v 25.00000000 15.66223907 41.00000000
v 25.00000000 15.64975548 42.00000000
v 25.00000000 15.63975716 43.00000000
v 25.00000000 15.64824581 44.00000000
v 25.00000000 15.73107052 45.00000000
v 25.00000000 15.97967720 46.00000000
v 25.00000000 16.00000000 46.03021240
v 25.00000000 17.00000000 16.00385666
v 25.00000000 17.00000000 46.74695206
v 25.00000000 17.01216507 16.00000000
v 25.00000000 18.00000000 15.76352787
v 25.00000000 18.00000000 46.94165039
v 25.00000000 19.00000000 15.69756222
v 25.00000000 18.55835342 47.00000000
v 25.00000000 19.00000000 47.04169464
v 25.00000000 20.00000000 15.68777370
v 25.00000000 20.00000000 47.12343979
v 25.00000000 21.00000000 15.69973946
v 25.00000000 21.00000000 47.17776108
v 25.00000000 22.00000000 15.73370838
v 25.00000000 22.00000000 47.22859955
v 25.00000000 23.00000000 15.81299019
v 25.00000000 23.00000000 47.25782013
v 25.00000000 24.00000000 15.90081882
v 25.00000000 24.00000000 47.25118256
v 25.00000000 25.00000000 15.93073750
v 25.00000000 25.00000000 47.22023392
v 25.00000000 26.00000000 15.90726566
v 25.00000000 26.00000000 47.20515442
v 25.00000000 27.00000000 15.87707996
v 25.00000000 27.00000000 47.20032501
v 25.00000000 28.00000000 15.86577034
v 25.00000000 28.00000000 47.17890930
v 25.00000000 29.00000000 15.87747765
v 25.00000000 29.00000000 47.13488388
v 25.00000000 30.00000000 15.90041542
v 25.00000000 30.00000000 47.07512283
v 25.00000000 31.00000000 15.91086578
v 25.00000000 31.00000000 47.03731537
v 25.00000000 32.00000000 15.89642048
v 25.00000000 32.00000000 47.03049850
v 25.00000000 33.00000000 15.90171432
v 25.00000000 33.00000000 47.04765701
v 25.00000000 34.00000000 15.90910244
v 25.00000000 34.00000000 47.07229996
v 25.00000000 35.00000000 15.89216614
v 25.00000000 35.00000000 47.08934402
v 25.00000000 36.00000000 15.86539745
v 25.00000000 36.00000000 47.11967087
v 25.00000000 37.00000000 15.84687805
v 25.00000000 37.00000000 47.12504959
v 25.00000000 38.00000000 15.86407471
v 25.00000000 38.00000000 47.12115860
v 25.00000000 39.00000000 15.87368202
v 25.00000000 39.00000000 47.11235428
v 25.00000000 40.00000000 15.88052845
v 25.00000000 40.00000000 47.14091110
v 25.00000000 41.00000000 15.85950279
v 25.00000000 41.00000000 47.18385696
v 25.00000000 42.00000000 15.83123016
v 25.00000000 42.00000000 47.21392059
v 25.00000000 43.00000000 15.83588314
v 25.00000000 43.00000000 47.22580719
v 25.00000000 44.00000000 15.84924793
v 25.00000000 44.00000000 47.21754837
v 25.00000000 45.00000000 15.93255901
v 25.00000000 45.00000000 47.14283371
v 25.00000000 45.26035309 16.00000000
v 25.00000000 46.00000000 16.24688530
v 25.00000000 46.00000000 46.92389679
v 25.00000000 45.73851395 47.00000000
v 25.00000000 46.89530182 17.00000000
v 25.00000000 47.00000000 17.26775742
v 25.00000000 47.00000000 45.42104721
v 25.00000000 46.90304947 46.00000000
v 25.00000000 47.19075394 18.00000000
v 25.00000000 47.30432510 19.00000000
v 25.00000000 47.37069702 20.00000000
v 25.00000000 47.38551712 21.00000000
v 25.00000000 47.37171173 22.00000000
v 25.00000000 47.36041641 23.00000000
v 25.00000000 47.33954239 24.00000000
v 25.00000000 47.33122253 25.00000000
v 25.00000000 47.31945801 26.00000000
v 25.00000000 47.28023529 27.00000000
v 25.00000000 47.23779678 28.00000000
v 25.00000000 47.21276474 29.00000000
v 25.00000000 47.18339539 30.00000000
v 25.00000000 47.15762329 31.00000000
v 25.00000000 47.10689545 32.00000000
v 25.00000000 47.08721542 33.00000000
v 25.00000000 47.09365845 34.00000000
v 25.00000000 47.11919785 35.00000000
v 25.00000000 47.15222168 36.00000000
v 25.00000000 47.17879105 37.00000000
v 25.00000000 47.18408203 38.00000000
v 25.00000000 47.17329788 39.00000000
v 25.00000000 47.16006851 40.00000000
v 25.00000000 47.15713882 41.00000000
v 25.00000000 47.16081238 42.00000000
v 25.00000000 47.16325760 43.00000000
v 25.00000000 47.11890030 44.00000000
v 25.00000000 47.04875946 45.00000000
v 26.00000000 15.82690430 17.00000000
v 26.00000000 16.00000000 16.74950027
v 26.00000000 15.59492683 18.00000000
v 26.00000000 15.58970547 19.00000000
v 26.00000000 15.62006664 20.00000000
v 26.00000000 15.67317009 21.00000000
v 26.00000000 15.75051212 22.00000000
v 26.00000000 15.81288719 23.00000000
v 26.00000000 15.83739376 24.00000000
v 26.00000000 15.84570599 25.00000000
v 26.00000000 15.86515903 26.00000000
v 26.00000000 15.86726570 27.00000000
v 26.00000000 15.86349964 28.00000000
v 26.00000000 15.86620903 29.00000000
v 26.00000000 15.87047672 30.00000000
v 26.00000000 15.86791420 31.00000000
v 26.00000000 15.82669353 32.00000000
v 26.00000000 15.79463482 33.00000000
v 26.00000000 15.77731800 34.00000000
v 26.00000000 15.77169991 35.00000000
v 26.00000000 15.76551914 36.00000000
v 26.00000000 15.75731659 37.00000000
v 26.00000000 15.75528145 38.00000000
v 26.00000000 15.73480606 39.00000000
v 26.00000000 15.70649433 40.00000000
v 26.00000000 15.68095779 41.00000000
v 26.00000000 15.66181469 42.00000000
v 26.00000000 15.64055634 43.00000000
v 26.00000000 15.65270901 44.00000000
v 26.00000000 15.76046658 45.00000000
v 25.32205391 16.00000000 46.00000000
v 26.00000000 16.00000000 45.86818695
v 26.00000000 17.00000000 16.03338051
v 26.00000000 16.05306816 46.00000000
v 26.00000000 17.00000000 46.76243973
v 26.00000000 17.11165428 16.00000000
v 26.00000000 18.00000000 15.78872871
v 26.00000000 18.00000000 46.96228409
v 26.00000000 19.00000000 15.70001888
v 26.00000000 18.31907272 47.00000000
v 26.00000000 19.00000000 47.07239532
v 26.00000000 20.00000000 15.70207977
v 26.00000000 20.00000000 47.13700867
v 26.00000000 21.00000000 15.73079586
v 26.00000000 21.00000000 47.17226410
v 26.00000000 22.00000000 15.77894020
v 26.00000000 22.00000000 47.19956589
v 26.00000000 23.00000000 15.84006500
v 26.00000000 23.00000000 47.23493958
v 26.00000000 24.00000000 15.90383530
v 26.00000000 24.00000000 47.24093628
v 26.00000000 25.00000000 15.95540810
v 26.00000000 25.00000000 47.20434189
v 26.00000000 26.00000000 15.95410347
v 26.00000000 26.00000000 47.17613602
v 26.00000000 27.00000000 15.92923546
v 26.00000000 27.00000000 47.16298676
v 26.00000000 28.00000000 15.90248585
v 26.00000000 28.00000000 47.15304947
v 26.00000000 29.00000000 15.89209843
v 26.00000000 29.00000000 47.12477112
v 26.00000000 30.00000000 15.91450310
v 26.00000000 30.00000000 47.08493805
v 26.00000000 31.00000000 15.92052364
v 26.00000000 31.00000000 47.03985977
v 26.00000000 32.00000000 15.91287994
v 26.00000000 32.00000000 47.02105713
v 26.00000000 33.00000000 15.88312817
v 26.00000000 33.00000000 47.04485321
v 26.00000000 34.00000000 15.87592030
v 26.00000000 34.00000000 47.06698227
v 26.00000000 35.00000000 15.87744713
v 26.00000000 35.00000000 47.09211349
v 26.00000000 36.00000000 15.87672520
v 26.00000000 36.00000000 47.10356903
v 26.00000000 37.00000000 15.89346218
v 26.00000000 37.00000000 47.11381149
v 26.00000000 38.00000000 15.90551758
v 26.00000000 38.00000000 47.12195206
v 26.00000000 39.00000000 15.88605309
v 26.00000000 39.00000000 47.11664963
v 26.00000000 40.00000000 15.86513424
v 26.00000000 40.00000000 47.16189575
v 26.00000000 41.00000000 15.85193348
v 26.00000000 41.00000000 47.18701935
v 26.00000000 42.00000000 15.86422634
v 26.00000000 42.00000000 47.21442032
v 26.00000000 43.00000000 15.84993839
v 26.00000000 43.00000000 47.22087479
v 26.00000000 44.00000000 15.85135841
v 26.00000000 44.00000000 47.19868851
v 26.00000000 45.00000000 15.95274448
v 26.00000000 45.00000000 47.15447617
v 26.00000000 45.22246170 16.00000000
v 26.00000000 46.00000000 16.20234489
v 26.00000000 46.00000000 46.94332504
v 26.00000000 45.79896545 47.00000000
v 26.00000000 46.99932480 17.00000000
v 26.00000000 47.00000000 17.00199509
v 26.00000000 47.00000000 45.69457245
v 26.00000000 46.95091629 46.00000000
v 26.00000000 47.20927048 18.00000000
v 26.00000000 47.31472015 19.00000000
v 26.00000000 47.35468292 20.00000000
v 26.00000000 47.33713531 21.00000000
v 26.00000000 47.30127716 22.00000000
v 26.00000000 47.27849197 23.00000000
v 26.00000000 47.27897263 24.00000000
v 26.00000000 47.28272629 25.00000000
v 26.00000000 47.28458786 26.00000000
v 26.00000000 47.25592804 27.00000000
v 26.00000000 47.22220993 28.00000000
v 26.00000000 47.18790817 29.00000000
v 26.00000000 47.17075729 30.00000000
v 26.00000000 47.11664581 31.00000000
v 26.00000000 47.09845352 32.00000000
v 26.00000000 47.08832932 33.00000000
v 26.00000000 47.09468079 34.00000000
v 26.00000000 47.12417603 35.00000000
v 26.00000000 47.16181946 36.00000000
v 26.00000000 47.18439102 37.00000000
v 26.00000000 47.18468857 38.00000000
v 26.00000000 47.16331100 39.00000000
v 26.00000000 47.15119171 40.00000000
v 26.00000000 47.13586044 41.00000000
v 26.00000000 47.11979294 42.00000000
v 26.00000000 47.12381744 43.00000000
v 26.00000000 47.11901855 44.00000000
v 26.00000000 47.07774353 45.00000000
v 27.00000000 15.83354282 17.00000000
v 27.00000000 16.00000000 16.78170013
v 27.00000000 15.58881378 18.00000000
v 27.00000000 15.57762527 19.00000000
v 27.00000000 15.62530231 20.00000000
v 27.00000000 15.68786240 21.00000000
v 27.00000000 15.77176571 22.00000000
v 27.00000000 15.82719040 23.00000000
v 27.00000000 15.84727478 24.00000000
v 27.00000000 15.87298965 25.00000000
v 27.00000000 15.88052464 26.00000000
v 27.00000000 15.86072063 27.00000000
v 27.00000000 15.84924889 28.00000000
v 27.00000000 15.85199165 29.00000000
v 27.00000000 15.84376431 30.00000000
v 27.00000000 15.85589981 31.00000000
v 27.00000000 15.85325336 32.00000000
v 27.00000000 15.83552647 33.00000000
v 27.00000000 15.80551529 34.00000000
v 27.00000000 15.79114246 35.00000000
v 27.00000000 15.79104996 36.00000000
v 27.00000000 15.79163551 37.00000000
v 27.00000000 15.78767776 38.00000000
v 27.00000000 15.76018906 39.00000000
v 27.00000000 15.73468685 40.00000000
v 27.00000000 15.70534515 41.00000000
v 27.00000000 15.65607834 42.00000000
v 27.00000000 15.62640381 43.00000000
v 27.00000000 15.66980457 44.00000000
v 27.00000000 15.79185677 45.00000000
v 27.00000000 16.00000000 45.73286057
v 27.00000000 17.00000000 16.07209015
v 27.00000000 16.10561562 46.00000000
v 27.00000000 17.00000000 46.78423309
v 27.00000000 17.25860977 16.00000000
v 27.00000000 18.00000000 15.83393478
v 27.00000000 18.00000000 46.99399567
v 27.00000000 19.00000000 15.73133373
v 27.00000000 18.04734421 47.00000000
v 27.00000000 19.00000000 47.10694122
v 27.00000000 20.00000000 15.71935272
v 27.00000000 20.00000000 47.17184830
v 27.00000000 21.00000000 15.75356674
v 27.00000000 21.00000000 47.22621918
v 27.00000000 22.00000000 15.80080509
v 27.00000000 22.00000000 47.23788452
v 27.00000000 23.00000000 15.85631847
v 27.00000000 23.00000000 47.22671127
v 27.00000000 24.00000000 15.89877701
v 27.00000000 24.00000000 47.19866180
v 27.00000000 25.00000000 15.94808006
v 27.00000000 25.00000000 47.18715668
v 27.00000000 26.00000000 15.97322369
v 27.00000000 26.00000000 47.16207504
v 27.00000000 27.00000000 15.96937180
v 27.00000000 27.00000000 47.14113235
v 27.00000000 28.00000000 15.95331764
v 27.00000000 28.00000000 47.12130356
v 27.00000000 29.00000000 15.93360806
v 27.00000000 29.00000000 47.11183548
v 27.00000000 30.00000000 15.91118050
v 27.00000000 30.00000000 47.08810425
v 27.00000000 31.00000000 15.91127205
v 27.00000000 31.00000000 47.04073334
v 27.00000000 32.00000000 15.91115856
v 27.00000000 32.00000000 47.03586960
v 27.00000000 33.00000000 15.88610077
v 27.00000000 33.00000000 47.06634903
v 27.00000000 34.00000000 15.84850883
v 27.00000000 34.00000000 47.07292175
v 27.00000000 35.00000000 15.84902763
v 27.00000000 35.00000000 47.06887817
v 27.00000000 36.00000000 15.89599991
v 27.00000000 36.00000000 47.10081100
v 27.00000000 37.00000000 15.92300606
v 27.00000000 37.00000000 47.12956238
v 27.00000000 38.00000000 15.92480183
v 27.00000000 38.00000000 47.14451218
v 27.00000000 39.00000000 15.89420128
v 27.00000000 39.00000000 47.15596390
v 27.00000000 40.00000000 15.85355282
v 27.00000000 40.00000000 47.15211868
v 27.00000000 41.00000000 15.84819984
v 27.00000000 41.00000000 47.18754959
v 27.00000000 42.00000000 15.82802868
v 27.00000000 42.00000000 47.21951675
v 27.00000000 43.00000000 15.80963898
v 27.00000000 43.00000000 47.22221756
v 27.00000000 44.00000000 15.85738564
v 27.00000000 44.00000000 47.20165634
v 27.00000000 45.00000000 15.95049095
v 27.00000000 45.00000000 47.15676880
v 27.00000000 45.24524689 16.00000000
v 27.00000000 46.00000000 16.18292046
v 27.00000000 46.00000000 46.94739151
v 27.00000000 45.80556488 47.00000000
v 26.00800896 47.00000000 17.00000000
v 27.00000000 47.00000000 16.90941429
v 27.00000000 47.00000000 45.87561798
v 27.00000000 46.97743225 46.00000000
v 27.00000000 47.05559921 17.00000000
v 27.00000000 47.21774292 18.00000000
v 27.00000000 47.27548981 19.00000000
v 27.00000000 47.28824234 20.00000000
v 27.00000000 47.26592255 21.00000000
v 27.00000000 47.23448563 22.00000000
v 27.00000000 47.21980667 23.00000000
v 27.00000000 47.21549988 24.00000000
v 27.00000000 47.22958374 25.00000000
v 27.00000000 47.24677277 26.00000000
v 27.00000000 47.22445679 27.00000000
v 27.00000000 47.19606400 28.00000000
v 27.00000000 47.16565323 29.00000000
v 27.00000000 47.11835098 30.00000000
v 27.00000000 47.08466721 31.00000000
v 27.00000000 47.07601166 32.00000000
v 27.00000000 47.06458664 33.00000000
v 27.00000000 47.09906006 34.00000000
v 27.00000000 47.12230682 35.00000000
v 27.00000000 47.15702820 36.00000000
v 27.00000000 47.18317413 37.00000000
v 27.00000000 47.17579269 38.00000000
v 27.00000000 47.14994812 39.00000000
v 27.00000000 47.12380981 40.00000000
v 27.00000000 47.12135696 41.00000000
v 27.00000000 47.10890198 42.00000000
v 27.00000000 47.12724304 43.00000000
v 27.00000000 47.15421677 44.00000000
v 27.00000000 47.11438370 45.00000000
v 28.00000000 15.85896683 17.00000000
v 28.00000000 16.00000000 16.81266785
v 28.00000000 15.61113834 18.00000000
v 28.00000000 15.59093857 19.00000000
v 28.00000000 15.62766552 20.00000000
v 28.00000000 15.69273949 21.00000000
v 28.00000000 15.78219223 22.00000000
v 28.00000000 15.84637833 23.00000000
v 28.00000000 15.86740112 24.00000000
v 28.00000000 15.90110302 25.00000000
v 28.00000000 15.91133308 26.00000000
v 28.00000000 15.86757374 27.00000000
v 28.00000000 15.83834839 28.00000000
v 28.00000000 15.82323742 29.00000000
v 28.00000000 15.81855583 30.00000000
v 28.00000000 15.85766602 31.00000000
v 28.00000000 15.88316059 32.00000000
v 28.00000000 15.87057304 33.00000000
v 28.00000000 15.85138798 34.00000000
v 28.00000000 15.82591915 35.00000000
v 28.00000000 15.82126045 36.00000000
v 28.00000000 15.83188534 37.00000000
v 28.00000000 15.83142376 38.00000000
v 28.00000000 15.79353237 39.00000000
v 28.00000000 15.75636292 40.00000000
v 28.00000000 15.69710255 41.00000000
v 28.00000000 15.64544392 42.00000000
v 28.00000000 15.63805389 43.00000000
v 28.00000000 15.68235970 44.00000000
v 28.00000000 15.80004883 45.00000000
v 28.00000000 16.00000000 45.70684814
v 28.00000000 17.00000000 16.09862900
v 28.00000000 16.12105560 46.00000000
v 28.00000000 17.00000000 46.80420685
v 28.00000000 17.38591766 16.00000000
v 28.00000000 18.00000000 15.87127304
v 28.00000000 17.70941162 47.00000000
v 27.08659935 18.00000000 47.00000000
v 28.00000000 18.00000000 47.05979538
v 28.00000000 19.00000000 15.77679825
v 28.00000000 19.00000000 47.13301849
v 28.00000000 20.00000000 15.74664116
v 28.00000000 20.00000000 47.20038605
v 28.00000000 21.00000000 15.77501774
v 28.00000000 21.00000000 47.26001740
v 28.00000000 22.00000000 15.82349014
v 28.00000000 22.00000000 47.26304626
v 28.00000000 23.00000000 15.87156773
v 28.00000000 23.00000000 47.22676086
v 28.00000000 24.00000000 15.90974808
v 28.00000000 24.00000000 47.17922211
v 28.00000000 25.00000000 15.93899345
v 28.00000000 25.00000000 47.15113068
v 28.00000000 26.00000000 15.96137142
v 28.00000000 26.00000000 47.15628052
v 28.00000000 27.00000000 15.96718979
v 28.00000000 27.00000000 47.14431763
v 28.00000000 28.00000000 15.97193241
v 28.00000000 28.00000000 47.11516953
v 28.00000000 29.00000000 15.96512032
v 28.00000000 29.00000000 47.09682083
v 28.00000000 30.00000000 15.93511677
v 28.00000000 30.00000000 47.07338333
v 28.00000000 31.00000000 15.91132736
v 28.00000000 31.00000000 47.04856873
v 28.00000000 32.00000000 15.90650654
v 28.00000000 32.00000000 47.04905319
v 28.00000000 33.00000000 15.87364769
v 28.00000000 33.00000000 47.04676437
v 28.00000000 34.00000000 15.83158588
v 28.00000000 34.00000000 47.04869080
v 28.00000000 35.00000000 15.84476185
v 28.00000000 35.00000000 47.06880569
v 28.00000000 36.00000000 15.89491940
v 28.00000000 36.00000000 47.10386276
v 28.00000000 37.00000000 15.93021965
v 28.00000000 37.00000000 47.14725876
v 28.00000000 38.00000000 15.92818165
v 28.00000000 38.00000000 47.16822433
v 28.00000000 39.00000000 15.88664341
v 28.00000000 39.00000000 47.17313385
v 28.00000000 40.00000000 15.86177158
v 28.00000000 40.00000000 47.17063904
v 28.00000000 41.00000000 15.82963467
v 28.00000000 41.00000000 47.19238281
v 28.00000000 42.00000000 15.79490662
v 28.00000000 42.00000000 47.21789169
v 28.00000000 43.00000000 15.79590034
v 28.00000000 43.00000000 47.22203827
v 28.00000000 44.00000000 15.86482143
v 28.00000000 44.00000000 47.20401001
v 28.00000000 45.00000000 15.95518494
v 28.00000000 45.00000000 47.15718460
v 28.00000000 45.23754883 16.00000000
v 28.00000000 46.00000000 16.16988945
v 28.00000000 46.00000000 46.94418335
v 28.00000000 45.78350830 47.00000000
v 28.00000000 47.00000000 16.90446854
v 27.66347504 47.00000000 46.00000000
v 28.00000000 47.00000000 46.01762009
v 28.00000000 47.05924606 17.00000000
v 28.00000000 47.21556854 18.00000000
v 28.00000000 47.21324921 19.00000000
v 28.00000000 47.19896698 20.00000000
v 28.00000000 47.18347549 21.00000000
v 28.00000000 47.17025375 22.00000000
v 28.00000000 47.16398621 23.00000000
v 28.00000000 47.16105270 24.00000000
v 28.00000000 47.15594101 25.00000000
v 28.00000000 47.19006729 26.00000000
v 28.00000000 47.19692993 27.00000000
v 28.00000000 47.18058395 28.00000000
v 28.00000000 47.11295700 29.00000000
v 28.00000000 47.05852509 30.00000000
v 28.00000000 47.04624557 31.00000000
v 28.00000000 47.04147339 32.00000000
v 28.00000000 47.04655457 33.00000000
v 28.00000000 47.06968307 34.00000000
v 28.00000000 47.11060715 35.00000000
v 28.00000000 47.15005112 36.00000000
v 28.00000000 47.16915512 37.00000000
v 28.00000000 47.16249847 38.00000000
v 28.00000000 47.14022827 39.00000000
v 28.00000000 47.09840012 40.00000000
v 28.00000000 47.08628082 41.00000000
v 28.00000000 47.11641312 42.00000000
v 28.00000000 47.16200638 43.00000000
v 28.00000000 47.18178177 44.00000000
v 28.00000000 47.15777588 45.00000000
v 28.00000000 47.00914001 46.00000000
v 29.00000000 15.90372086 17.00000000
v 29.00000000 16.00000000 16.86604691
v 29.00000000 15.62492180 18.00000000
v 29.00000000 15.60854816 19.00000000
v 29.00000000 15.64671516 20.00000000
v 29.00000000 15.72937012 21.00000000
v 29.00000000 15.79902840 22.00000000
v 29.00000000 15.85526276 23.00000000
v 29.00000000 15.88181019 24.00000000
v 29.00000000 15.90941048 25.00000000
v 29.00000000 15.93982029 26.00000000
v 29.00000000 15.88850689 27.00000000
v 29.00000000 15.84011173 28.00000000
v 29.00000000 15.79416943 29.00000000
v 29.00000000 15.82637882 30.00000000
v 29.00000000 15.85429287 31.00000000
v 29.00000000 15.88695908 32.00000000
v 29.00000000 15.90382767 33.00000000
v 29.00000000 15.89682007 34.00000000
v 29.00000000 15.87574768 35.00000000
v 29.00000000 15.87016296 36.00000000
v 29.00000000 15.87737370 37.00000000
v 29.00000000 15.86923790 38.00000000
v 29.00000000 15.83594704 39.00000000
v 29.00000000 15.75169182 40.00000000
v 29.00000000 15.68582630 41.00000000
v 29.00000000 15.65563774 42.00000000
v 29.00000000 15.66034698 43.00000000
v 29.00000000 15.70128345 44.00000000
v 29.00000000 15.81317806 45.00000000
v 29.00000000 16.00000000 45.66387558
v 29.00000000 17.00000000 16.12228012
v 29.00000000 16.13616753 46.00000000
v 29.00000000 17.00000000 46.80797577
v 29.00000000 17.50766182 16.00000000
v 29.00000000 18.00000000 15.90052605
v 29.00000000 17.59779930 47.00000000
v 29.00000000 18.00000000 47.09675217
v 29.00000000 19.00000000 15.80939293
v 29.00000000 19.00000000 47.18192673
v 29.00000000 20.00000000 15.79373264
v 29.00000000 20.00000000 47.21957016
v 29.00000000 21.00000000 15.78096485
v 29.00000000 21.00000000 47.25638199
v 29.00000000 22.00000000 15.83924770
v 29.00000000 22.00000000 47.25197983
v 29.00000000 23.00000000 15.89568806
v 29.00000000 23.00000000 47.20667648
v 29.00000000 24.00000000 15.92429256
v 29.00000000 24.00000000 47.16233826
v 29.00000000 25.00000000 15.94470119
v 29.00000000 25.00000000 47.13426971
v 29.00000000 26.00000000 15.94034386
v 29.00000000 26.00000000 47.14231873
v 29.00000000 27.00000000 15.95445251
v 29.00000000 27.00000000 47.15279388
v 29.00000000 28.00000000 15.94718361
v 29.00000000 28.00000000 47.13499069
v 29.00000000 29.00000000 15.93521881
v 29.00000000 29.00000000 47.10460281
v 29.00000000 30.00000000 15.91457939
v 29.00000000 30.00000000 47.06352997
v 29.00000000 31.00000000 15.88624763
v 29.00000000 31.00000000 47.02547836
v 29.00000000 32.00000000 15.85373020
v 29.00000000 32.00000000 47.04196167
v 29.00000000 33.00000000 15.84290791
v 29.00000000 33.00000000 47.04108810
v 29.00000000 34.00000000 15.86681461
v 29.00000000 34.00000000 47.05065155
v 29.00000000 35.00000000 15.87939739
v 29.00000000 35.00000000 47.07353210
v 29.00000000 36.00000000 15.89936352
v 29.00000000 36.00000000 47.10827637
v 29.00000000 37.00000000 15.91911411
v 29.00000000 37.00000000 47.15695572
v 29.00000000 38.00000000 15.91150475
v 29.00000000 38.00000000 47.18520737
v 29.00000000 39.00000000 15.90666866
v 29.00000000 39.00000000 47.18501663
v 29.00000000 40.00000000 15.86503410
v 29.00000000 40.00000000 47.19284439
v 29.00000000 41.00000000 15.81574821
v 29.00000000 41.00000000 47.19278717
v 29.00000000 42.00000000 15.78742981
v 29.00000000 42.00000000 47.22425842
v 29.00000000 43.00000000 15.79292870
v 29.00000000 43.00000000 47.23995590
v 29.00000000 44.00000000 15.86298847
v 29.00000000 44.00000000 47.22024918
v 29.00000000 45.00000000 15.96435452
v 29.00000000 45.00000000 47.16569901
v 29.00000000 45.21898651 16.00000000
v 29.00000000 46.00000000 16.14933205
v 29.00000000 46.00000000 46.94355774
v 29.00000000 45.78680038 47.00000000
v 29.00000000 47.00000000 16.93204498
v 28.84847069 47.00000000 31.00000000
v 29.00000000 47.00000000 30.43703651
v 29.00000000 46.99154282 31.00000000
v 29.00000000 46.99151230 32.00000000
v 28.83476448 47.00000000 32.00000000
v 29.00000000 47.00000000 32.44941711
v 29.00000000 47.00000000 46.04817200
v 29.00000000 47.04094315 17.00000000
v 29.00000000 47.16849136 18.00000000
v 29.00000000 47.16024017 19.00000000
v 29.00000000 47.12065506 20.00000000
v 29.00000000 47.10560226 21.00000000
v 29.00000000 47.09762955 22.00000000
v 29.00000000 47.09973907 23.00000000
v 29.00000000 47.10501480 24.00000000
v 29.00000000 47.09985733 25.00000000
v 29.00000000 47.12173843 26.00000000
v 29.00000000 47.15214157 27.00000000
v 29.00000000 47.13078308 28.00000000
v 29.00000000 47.07461166 29.00000000
v 29.00000000 47.00662613 30.00000000
v 29.00000000 47.01037216 33.00000000
v 29.00000000 47.03971481 34.00000000
v 29.00000000 47.08520126 35.00000000
v 29.00000000 47.11805344 36.00000000
v 29.00000000 47.14422226 37.00000000
v 29.00000000 47.14563370 38.00000000
v 29.00000000 47.12592697 39.00000000
v 29.00000000 47.08396912 40.00000000
v 29.00000000 47.07048798 41.00000000
v 29.00000000 47.11595917 42.00000000
v 29.00000000 47.17937851 43.00000000
v 29.00000000 47.20849228 44.00000000
v 29.00000000 47.17343903 45.00000000
v 29.00000000 47.02600479 46.00000000
v 30.00000000 15.93807125 17.00000000
v 30.00000000 16.00000000 16.90852737
v 30.00000000 15.65473747 18.00000000
v 30.00000000 15.62967014 19.00000000
v 30.00000000 15.68574619 20.00000000
v 30.00000000 15.76441288 21.00000000
v 30.00000000 15.83556366 22.00000000
v 30.00000000 15.87421703 23.00000000
v 30.00000000 15.87464428 24.00000000
v 30.00000000 15.89420319 25.00000000
v 30.00000000 15.92923737 26.00000000
v 30.00000000 15.90820026 27.00000000
v 30.00000000 15.86675262 28.00000000
v 30.00000000 15.83942890 29.00000000
v 30.00000000 15.82793617 30.00000000
v 30.00000000 15.84935856 31.00000000
v 30.00000000 15.87762547 32.00000000
v 30.00000000 15.91637135 33.00000000
v 30.00000000 15.92812824 34.00000000
v 30.00000000 15.92198086 35.00000000
v 30.00000000 15.92565441 36.00000000
v 30.00000000 15.94010925 37.00000000
v 30.00000000 15.91544533 38.00000000
v 30.00000000 15.83707809 39.00000000
v 30.00000000 15.75473976 40.00000000
v 30.00000000 15.68072796 41.00000000
v 30.00000000 15.67584801 42.00000000
v 30.00000000 15.69651222 43.00000000
v 30.00000000 15.73365879 44.00000000
v 30.00000000 15.81611633 45.00000000
v 30.00000000 16.00000000 45.64423752
v 30.00000000 17.00000000 16.15627480
v 30.00000000 16.14529800 46.00000000
v 30.00000000 17.00000000 46.82017136
v 30.00000000 17.66391563 16.00000000
v 30.00000000 18.00000000 15.93150616
v 30.00000000 17.58111572 47.00000000
v 30.00000000 18.00000000 47.09745789
v 30.00000000 19.00000000 15.83821297
v 30.00000000 19.00000000 47.19800949
v 30.00000000 20.00000000 15.80815506
v 30.00000000 20.00000000 47.24322510
v 30.00000000 21.00000000 15.81401539
v 30.00000000 21.00000000 47.22904205
v 30.00000000 22.00000000 15.84503651
v 30.00000000 22.00000000 47.20653152
v 30.00000000 23.00000000 15.89904881
v 30.00000000 23.00000000 47.17563248
v 30.00000000 24.00000000 15.92506123
v 30.00000000 24.00000000 47.15237045
v 30.00000000 25.00000000 15.92153549
v 30.00000000 25.00000000 47.16170502
v 30.00000000 26.00000000 15.91508389
v 30.00000000 26.00000000 47.15252304
v 30.00000000 27.00000000 15.91510773
v 30.00000000 27.00000000 47.15240860
v 30.00000000 28.00000000 15.91032124
v 30.00000000 28.00000000 47.15621567
v 30.00000000 29.00000000 15.89067554
v 30.00000000 29.00000000 47.10519028
v 30.00000000 30.00000000 15.87082195
v 30.00000000 30.00000000 47.05324554
v 30.00000000 31.00000000 15.84960842
v 30.00000000 31.00000000 47.02290726
v 30.00000000 32.00000000 15.84019661
v 30.00000000 32.00000000 47.02087402
v 30.00000000 33.00000000 15.85700607
v 30.00000000 33.00000000 47.05919266
v 30.00000000 34.00000000 15.89111519
v 30.00000000 34.00000000 47.07926941
v 30.00000000 35.00000000 15.91479015
v 30.00000000 35.00000000 47.09371567
v 30.00000000 36.00000000 15.93336391
v 30.00000000 36.00000000 47.12321472
v 30.00000000 37.00000000 15.91652107
v 30.00000000 37.00000000 47.16017532
v 30.00000000 38.00000000 15.89995575
v 30.00000000 38.00000000 47.18803024
v 30.00000000 39.00000000 15.89230919
v 30.00000000 39.00000000 47.20096207
v 30.00000000 40.00000000 15.86211872
v 30.00000000 40.00000000 47.20377350
v 30.00000000 41.00000000 15.82139874
v 30.00000000 41.00000000 47.19641113
v 30.00000000 42.00000000 15.80286407
v 30.00000000 42.00000000 47.22129440
v 30.00000000 43.00000000 15.79231548
v 30.00000000 43.00000000 47.23597717
v 30.00000000 44.00000000 15.87162209
v 30.00000000 44.00000000 47.21727371
v 30.00000000 45.00000000 15.98061275
v 30.00000000 45.00000000 47.16481781
v 30.00000000 45.13693619 16.00000000
v 30.00000000 46.00000000 16.13928795
v 30.00000000 46.00000000 46.94793320
v 30.00000000 45.79986572 47.00000000
v 30.00000000 46.96984100 17.00000000
v 29.63456345 47.00000000 17.00000000
v 30.00000000 47.00000000 17.16750336
v 30.00000000 47.00000000 30.52292824
v 30.00000000 46.97677231 31.00000000
v 30.00000000 46.95510101 32.00000000
v 30.00000000 46.97581100 33.00000000
v 29.29796410 47.00000000 33.00000000
v 30.00000000 47.00000000 33.46720123
v 30.00000000 47.00000000 46.07461548
v 30.00000000 47.10849762 18.00000000
v 30.00000000 47.12298584 19.00000000
v 30.00000000 47.10320282 20.00000000
v 30.00000000 47.07962418 21.00000000
v 30.00000000 47.06607056 22.00000000
v 30.00000000 47.07097626 23.00000000
v 30.00000000 47.09018707 24.00000000
v 30.00000000 47.10266113 25.00000000
v 30.00000000 47.11341858 26.00000000
v 30.00000000 47.11686325 27.00000000
v 30.00000000 47.08922577 28.00000000
v 30.00000000 47.05317688 29.00000000
v 30.00000000 47.02455521 30.00000000
v 30.00000000 47.02761078 34.00000000
v 30.00000000 47.05128098 35.00000000
v 30.00000000 47.07824707 36.00000000
v 30.00000000 47.10219574 37.00000000
v 30.00000000 47.12657547 38.00000000
v 30.00000000 47.11232376 39.00000000
v 30.00000000 47.08288574 40.00000000
v 30.00000000 47.08253860 41.00000000
v 30.00000000 47.11613846 42.00000000
v 30.00000000 47.17650986 43.00000000
v 30.00000000 47.21447372 44.00000000
v 30.00000000 47.17140961 45.00000000
v 30.00000000 47.04248810 46.00000000
v 31.00000000 15.97468853 17.00000000
v 31.00000000 16.00000000 16.95825958
v 31.00000000 15.71943188 18.00000000
v 31.00000000 15.66891766 19.00000000
v 31.00000000 15.72443008 20.00000000
v 31.00000000 15.79605484 21.00000000
v 31.00000000 15.85081100 22.00000000
v 31.00000000 15.88570595 23.00000000
v 31.00000000 15.88245106 24.00000000
v 31.00000000 15.88024235 25.00000000
v 31.00000000 15.89313221 26.00000000
v 31.00000000 15.92943382 27.00000000
v 31.00000000 15.93673229 28.00000000
v 31.00000000 15.91250229 29.00000000
v 31.00000000 15.88439941 30.00000000
v 31.00000000 15.86173820 31.00000000
v 31.00000000 15.88626385 32.00000000
v 31.00000000 15.92723370 33.00000000
v 31.00000000 15.95486927 34.00000000
v 31.00000000 15.96575546 35.00000000
v 31.00000000 15.97531033 36.00000000
v 31.00000000 15.98361492 37.00000000
v 31.00000000 15.93307781 38.00000000
v 31.00000000 15.83423233 39.00000000
v 31.00000000 15.73997116 40.00000000
v 31.00000000 15.71197319 41.00000000
v 31.00000000 15.71331120 42.00000000
v 31.00000000 15.73835850 43.00000000
v 31.00000000 15.76781940 44.00000000
v 31.00000000 15.82974815 45.00000000
v 31.00000000 16.00000000 45.63241959
v 31.00000000 17.00000000 16.14305687
v 31.00000000 16.15019226 46.00000000
v 31.00000000 17.00000000 46.80063629
v 31.00000000 17.62179565 16.00000000
v 31.00000000 18.00000000 15.92978954
v 31.00000000 17.61992645 47.00000000
v 31.00000000 18.00000000 47.09198380
v 31.00000000 19.00000000 15.85407543
v 31.00000000 19.00000000 47.18673325
v 31.00000000 20.00000000 15.81349373
v 31.00000000 20.00000000 47.21860123
v 31.00000000 21.00000000 15.84256172
v 31.00000000 21.00000000 47.22483063
v 31.00000000 22.00000000 15.87286091
v 31.00000000 22.00000000 47.20157242
v 31.00000000 23.00000000 15.89030266
v 31.00000000 23.00000000 47.19240570
v 31.00000000 24.00000000 15.91250038
v 31.00000000 24.00000000 47.18214798
v 31.00000000 25.00000000 15.91728020
v 31.00000000 25.00000000 47.16384888
v 31.00000000 26.00000000 15.89273739
v 31.00000000 26.00000000 47.14376450
v 31.00000000 27.00000000 15.87824631
v 31.00000000 27.00000000 47.13223648
v 31.00000000 28.00000000 15.87740898
v 31.00000000 28.00000000 47.12792587
v 31.00000000 29.00000000 15.85401249
v 31.00000000 29.00000000 47.11433029
v 31.00000000 30.00000000 15.84459114
v 31.00000000 30.00000000 47.06129074
v 31.00000000 31.00000000 15.85857487
v 31.00000000 31.00000000 47.00851822
v 31.00000000 32.00000000 15.88309097
v 31.00000000 32.00000000 47.01369095
v 31.00000000 33.00000000 15.89999676
v 31.00000000 33.00000000 47.04791260
v 31.00000000 34.00000000 15.91266823
v 31.00000000 34.00000000 47.09961319
v 31.00000000 35.00000000 15.92839050
v 31.00000000 35.00000000 47.13225937
v 31.00000000 36.00000000 15.94806671
v 31.00000000 36.00000000 47.14735794
v 31.00000000 37.00000000 15.92969513
v 31.00000000 37.00000000 47.16115189
v 31.00000000 38.00000000 15.89779758
v 31.00000000 38.00000000 47.18896866
v 31.00000000 39.00000000 15.86615753
v 31.00000000 39.00000000 47.20241928
v 31.00000000 40.00000000 15.85514927
v 31.00000000 40.00000000 47.20520401
v 31.00000000 41.00000000 15.84011650
v 31.00000000 41.00000000 47.20476151
v 31.00000000 42.00000000 15.81614876
v 31.00000000 42.00000000 47.20574188
v 31.00000000 43.00000000 15.81079578
v 31.00000000 43.00000000 47.21165085
v 31.00000000 44.00000000 15.86695957
v 31.00000000 44.00000000 47.20985413
v 31.00000000 45.00000000 15.96333981
v 31.00000000 45.00000000 47.17237091
v 31.00000000 45.24184799 16.00000000
v 31.00000000 46.00000000 16.13426781
v 31.00000000 46.00000000 46.93703079
v 31.00000000 45.78329086 47.00000000
v 31.00000000 46.96241760 17.00000000
v 31.00000000 47.00000000 17.24298668
v 31.00000000 47.00000000 30.37029076
v 31.00000000 46.98586273 31.00000000
v 31.00000000 46.96123123 32.00000000
v 31.00000000 46.96727753 33.00000000
v 31.00000000 47.00000000 33.75411224
v 31.00000000 47.00000000 46.04171753
v 31.00000000 47.08436966 18.00000000
v 31.00000000 47.10692596 19.00000000
v 31.00000000 47.10336685 20.00000000
v 31.00000000 47.07302856 21.00000000
v 31.00000000 47.07432938 22.00000000
v 31.00000000 47.09392929 23.00000000
v 31.00000000 47.09804535 24.00000000
v 31.00000000 47.07254410 25.00000000
v 31.00000000 47.07788849 26.00000000
v 31.00000000 47.05747604 27.00000000
v 31.00000000 47.04031372 28.00000000
v 31.00000000 47.02608490 29.00000000
v 31.00000000 47.00789261 30.00000000
v 31.00000000 47.01076508 34.00000000
v 31.00000000 47.05004883 35.00000000
v 31.00000000 47.06827927 36.00000000
v 31.00000000 47.08666992 37.00000000
v 31.00000000 47.09552002 38.00000000
v 31.00000000 47.09078598 39.00000000
v 31.00000000 47.09067917 40.00000000
v 31.00000000 47.08994675 41.00000000
v 31.00000000 47.12235260 42.00000000
v 31.00000000 47.17461777 43.00000000
v 31.00000000 47.19263840 44.00000000
v 31.00000000 47.16176224 45.00000000
v 31.00000000 47.02329636 46.00000000
v 31.71636963 16.00000000 17.00000000
v 32.00000000 16.00000000 17.03814507
v 32.00000000 15.78018188 18.00000000
v 32.00000000 15.72161484 19.00000000
v 32.00000000 15.75193787 20.00000000
v 32.00000000 15.80092049 21.00000000
v 32.00000000 15.84688091 22.00000000
v 32.00000000 15.88159466 23.00000000
v 32.00000000 15.90421200 24.00000000
v 32.00000000 15.89432335 25.00000000
v 32.00000000 15.90795135 26.00000000
v 32.00000000 15.94709969 27.00000000
v 32.00000000 15.98309326 28.00000000
v 32.00000000 15.98392296 29.00000000
v 32.00000000 15.96161842 30.00000000
v 32.00000000 15.93188667 31.00000000
v 32.00000000 15.93018913 32.00000000
v 32.00000000 15.95665932 33.00000000
v 32.00000000 15.98803997 34.00000000
v 31.74287796 16.00000000 35.00000000
v 32.00000000 16.00000000 34.50095367
v 31.59514236 16.00000000 36.00000000
v 32.00000000 16.00000000 36.43733978
v 32.00000000 15.97774792 37.00000000
v 32.00000000 15.91438293 38.00000000
v 32.00000000 15.83096600 39.00000000
v 32.00000000 15.77769375 40.00000000
v 32.00000000 15.75087929 41.00000000
v 32.00000000 15.76075649 42.00000000
v 32.00000000 15.78268433 43.00000000
v 32.00000000 15.81120872 44.00000000
v 32.00000000 15.86404514 45.00000000
v 32.00000000 16.00000000 45.54338074
v 32.00000000 16.01383972 17.00000000
v 32.00000000 17.00000000 16.13536263
v 32.00000000 16.01274872 35.00000000
v 32.00000000 16.01728249 36.00000000
v 32.00000000 16.17848969 46.00000000
v 32.00000000 17.00000000 46.79020309
v 32.00000000 17.58970070 16.00000000
v 32.00000000 18.00000000 15.92428398
v 32.00000000 17.63903809 47.00000000
v 32.00000000 18.00000000 47.08373260
v 32.00000000 19.00000000 15.86405468
v 32.00000000 19.00000000 47.17403793
v 32.00000000 20.00000000 15.85409164
v 32.00000000 20.00000000 47.19954300
v 32.00000000 21.00000000 15.86435699
v 32.00000000 21.00000000 47.21434402
v 32.00000000 22.00000000 15.89125538
v 32.00000000 22.00000000 47.23892975
v 32.00000000 23.00000000 15.91911888
v 32.00000000 23.00000000 47.23587799
v 32.00000000 24.00000000 15.90742970
v 32.00000000 24.00000000 47.20143509
v 32.00000000 25.00000000 15.90502644
v 32.00000000 25.00000000 47.13152313
v 32.00000000 26.00000000 15.88127995
v 32.00000000 26.00000000 47.11566544
v 32.00000000 27.00000000 15.86467838
v 32.00000000 27.00000000 47.10905838
v 32.00000000 28.00000000 15.85940838
v 32.00000000 28.00000000 47.09492493
v 32.00000000 29.00000000 15.85479927
v 32.00000000 29.00000000 47.08918762
v 32.00000000 30.00000000 15.86112404
v 32.00000000 30.00000000 47.05327606
v 32.00000000 31.00000000 15.90274239
v 32.00000000 31.00000000 47.02377319
v 32.00000000 32.00000000 15.92759514
v 32.00000000 32.00000000 47.02310562
v 32.00000000 33.00000000 15.94333553
v 32.00000000 33.00000000 47.04077148
v 32.00000000 34.00000000 15.96024990
v 32.00000000 34.00000000 47.09357452
v 32.00000000 35.00000000 15.96442509
v 32.00000000 35.00000000 47.14183426
v 32.00000000 36.00000000 15.94987774
v 32.00000000 36.00000000 47.14747238
v 32.00000000 37.00000000 15.92972565
v 32.00000000 37.00000000 47.16257858
v 32.00000000 38.00000000 15.89853001
v 32.00000000 38.00000000 47.18332672
v 32.00000000 39.00000000 15.87166882
v 32.00000000 39.00000000 47.18995285
v 32.00000000 40.00000000 15.84796238
v 32.00000000 40.00000000 47.19710159
v 32.00000000 41.00000000 15.82704735
v 32.00000000 41.00000000 47.20660019
v 32.00000000 42.00000000 15.78810310
v 32.00000000 42.00000000 47.19047165
v 32.00000000 43.00000000 15.77929688
v 32.00000000 43.00000000 47.17016983
v 32.00000000 44.00000000 15.82802963
v 32.00000000 44.00000000 47.19524384
v 32.00000000 45.00000000 15.92340088
v 32.00000000 45.00000000 47.15856552
v 32.00000000 45.38241959 16.00000000
v 32.00000000 46.00000000 16.14933014
v 32.00000000 46.00000000 46.89195633
v 32.00000000 45.65788269 47.00000000
v 32.00000000 46.92311096 17.00000000
v 32.00000000 47.00000000 17.50927353
v 31.99243927 47.00000000 26.00000000
v 32.00000000 47.00000000 25.98638153
v 32.00000000 46.99944687 26.00000000
v 32.00000000 46.99053574 27.00000000
v 31.85483742 47.00000000 27.00000000
v 32.00000000 46.98386383 28.00000000
v 31.71447945 47.00000000 28.00000000
v 32.00000000 46.98825455 29.00000000
v 31.69351578 47.00000000 29.00000000
v 32.00000000 46.97090530 30.00000000
v 31.21812057 47.00000000 30.00000000
v 32.00000000 46.96561813 31.00000000
v 32.00000000 46.97314835 32.00000000
v 32.00000000 46.97781372 33.00000000
v 32.00000000 46.99755096 34.00000000
v 31.81755066 47.00000000 34.00000000
v 32.00000000 47.00000000 34.09428787
v 32.00000000 47.00000000 46.00556564
v 32.00000000 47.05382538 18.00000000
v 32.00000000 47.09552383 19.00000000
v 32.00000000 47.09982300 20.00000000
v 32.00000000 47.09723663 21.00000000
v 32.00000000 47.11549377 22.00000000
v 32.00000000 47.13421249 23.00000000
v 32.00000000 47.08580399 24.00000000
v 32.00000000 47.04362106 25.00000000
v 32.00000000 47.02330780 35.00000000
v 32.00000000 47.05909729 36.00000000
v 32.00000000 47.07593536 37.00000000
v 32.00000000 47.07666016 38.00000000
v 32.00000000 47.09247589 39.00000000
v 32.00000000 47.11718369 40.00000000
v 32.00000000 47.11462784 41.00000000
v 32.00000000 47.14295197 42.00000000
v 32.00000000 47.16466904 43.00000000
v 32.00000000 47.16993713 44.00000000
v 32.00000000 47.14534378 45.00000000
v 32.00000000 47.00309372 46.00000000
v 33.00000000 15.80926991 18.00000000
v 33.00000000 16.00000000 17.06745911
v 33.00000000 15.74496174 19.00000000
v 33.00000000 15.74008465 20.00000000
v 33.00000000 15.79854965 21.00000000
v 33.00000000 15.84678268 22.00000000
v 33.00000000 15.89483070 23.00000000
v 33.00000000 15.94248104 24.00000000
v 33.00000000 15.95865250 25.00000000
v 33.00000000 15.95528030 26.00000000
v 33.00000000 15.97992134 27.00000000
v 32.51802444 16.00000000 28.00000000
v 33.00000000 16.00000000 27.56381798
v 32.36320114 16.00000000 29.00000000
v 32.50930405 16.00000000 30.00000000
v 32.80992126 16.00000000 31.00000000
v 32.89963531 16.00000000 32.00000000
v 32.73104095 16.00000000 33.00000000
v 32.30488586 16.00000000 34.00000000
v 33.00000000 15.96033001 37.00000000
v 33.00000000 16.00000000 36.17055893
v 33.00000000 15.89272404 38.00000000
v 33.00000000 15.86589432 39.00000000
v 33.00000000 15.82997417 40.00000000
v 33.00000000 15.80744553 41.00000000
v 33.00000000 15.80537987 42.00000000
v 33.00000000 15.82918835 43.00000000
v 33.00000000 15.85356140 44.00000000
v 33.00000000 15.88929272 45.00000000
v 33.00000000 16.00000000 45.47126770
v 33.00000000 16.02147675 17.00000000
v 33.00000000 17.00000000 16.09661674
v 33.00000000 16.01477051 28.00000000
v 33.00000000 16.02749634 29.00000000
v 33.00000000 16.03699875 30.00000000
v 33.00000000 16.01625824 31.00000000
v 33.00000000 16.00813103 32.00000000
v 33.00000000 16.01727295 33.00000000
v 33.00000000 16.02932930 34.00000000
v 33.00000000 16.04390144 35.00000000
v 33.00000000 16.00822830 36.00000000
v 33.00000000 16.19333267 46.00000000
v 33.00000000 17.00000000 46.76089096
v 33.00000000 17.34658813 16.00000000
v 33.00000000 18.00000000 15.86867905
v 33.00000000 17.70944977 47.00000000
v 33.00000000 18.00000000 47.06967926
v 33.00000000 19.00000000 15.85403633
v 33.00000000 19.00000000 47.16067505
v 33.00000000 20.00000000 15.88605785
v 33.00000000 20.00000000 47.18978119
v 33.00000000 21.00000000 15.90950108
v 33.00000000 21.00000000 47.22357178
v 33.00000000 22.00000000 15.91437531
v 33.00000000 22.00000000 47.25579834
v 33.00000000 23.00000000 15.93694210
v 33.00000000 23.00000000 47.25131989
v 33.00000000 24.00000000 15.93493462
v 33.00000000 24.00000000 47.18665695
v 33.00000000 25.00000000 15.89342403
v 33.00000000 25.00000000 47.11134720
v 33.00000000 26.00000000 15.88033104
v 33.00000000 26.00000000 47.08234024
v 33.00000000 27.00000000 15.87274837
v 33.00000000 27.00000000 47.07159042
v 33.00000000 28.00000000 15.85606480
v 33.00000000 28.00000000 47.05449295
v 33.00000000 29.00000000 15.86649418
v 33.00000000 29.00000000 47.02476501
v 33.00000000 30.00000000 15.91646862
v 33.00000000 30.00000000 47.02001953
v 33.00000000 31.00000000 15.94734192
v 33.00000000 31.00000000 47.03415298
v 33.00000000 32.00000000 15.96756649
v 33.00000000 32.00000000 47.04942322
v 33.00000000 33.00000000 15.99656582
v 33.00000000 33.00000000 47.04302216
v 33.00000000 33.22974777 16.00000000
v 32.77890778 34.00000000 16.00000000
v 33.00000000 34.00000000 16.01138115
v 33.00000000 34.00000000 47.07710648
v 32.85702133 35.00000000 16.00000000
v 33.00000000 35.00000000 16.00586510
v 33.00000000 35.00000000 47.09243774
v 33.00000000 35.17370605 16.00000000
v 33.00000000 36.00000000 15.97147274
v 33.00000000 36.00000000 47.11822891
v 33.00000000 37.00000000 15.91211510
v 33.00000000 37.00000000 47.15539551
v 33.00000000 38.00000000 15.88751221
v 33.00000000 38.00000000 47.16690063
v 33.00000000 39.00000000 15.86443233
v 33.00000000 39.00000000 47.18428040
v 33.00000000 40.00000000 15.82166767
v 33.00000000 40.00000000 47.20745850
v 33.00000000 41.00000000 15.77053165
v 33.00000000 41.00000000 47.18989563
v 33.00000000 42.00000000 15.74989128
v 33.00000000 42.00000000 47.16822815
v 33.00000000 43.00000000 15.73704338
v 33.00000000 43.00000000 47.14796066
v 33.00000000 44.00000000 15.79265594
v 33.00000000 44.00000000 47.15491486
v 33.00000000 45.00000000 15.91252804
v 33.00000000 45.00000000 47.13330078
v 33.00000000 45.35774994 16.00000000
v 33.00000000 46.00000000 16.18658829
v 33.00000000 46.00000000 46.86407852
v 33.00000000 45.56272125 47.00000000
v 33.00000000 46.87663269 17.00000000
v 33.00000000 47.00000000 17.80041504
v 33.00000000 47.00000000 25.13867950
v 33.00000000 46.94594574 26.00000000
v 33.00000000 46.93220901 27.00000000
v 33.00000000 46.93113327 28.00000000
v 33.00000000 46.93946075 29.00000000
v 33.00000000 46.93461609 30.00000000
v 33.00000000 46.94052887 31.00000000
v 33.00000000 46.95184708 32.00000000
v 33.00000000 46.97529602 33.00000000
v 33.00000000 46.99861908 34.00000000
v 33.00000000 47.00000000 34.07300568
v 32.14208221 47.00000000 46.00000000
v 33.00000000 47.00000000 45.90309525
v 33.00000000 46.97453690 46.00000000
v 33.00000000 47.02295685 18.00000000
v 33.00000000 47.08338547 19.00000000
v 33.00000000 47.11310577 20.00000000
v 33.00000000 47.13753891 21.00000000
v 33.00000000 47.15266037 22.00000000
v 33.00000000 47.13515472 23.00000000
v 33.00000000 47.09835052 24.00000000
v 33.00000000 47.00934601 25.00000000
v 33.00000000 47.01739883 35.00000000
v 33.00000000 47.04291916 36.00000000
v 33.00000000 47.05012512 37.00000000
v 33.00000000 47.06290436 38.00000000
v 33.00000000 47.08304596 39.00000000
v 33.00000000 47.12190628 40.00000000
v 33.00000000 47.15994644 41.00000000
v 33.00000000 47.19509506 42.00000000
v 33.00000000 47.21826172 43.00000000
v 33.00000000 47.21324539 44.00000000
v 33.00000000 47.15948105 45.00000000
v 34.00000000 15.84664536 18.00000000
v 34.00000000 16.00000000 17.13814735
v 34.00000000 15.77928257 19.00000000
v 34.00000000 15.76704216 20.00000000
v 34.00000000 15.80418873 21.00000000
v 34.00000000 15.86057663 22.00000000
v 34.00000000 15.92462254 23.00000000
v 34.00000000 15.98977089 24.00000000
v 33.81251907 16.00000000 25.00000000
v 34.00000000 16.00000000 24.51407814
v 33.93986130 16.00000000 26.00000000
v 33.58795166 16.00000000 27.00000000
v 33.40735626 16.00000000 36.00000000
v 34.00000000 15.98792553 36.00000000
v 34.00000000 16.00000000 35.68106842
v 34.00000000 15.93620205 37.00000000
v 34.00000000 15.91623211 38.00000000
v 34.00000000 15.89376545 39.00000000
v 34.00000000 15.87262726 40.00000000
v 34.00000000 15.85480309 41.00000000
v 34.00000000 15.85185432 42.00000000
v 34.00000000 15.85106182 43.00000000
v 34.00000000 15.85817719 44.00000000
v 34.00000000 15.88871288 45.00000000
v 34.00000000 16.00000000 45.46996689
v 34.00000000 16.03712273 17.00000000
v 34.00000000 17.00000000 16.08245087
v 34.00000000 16.00876999 25.00000000
v 34.00000000 16.00268555 26.00000000
v 34.00000000 16.01327133 27.00000000
v 34.00000000 16.03366089 28.00000000
v 34.00000000 16.05077171 29.00000000
v 34.00000000 16.05856323 30.00000000
v 34.00000000 16.08430862 31.00000000
v 34.00000000 16.06874466 32.00000000
v 34.00000000 16.06557846 33.00000000
v 34.00000000 16.06892395 34.00000000
v 34.00000000 16.02543068 35.00000000
v 34.00000000 16.20660210 46.00000000
v 34.00000000 17.00000000 46.72147751
v 34.00000000 17.28141022 16.00000000
v 34.00000000 18.00000000 15.85565281
v 34.00000000 17.78795624 47.00000000
v 34.00000000 18.00000000 47.05421066
v 34.00000000 19.00000000 15.84083080
v 34.00000000 19.00000000 47.14349747
v 34.00000000 20.00000000 15.88553333
v 34.00000000 20.00000000 47.21357346
v 34.00000000 21.00000000 15.92685509
v 34.00000000 21.00000000 47.24076462
v 34.00000000 22.00000000 15.94358253
v 34.00000000 22.00000000 47.24314499
v 34.00000000 23.00000000 15.95073414
v 34.00000000 23.00000000 47.21638489
v 34.00000000 24.00000000 15.96210289
v 34.00000000 24.00000000 47.16247177
v 34.00000000 25.00000000 15.93372822
v 34.00000000 25.00000000 47.10715866
v 34.00000000 26.00000000 15.89801121
v 34.00000000 26.00000000 47.06641769
v 34.00000000 27.00000000 15.86760330
v 34.00000000 27.00000000 47.02774429
v 34.00000000 28.00000000 15.84987736
v 33.79709625 28.00000000 47.00000000
v 34.00000000 28.00000000 46.98608398
v 34.00000000 27.66232300 47.00000000
v 34.00000000 29.00000000 15.88905239
v 33.51582336 29.00000000 47.00000000
v 34.00000000 29.00000000 46.97572327
v 34.00000000 30.00000000 15.94526196
v 33.80410004 30.00000000 47.00000000
v 34.00000000 30.00000000 46.99506760
v 34.00000000 31.00000000 15.97197151
v 34.00000000 30.14090347 47.00000000
v 34.00000000 31.00000000 47.03099060
v 34.00000000 32.00000000 15.99466228
v 34.00000000 32.00000000 47.06466293
v 34.00000000 32.33690643 16.00000000
v 33.24660873 33.00000000 16.00000000
v 34.00000000 33.00000000 16.01032066
v 34.00000000 33.00000000 47.06877518
v 34.00000000 34.00000000 16.02229118
v 34.00000000 34.00000000 47.03924561
v 34.00000000 35.00000000 16.00454712
v 34.00000000 35.00000000 47.03529739
v 34.00000000 35.11343384 16.00000000
v 34.00000000 36.00000000 15.96458912
v 34.00000000 36.00000000 47.07889175
v 34.00000000 37.00000000 15.91086674
v 34.00000000 37.00000000 47.13175964
v 34.00000000 38.00000000 15.86907673
v 34.00000000 38.00000000 47.16260910
v 34.00000000 39.00000000 15.83710480
v 34.00000000 39.00000000 47.18016434
v 34.00000000 40.00000000 15.78487682
v 34.00000000 40.00000000 47.18424225
v 34.00000000 41.00000000 15.74115849
v 34.00000000 41.00000000 47.16482544
v 34.00000000 42.00000000 15.70684433
v 34.00000000 42.00000000 47.15545273
v 34.00000000 43.00000000 15.70370865
v 34.00000000 43.00000000 47.16544342
v 34.00000000 44.00000000 15.77285385
v 34.00000000 44.00000000 47.14960480
v 34.00000000 45.00000000 15.90397549
v 34.00000000 45.00000000 47.12638474
v 34.00000000 45.36941528 16.00000000
v 34.00000000 46.00000000 16.20056152
v 34.00000000 46.00000000 46.87839890
v 34.00000000 45.57383728 47.00000000
v 34.00000000 46.84552383 17.00000000
v 34.00000000 47.00000000 17.82029724
v 33.50126266 47.00000000 25.00000000
v 34.00000000 47.00000000 24.89799690
v 34.00000000 46.99128723 25.00000000
v 34.00000000 46.92846680 26.00000000
v 34.00000000 46.90697479 27.00000000
v 34.00000000 46.90052032 28.00000000
v 34.00000000 46.90305710 29.00000000
v 34.00000000 46.90143204 30.00000000
v 34.00000000 46.90990067 31.00000000
v 34.00000000 46.92302704 32.00000000
v 34.00000000 46.95215607 33.00000000
v 34.00000000 46.99629211 34.00000000
v 34.00000000 47.00000000 34.55114746
v 34.00000000 47.00000000 45.92035294
v 34.00000000 46.97492599 46.00000000
v 34.00000000 47.02472305 18.00000000
v 34.00000000 47.09284592 19.00000000
v 34.00000000 47.14554977 20.00000000
v 34.00000000 47.17153168 21.00000000
v 34.00000000 47.16666412 22.00000000
v 34.00000000 47.13031769 23.00000000
v 34.00000000 47.07868195 24.00000000
v 34.00000000 47.00302505 35.00000000
v 34.00000000 47.00917053 36.00000000
v 34.00000000 47.05036163 37.00000000
v 34.00000000 47.05775070 38.00000000
v 34.00000000 47.08450317 39.00000000
v 34.00000000 47.12996674 40.00000000
v 34.00000000 47.18969727 41.00000000
v 34.00000000 47.26005173 42.00000000
v 34.00000000 47.26800156 43.00000000
v 34.00000000 47.25551224 44.00000000
v 34.00000000 47.19944763 45.00000000
v 35.00000000 15.85128307 18.00000000
v 35.00000000 16.00000000 17.16445351
v 35.00000000 15.82736492 19.00000000
v 35.00000000 15.79993153 20.00000000
v 35.00000000 15.80440140 21.00000000
v 35.00000000 15.85191250 22.00000000
v 35.00000000 15.93213749 23.00000000
v 35.00000000 15.99162006 24.00000000
v 35.00000000 16.00000000 24.28451347
v 34.79337692 16.00000000 35.00000000
v 35.00000000 15.99332905 35.00000000
v 35.00000000 16.00000000 34.75363541
v 35.00000000 15.94969845 36.00000000
v 35.00000000 15.92794991 37.00000000
v 35.00000000 15.92501068 38.00000000
v 35.00000000 15.90404510 39.00000000
v 35.00000000 15.90390778 40.00000000
v 35.00000000 15.89478493 41.00000000
v 35.00000000 15.87288094 42.00000000
v 35.00000000 15.86113834 43.00000000
v 35.00000000 15.85895538 44.00000000
v 35.00000000 15.89136887 45.00000000
v 35.00000000 16.00000000 45.48894501
v 35.00000000 16.04518318 17.00000000
v 35.00000000 17.00000000 16.08768082
v 35.00000000 16.01965332 25.00000000
v 35.00000000 16.02584648 26.00000000
v 35.00000000 16.03429604 27.00000000
v 35.00000000 16.05114365 28.00000000
v 35.00000000 16.05441475 29.00000000
v 35.00000000 16.05137253 30.00000000
v 35.00000000 16.06353188 31.00000000
v 35.00000000 16.06834030 32.00000000
v 35.00000000 16.04763985 33.00000000
v 35.00000000 16.01941490 34.00000000
v 35.00000000 16.19755936 46.00000000
v 35.00000000 17.00000000 46.70496750
v 35.00000000 17.32795715 16.00000000
v 35.00000000 18.00000000 15.88115692
v 35.00000000 17.78682327 47.00000000
v 35.00000000 18.00000000 47.05617905
v 35.00000000 19.00000000 15.85401058
v 35.00000000 19.00000000 47.17552185
v 35.00000000 20.00000000 15.88721752
v 35.00000000 20.00000000 47.23742676
v 35.00000000 21.00000000 15.92503643
v 35.00000000 21.00000000 47.24397278
v 35.00000000 22.00000000 15.95135689
v 35.00000000 22.00000000 47.22670364
v 35.00000000 23.00000000 15.97037697
v 35.00000000 23.00000000 47.17523193
v 35.00000000 24.00000000 15.98133755
v 35.00000000 24.00000000 47.12919998
v 35.00000000 25.00000000 15.95445156
v 35.00000000 25.00000000 47.10225296
v 35.00000000 26.00000000 15.89880466
v 35.00000000 26.00000000 47.06962967
v 35.00000000 27.00000000 15.85146904
v 34.77495575 27.00000000 47.00000000
v 35.00000000 27.00000000 46.99185181
v 35.00000000 26.89609146 47.00000000
v 35.00000000 28.00000000 15.86886787
v 35.00000000 28.00000000 46.94631958
v 35.00000000 29.00000000 15.90472603
v 35.00000000 29.00000000 46.95863724
v 35.00000000 30.00000000 15.94191837
v 35.00000000 30.00000000 46.97946167
v 35.00000000 31.00000000 15.98528576
v 35.00000000 30.60546112 47.00000000
v 35.00000000 31.00000000 47.01350403
v 35.00000000 32.00000000 15.99992371
v 35.00000000 32.00000000 47.05072784
v 35.00000000 32.00531769 16.00000000
v 35.00000000 33.00000000 16.01400757
v 35.00000000 33.00000000 47.05469131
v 35.00000000 34.00000000 16.00481033
v 35.00000000 34.00000000 47.02488708
v 34.27178574 35.00000000 16.00000000
v 35.00000000 34.28070068 16.00000000
v 35.00000000 35.00000000 15.98764896
v 35.00000000 35.00000000 47.02388000
v 35.00000000 36.00000000 15.96044922
v 35.00000000 36.00000000 47.06147766
v 35.00000000 37.00000000 15.92378235
v 35.00000000 37.00000000 47.11467361
v 35.00000000 38.00000000 15.86832619
v 35.00000000 38.00000000 47.16316986
v 35.00000000 39.00000000 15.79642963
v 35.00000000 39.00000000 47.19474792
v 35.00000000 40.00000000 15.75703335
v 35.00000000 40.00000000 47.19322586
v 35.00000000 41.00000000 15.72081280
v 35.00000000 41.00000000 47.18879700
v 35.00000000 42.00000000 15.68993950
v 35.00000000 42.00000000 47.19675446
v 35.00000000 43.00000000 15.69058323
v 35.00000000 43.00000000 47.21123123
v 35.00000000 44.00000000 15.76089668
v 35.00000000 44.00000000 47.18761063
v 35.00000000 45.00000000 15.89406300
v 35.00000000 45.00000000 47.12951279
v 35.00000000 45.40145874 16.00000000
v 35.00000000 46.00000000 16.19769669
v 35.00000000 46.00000000 46.87351608
v 35.00000000 45.57163620 47.00000000
v 35.00000000 46.79813004 17.00000000
v 35.00000000 47.00000000 17.87191010
v 35.00000000 47.00000000 24.75649261
v 35.00000000 46.98624802 25.00000000
v 35.00000000 46.91858673 26.00000000
v 35.00000000 46.89577866 27.00000000
v 35.00000000 46.90393829 28.00000000
v 35.00000000 46.90961838 29.00000000
v 35.00000000 46.91281509 30.00000000
v 35.00000000 46.91477966 31.00000000
v 35.00000000 46.93492126 32.00000000
v 35.00000000 46.94446182 33.00000000
v 35.00000000 46.96311188 34.00000000
v 35.00000000 46.98666000 35.00000000
v 34.17672348 47.00000000 35.00000000
v 35.00000000 47.00000000 35.75757599
v 35.00000000 47.00000000 45.93876266
v 35.00000000 46.97739410 46.00000000
v 35.00000000 47.02297211 18.00000000
v 35.00000000 47.13204193 19.00000000
v 35.00000000 47.20829010 20.00000000
v 35.00000000 47.20249176 21.00000000
v 35.00000000 47.15638351 22.00000000
v 35.00000000 47.11140060 23.00000000
v 35.00000000 47.04423141 24.00000000
v 35.00000000 47.00442505 36.00000000
v 35.00000000 47.04770279 37.00000000
v 35.00000000 47.06411362 38.00000000
v 35.00000000 47.08901596 39.00000000
v 35.00000000 47.13628769 40.00000000
v 35.00000000 47.22443390 41.00000000
v 35.00000000 47.28329849 42.00000000
v 35.00000000 47.30928421 43.00000000
v 35.00000000 47.29011917 44.00000000
v 35.00000000 47.23289490 45.00000000
v 36.00000000 15.84176731 18.00000000
v 36.00000000 16.00000000 17.16850090
v 36.00000000 15.82515049 19.00000000
v 36.00000000 15.81685066 20.00000000
v 36.00000000 15.81143379 21.00000000
v 36.00000000 15.83929253 22.00000000
v 36.00000000 15.90720654 23.00000000
v 36.00000000 15.97656155 24.00000000
v 36.00000000 16.00000000 24.91435623
v 35.98815536 16.00000000 26.00000000
v 36.00000000 15.99967194 26.00000000
v 36.00000000 16.00000000 25.87080383
v 35.98300552 16.00000000 27.00000000
v 36.00000000 15.99935627 27.00000000
v 36.00000000 16.00000000 27.03160477
v 35.92546463 16.00000000 32.00000000
v 36.00000000 15.99450207 32.00000000
v 36.00000000 16.00000000 31.50883675
v 35.60300446 16.00000000 33.00000000
v 36.00000000 15.96820164 33.00000000
v 35.20611572 16.00000000 34.00000000
v 36.00000000 15.92379189 34.00000000
v 36.00000000 15.90743256 35.00000000
v 36.00000000 15.91600037 36.00000000
v 36.00000000 15.90544415 37.00000000
v 36.00000000 15.88065243 38.00000000
v 36.00000000 15.87184906 39.00000000
v 36.00000000 15.87838745 40.00000000
v 36.00000000 15.88184357 41.00000000
v 36.00000000 15.87105370 42.00000000
v 36.00000000 15.86087990 43.00000000
v 36.00000000 15.86159134 44.00000000
v 36.00000000 15.89671707 45.00000000
v 36.00000000 16.00000000 45.45381546
v 36.00000000 16.04826355 17.00000000
v 36.00000000 17.00000000 16.07527924
v 36.00000000 16.00201416 25.00000000
v 36.00000000 16.01860237 28.00000000
v 36.00000000 16.03916168 29.00000000
v 36.00000000 16.04011917 30.00000000
v 36.00000000 16.00574303 31.00000000
v 36.00000000 16.20852280 46.00000000
v 36.00000000 17.00000000 46.72980499
v 36.00000000 17.39592171 16.00000000
v 36.00000000 18.00000000 15.92413139
v 36.00000000 17.76767540 47.00000000
v 36.00000000 18.00000000 47.05804825
v 36.00000000 19.00000000 15.88352966
v 36.00000000 19.00000000 47.19543839
v 36.00000000 20.00000000 15.87068844
v 36.00000000 20.00000000 47.23331451
v 36.00000000 21.00000000 15.89569759
v 36.00000000 21.00000000 47.23096085
v 36.00000000 22.00000000 15.93314934
v 36.00000000 22.00000000 47.19437408
v 36.00000000 23.00000000 15.97425652
v 36.00000000 23.00000000 47.13623428
v 36.00000000 24.00000000 15.98513412
v 36.00000000 24.00000000 47.09530258
v 36.00000000 25.00000000 15.93406487
v 36.00000000 25.00000000 47.06567001
v 36.00000000 26.00000000 15.88931561
v 36.00000000 26.00000000 47.01935196
v 36.00000000 27.00000000 15.88854885
v 36.00000000 27.00000000 46.99105453
v 36.00000000 26.68729782 47.00000000
v 36.00000000 28.00000000 15.90675831
v 36.00000000 28.00000000 46.95884323
v 36.00000000 29.00000000 15.93441677
v 36.00000000 29.00000000 46.95512390
v 36.00000000 30.00000000 15.96997356
v 36.00000000 30.00000000 46.96913910
v 36.00000000 31.00000000 15.98660851
v 36.00000000 30.79542923 47.00000000
v 36.00000000 31.00000000 47.00816727
v 36.00000000 31.49739456 16.00000000
v 35.00564575 32.00000000 16.00000000
v 36.00000000 32.00000000 16.01309776
v 36.00000000 32.00000000 47.04455566
v 36.00000000 33.00000000 15.99576569
v 35.76936340 33.00000000 16.00000000
v 36.00000000 32.75849533 16.00000000
v 36.00000000 33.00000000 47.03588486
v 35.11784744 34.00000000 16.00000000
v 36.00000000 34.00000000 15.96446896
v 36.00000000 34.00000000 47.03475189
v 36.00000000 35.00000000 15.94821835
v 36.00000000 35.00000000 47.07051849
v 36.00000000 36.00000000 15.95198917
v 36.00000000 36.00000000 47.09635162
v 36.00000000 37.00000000 15.92874718
v 36.00000000 37.00000000 47.13877487
v 36.00000000 38.00000000 15.85869312
v 36.00000000 38.00000000 47.15485764
v 36.00000000 39.00000000 15.79452991
v 36.00000000 39.00000000 47.18822098
v 36.00000000 40.00000000 15.74450588
v 36.00000000 40.00000000 47.21369934
v 36.00000000 41.00000000 15.70485783
v 36.00000000 41.00000000 47.21677780
v 36.00000000 42.00000000 15.68715763
v 36.00000000 42.00000000 47.23072052
v 36.00000000 43.00000000 15.69818687
v 36.00000000 43.00000000 47.24047089
v 36.00000000 44.00000000 15.76968956
v 36.00000000 44.00000000 47.21560669
v 36.00000000 45.00000000 15.90360546
v 36.00000000 45.00000000 47.12751007
v 36.00000000 45.39119720 16.00000000
v 36.00000000 46.00000000 16.19331932
v 36.00000000 46.00000000 46.85516739
v 36.00000000 45.53501129 47.00000000
v 36.00000000 46.78792572 17.00000000
v 36.00000000 47.00000000 17.83366776
v 36.00000000 47.00000000 24.69077301
v 36.00000000 46.98876953 25.00000000
v 36.00000000 46.94742584 26.00000000
v 36.00000000 46.93559265 27.00000000
v 36.00000000 46.93747330 28.00000000
v 36.00000000 46.93791580 29.00000000
v 36.00000000 46.94468689 30.00000000
v 36.00000000 46.96348953 31.00000000
v 36.00000000 46.96329498 32.00000000
v 36.00000000 46.96699905 33.00000000
v 36.00000000 46.97161865 34.00000000
v 36.00000000 46.99451065 35.00000000
v 36.00000000 47.00000000 35.17660522
v 35.81014252 47.00000000 46.00000000
v 36.00000000 47.00000000 46.00689316
v 36.00000000 47.03285980 18.00000000
v 36.00000000 47.17118835 19.00000000
v 36.00000000 47.24225235 20.00000000
v 36.00000000 47.20503998 21.00000000
v 36.00000000 47.14530182 22.00000000
v 36.00000000 47.08948517 23.00000000
v 36.00000000 47.02639389 24.00000000
v 36.00000000 47.02695084 36.00000000
v 36.00000000 47.03280258 37.00000000
v 36.00000000 47.04890823 38.00000000
v 36.00000000 47.10139084 39.00000000
v 36.00000000 47.17738724 40.00000000
v 36.00000000 47.24509811 41.00000000
v 36.00000000 47.29334641 42.00000000
v 36.00000000 47.32337952 43.00000000
v 36.00000000 47.31106949 44.00000000
v 36.00000000 47.25774384 45.00000000
v 36.00000000 47.00430298 46.00000000
v 37.00000000 15.82938576 18.00000000
v 37.00000000 16.00000000 17.13146019
v 37.00000000 15.79439640 19.00000000
v 37.00000000 15.78746605 20.00000000
v 37.00000000 15.77634430 21.00000000
v 37.00000000 15.78753471 22.00000000
v 37.00000000 15.84191895 23.00000000
v 37.00000000 15.91985416 24.00000000
v 36.06427383 16.00000000 25.00000000
v 37.00000000 15.96752262 25.00000000
v 37.00000000 15.95917416 26.00000000
v 37.00000000 15.95768452 27.00000000
v 36.47567749 16.00000000 28.00000000
v 37.00000000 15.97729111 28.00000000
v 37.00000000 16.00000000 28.82965088
v 36.63870239 16.00000000 30.00000000
v 37.00000000 15.97586250 30.00000000
v 37.00000000 16.00000000 29.16079140
v 36.08711243 16.00000000 31.00000000
v 37.00000000 15.94048214 31.00000000
v 37.00000000 15.89390659 32.00000000
v 37.00000000 15.86549568 33.00000000
v 37.00000000 15.85986137 34.00000000
v 37.00000000 15.86395741 35.00000000
v 37.00000000 15.89231300 36.00000000
v 37.00000000 15.89491940 37.00000000
v 37.00000000 15.85345078 38.00000000
v 37.00000000 15.82613182 39.00000000
v 37.00000000 15.80769920 40.00000000
v 37.00000000 15.81075573 41.00000000
v 37.00000000 15.81532097 42.00000000
v 37.00000000 15.81587505 43.00000000
v 37.00000000 15.82475090 44.00000000
v 37.00000000 15.89016914 45.00000000
v 37.00000000 16.00000000 45.48536301
v 36.55081940 17.00000000 16.00000000
v 37.00000000 16.92065811 16.00000000
v 37.00000000 17.00000000 15.96085644
v 37.00000000 16.03528404 17.00000000
v 37.00000000 16.00425339 29.00000000
v 37.00000000 16.18713760 46.00000000
v 37.00000000 17.00000000 46.77345276
v 37.00000000 18.00000000 15.86932945
v 37.00000000 17.64164162 47.00000000
v 37.00000000 18.00000000 47.08756256
v 37.00000000 19.00000000 15.86224270
v 37.00000000 19.00000000 47.17563248
v 37.00000000 20.00000000 15.83926964
v 37.00000000 20.00000000 47.23439026
v 37.00000000 21.00000000 15.85325146
v 37.00000000 21.00000000 47.23141861
v 37.00000000 22.00000000 15.89995098
v 37.00000000 22.00000000 47.18693161
v 37.00000000 23.00000000 15.96250439
v 37.00000000 23.00000000 47.14616394
v 37.00000000 24.00000000 15.98642826
v 37.00000000 24.00000000 47.11077118
v 37.00000000 25.00000000 15.92901993
v 37.00000000 25.00000000 47.06742859
v 37.00000000 26.00000000 15.88689899
v 37.00000000 26.00000000 47.02087784
v 37.00000000 27.00000000 15.90775871
v 36.36082458 27.00000000 47.00000000
v 37.00000000 27.00000000 47.01566315
v 37.00000000 28.00000000 15.92667007
v 36.82197952 28.00000000 47.00000000
v 37.00000000 28.00000000 47.00894928
v 37.00000000 29.00000000 15.95440674
v 37.00000000 29.00000000 46.98798370
v 37.00000000 28.41848755 47.00000000
v 37.00000000 30.00000000 15.98633480
v 37.00000000 30.00000000 46.98535156
v 37.00000000 31.00000000 15.99808598
v 37.00000000 30.49489403 47.00000000
v 37.00000000 31.00000000 47.01565552
v 36.62187958 32.00000000 16.00000000
v 37.00000000 32.00000000 15.99169636
v 37.00000000 32.00000000 47.01341248
v 37.00000000 33.00000000 15.95393753
v 37.00000000 33.00000000 47.01467133
v 37.00000000 34.00000000 15.92126751
v 37.00000000 34.00000000 47.05743408
v 37.00000000 35.00000000 15.92934704
v 37.00000000 35.00000000 47.11464310
v 37.00000000 36.00000000 15.92271137
v 37.00000000 36.00000000 47.14980698
v 37.00000000 37.00000000 15.89332199
v 37.00000000 37.00000000 47.16263962
v 37.00000000 38.00000000 15.84460545
v 37.00000000 38.00000000 47.15496063
v 37.00000000 39.00000000 15.79696369
v 37.00000000 39.00000000 47.17104340
v 37.00000000 40.00000000 15.76033211
v 37.00000000 40.00000000 47.20671844
v 37.00000000 41.00000000 15.72136593
v 37.00000000 41.00000000 47.24465561
v 37.00000000 42.00000000 15.69173050
v 37.00000000 42.00000000 47.26383591
v 37.00000000 43.00000000 15.70343494
v 37.00000000 43.00000000 47.26343536
v 37.00000000 44.00000000 15.77949142
v 37.00000000 44.00000000 47.21820450
v 37.00000000 45.00000000 15.91241455
v 37.00000000 45.00000000 47.12495422
v 37.00000000 45.40207291 16.00000000
v 37.00000000 46.00000000 16.17264748
v 37.00000000 46.00000000 46.82775116
v 37.00000000 45.48755646 47.00000000
v 37.00000000 46.79654694 17.00000000
v 37.00000000 47.00000000 17.66165543
v 37.00000000 47.00000000 24.93789101
v 37.00000000 46.99686813 25.00000000
v 37.00000000 46.97082901 26.00000000
v 37.00000000 46.98003006 27.00000000
v 37.00000000 46.97951508 28.00000000
v 37.00000000 46.97874832 29.00000000
v 37.00000000 46.99536514 30.00000000
v 36.74605560 47.00000000 31.00000000
v 37.00000000 47.00000000 30.26773643
v 36.84869766 47.00000000 32.00000000
v 36.90507507 47.00000000 33.00000000
v 36.98610306 47.00000000 34.00000000
v 36.49679565 47.00000000 35.00000000
v 37.00000000 47.00000000 46.00013733
v 37.00000000 47.08146286 18.00000000
v 37.00000000 47.20042801 19.00000000
v 37.00000000 47.22967148 20.00000000
v 37.00000000 47.20373535 21.00000000
v 37.00000000 47.16447067 22.00000000
v 37.00000000 47.11314011 23.00000000
v 37.00000000 47.05054855 24.00000000
v 37.00000000 47.01264572 31.00000000
v 37.00000000 47.00683975 32.00000000
v 37.00000000 47.00361252 33.00000000
v 37.00000000 47.00041962 34.00000000
v 37.00000000 47.00571442 35.00000000
v 37.00000000 47.01437759 36.00000000
v 37.00000000 47.04281998 37.00000000
v 37.00000000 47.07407761 38.00000000
v 37.00000000 47.14437103 39.00000000
v 37.00000000 47.20876694 40.00000000
v 37.00000000 47.26160812 41.00000000
v 37.00000000 47.30524826 42.00000000
v 37.00000000 47.32402039 43.00000000
v 37.00000000 47.31187057 44.00000000
v 37.00000000 47.25281525 45.00000000
v 37.00000000 47.00008774 46.00000000
v 37.83677292 16.00000000 17.00000000
v 38.00000000 15.99443245 17.00000000
v 38.00000000 16.00000000 16.98756599
v 38.00000000 15.80167770 18.00000000
v 38.00000000 15.76365089 19.00000000
v 38.00000000 15.74387932 20.00000000
v 38.00000000 15.73651218 21.00000000
v 38.00000000 15.74814224 22.00000000
v 38.00000000 15.80020905 23.00000000
v 38.00000000 15.87216187 24.00000000
v 38.00000000 15.90508938 25.00000000
v 38.00000000 15.89262199 26.00000000
v 38.00000000 15.89570332 27.00000000
v 38.00000000 15.93126297 28.00000000
v 37.06844330 16.00000000 29.00000000
v 38.00000000 15.93761539 29.00000000
v 38.00000000 15.89673042 30.00000000
v 38.00000000 15.85277367 31.00000000
v 38.00000000 15.82275963 32.00000000
v 38.00000000 15.80874348 33.00000000
v 38.00000000 15.81975079 34.00000000
v 38.00000000 15.85317326 35.00000000
v 38.00000000 15.87043762 36.00000000
v 38.00000000 15.87365437 37.00000000
v 38.00000000 15.85291004 38.00000000
v 38.00000000 15.80280972 39.00000000
v 38.00000000 15.76758480 40.00000000
v 38.00000000 15.74904633 41.00000000
v 38.00000000 15.73738384 42.00000000
v 38.00000000 15.73762035 43.00000000
v 38.00000000 15.75437260 44.00000000
v 38.00000000 15.82949162 45.00000000
v 38.00000000 16.00000000 45.72043991
v 38.00000000 16.78164291 16.00000000
v 38.00000000 17.00000000 15.89006233
v 38.00000000 16.09854317 46.00000000
v 38.00000000 17.00000000 46.87916565
v 38.00000000 18.00000000 15.79067612
v 38.00000000 17.36328316 47.00000000
v 38.00000000 18.00000000 47.14532089
v 38.00000000 19.00000000 15.79961300
v 38.00000000 19.00000000 47.23597336
v 38.00000000 20.00000000 15.79493713
v 38.00000000 20.00000000 47.28267288
v 38.00000000 21.00000000 15.82256699
v 38.00000000 21.00000000 47.28028870
v 38.00000000 22.00000000 15.85957527
v 38.00000000 22.00000000 47.25233841
v 38.00000000 23.00000000 15.89862823
v 38.00000000 23.00000000 47.20846176
v 38.00000000 24.00000000 15.91578102
v 38.00000000 24.00000000 47.15850830
v 38.00000000 25.00000000 15.90858650
v 38.00000000 25.00000000 47.08366776
v 38.00000000 26.00000000 15.90780354
v 38.00000000 26.00000000 47.07075119
v 38.00000000 27.00000000 15.91549206
v 38.00000000 27.00000000 47.06864929
v 38.00000000 28.00000000 15.93530273
v 38.00000000 28.00000000 47.08231735
v 38.00000000 29.00000000 15.94918537
v 37.12710953 29.00000000 47.00000000
v 38.00000000 29.00000000 47.08304214
v 38.00000000 30.00000000 15.95117283
v 37.27121735 30.00000000 47.00000000
v 38.00000000 30.00000000 47.04080582
v 38.00000000 31.00000000 15.97047138
v 38.00000000 31.00000000 47.02487564
v 38.00000000 32.00000000 15.96304512
v 38.00000000 32.00000000 47.01734543
v 38.00000000 33.00000000 15.91963005
v 38.00000000 33.00000000 47.03766251
v 38.00000000 34.00000000 15.90314770
v 38.00000000 34.00000000 47.09698868
v 38.00000000 35.00000000 15.90203381
v 38.00000000 35.00000000 47.15943527
v 38.00000000 36.00000000 15.88650036
v 38.00000000 36.00000000 47.17903137
v 38.00000000 37.00000000 15.85346127
v 38.00000000 37.00000000 47.17569351
v 38.00000000 38.00000000 15.83065605
v 38.00000000 38.00000000 47.16194153
v 38.00000000 39.00000000 15.79512024
v 38.00000000 39.00000000 47.16933441
v 38.00000000 40.00000000 15.76084709
v 38.00000000 40.00000000 47.20803833
v 38.00000000 41.00000000 15.73261356
v 38.00000000 41.00000000 47.26021576
v 38.00000000 42.00000000 15.70365047
v 38.00000000 42.00000000 47.29156113
v 38.00000000 43.00000000 15.69755650
v 38.00000000 43.00000000 47.26890182
v 38.00000000 44.00000000 15.78252029
v 38.00000000 44.00000000 47.20259857
v 38.00000000 45.00000000 15.93242550
v 38.00000000 45.00000000 47.11305618
v 38.00000000 45.40374374 16.00000000
v 38.00000000 46.00000000 16.12930870
v 38.00000000 46.00000000 46.81275177
v 38.00000000 45.44366837 47.00000000
v 38.00000000 46.86238861 17.00000000
v 38.00000000 47.00000000 17.48195457
v 37.05735016 47.00000000 25.00000000
v 37.74530792 47.00000000 26.00000000
v 37.42140961 47.00000000 27.00000000
v 37.39218521 47.00000000 28.00000000
v 37.46810150 47.00000000 29.00000000
v 37.13123703 47.00000000 30.00000000
v 37.00921631 47.00000000 46.00000000
v 38.00000000 47.00000000 45.96099854
v 38.00000000 46.98716354 46.00000000
v 38.00000000 47.11255264 18.00000000
v 38.00000000 47.18788528 19.00000000
v 38.00000000 47.20693207 20.00000000
v 38.00000000 47.21043015 21.00000000
v 38.00000000 47.20555496 22.00000000
v 38.00000000 47.16696548 23.00000000
v 38.00000000 47.10402298 24.00000000
v 38.00000000 47.05476761 25.00000000
v 38.00000000 47.01085281 26.00000000
v 38.00000000 47.02889252 27.00000000
v 38.00000000 47.03281784 28.00000000
v 38.00000000 47.02466583 29.00000000
v 38.00000000 47.03101349 30.00000000
v 38.00000000 47.04027557 31.00000000
v 38.00000000 47.05023956 32.00000000
v 38.00000000 47.06119537 33.00000000
v 38.00000000 47.03192520 34.00000000
v 38.00000000 47.01115417 35.00000000
v 38.00000000 47.01375198 36.00000000
v 38.00000000 47.03274155 37.00000000
v 38.00000000 47.11771011 38.00000000
v 38.00000000 47.19154358 39.00000000
v 38.00000000 47.24234390 40.00000000
v 38.00000000 47.29011154 41.00000000
v 38.00000000 47.32335663 42.00000000
v 38.00000000 47.33135223 43.00000000
v 38.00000000 47.28624344 44.00000000
v 38.00000000 47.19971848 45.00000000
v 39.00000000 15.95994377 17.00000000
v 39.00000000 16.00000000 16.90880013
v 39.00000000 15.80389214 18.00000000
v 39.00000000 15.75312996 19.00000000
v 39.00000000 15.72361565 20.00000000
v 39.00000000 15.70318699 21.00000000
v 39.00000000 15.71733475 22.00000000
v 39.00000000 15.76195621 23.00000000
v 39.00000000 15.81781292 24.00000000
v 39.00000000 15.82627964 25.00000000
v 39.00000000 15.82106876 26.00000000
v 39.00000000 15.82975006 27.00000000
v 39.00000000 15.83285904 28.00000000
v 39.00000000 15.84048843 29.00000000
v 39.00000000 15.81055355 30.00000000
v 39.00000000 15.78102779 31.00000000
v 39.00000000 15.77301407 32.00000000
v 39.00000000 15.77964115 33.00000000
v 39.00000000 15.80807400 34.00000000
v 39.00000000 15.85009384 35.00000000
v 39.00000000 15.86058426 36.00000000
v 39.00000000 15.85018158 37.00000000
v 39.00000000 15.83386421 38.00000000
v 39.00000000 15.77693081 39.00000000
v 39.00000000 15.72917366 40.00000000
v 39.00000000 15.69001865 41.00000000
v 39.00000000 15.67741013 42.00000000
v 39.00000000 15.66916180 43.00000000
v 39.00000000 15.69386387 44.00000000
v 39.00000000 15.78100681 45.00000000
v 39.00000000 16.00000000 45.95735550
v 39.00000000 16.69610977 16.00000000
v 39.00000000 17.00000000 15.83863735
v 39.00000000 16.01430893 46.00000000
v 39.00000000 17.00000000 46.99729538
v 39.00000000 18.00000000 15.72745895
v 39.00000000 17.00861359 47.00000000
v 39.00000000 18.00000000 47.20204926
v 39.00000000 19.00000000 15.73166084
v 39.00000000 19.00000000 47.30762100
v 39.00000000 20.00000000 15.75664043
v 39.00000000 20.00000000 47.35497665
v 39.00000000 21.00000000 15.78649521
v 39.00000000 21.00000000 47.34933853
v 39.00000000 22.00000000 15.81653023
v 39.00000000 22.00000000 47.31807709
v 39.00000000 23.00000000 15.83209324
v 39.00000000 23.00000000 47.26114273
v 39.00000000 24.00000000 15.86160469
v 39.00000000 24.00000000 47.17472076
v 39.00000000 25.00000000 15.88263702
v 39.00000000 25.00000000 47.12256622
v 39.00000000 26.00000000 15.90077305
v 39.00000000 26.00000000 47.11091232
v 39.00000000 27.00000000 15.89095497
v 39.00000000 27.00000000 47.11574554
v 39.00000000 28.00000000 15.88781261
v 39.00000000 28.00000000 47.12871552
v 39.00000000 29.00000000 15.90268326
v 39.00000000 29.00000000 47.13232803
v 39.00000000 30.00000000 15.90990067
v 39.00000000 30.00000000 47.11174393
v 39.00000000 31.00000000 15.89589214
v 39.00000000 31.00000000 47.07662201
v 39.00000000 32.00000000 15.89014626
v 39.00000000 32.00000000 47.07439423
v 39.00000000 33.00000000 15.89556694
v 39.00000000 33.00000000 47.11154556
v 39.00000000 34.00000000 15.88298893
v 39.00000000 34.00000000 47.16523743
v 39.00000000 35.00000000 15.86890411
v 39.00000000 35.00000000 47.19103622
v 39.00000000 36.00000000 15.85313416
v 39.00000000 36.00000000 47.21240997
v 39.00000000 37.00000000 15.84014225
v 39.00000000 37.00000000 47.22137833
v 39.00000000 38.00000000 15.82093143
v 39.00000000 38.00000000 47.20190430
v 39.00000000 39.00000000 15.79079342
v 39.00000000 39.00000000 47.21017838
v 39.00000000 40.00000000 15.77248955
v 39.00000000 40.00000000 47.24009323
v 39.00000000 41.00000000 15.76015472
v 39.00000000 41.00000000 47.27838516
v 39.00000000 42.00000000 15.73642254
v 39.00000000 42.00000000 47.30022049
v 39.00000000 43.00000000 15.72275448
v 39.00000000 43.00000000 47.26884079
v 39.00000000 44.00000000 15.76546478
v 39.00000000 44.00000000 47.19945526
v 39.00000000 45.00000000 15.91124439
v 39.00000000 45.00000000 47.11577988
v 39.00000000 45.48730850 16.00000000
v 39.00000000 46.00000000 16.12408066
v 39.00000000 46.00000000 46.82053375
v 39.00000000 45.46969604 47.00000000
v 39.00000000 46.90678024 17.00000000
v 39.00000000 47.00000000 17.26427269
v 39.00000000 47.00000000 45.78253937
v 39.00000000 46.93280792 46.00000000
v 39.00000000 47.17612457 18.00000000
v 39.00000000 47.21833801 19.00000000
v 39.00000000 47.23876572 20.00000000
v 39.00000000 47.25517654 21.00000000
v 39.00000000 47.26990509 22.00000000
v 39.00000000 47.23918533 23.00000000
v 39.00000000 47.18773651 24.00000000
v 39.00000000 47.14107513 25.00000000
v 39.00000000 47.10138321 26.00000000
v 39.00000000 47.08374405 27.00000000
v 39.00000000 47.09218216 28.00000000
v 39.00000000 47.08803940 29.00000000
v 39.00000000 47.07964706 30.00000000
v 39.00000000 47.08338165 31.00000000
v 39.00000000 47.07888794 32.00000000
v 39.00000000 47.08549500 33.00000000
v 39.00000000 47.07158661 34.00000000
v 39.00000000 47.03860474 35.00000000
v 39.00000000 47.02562714 36.00000000
v 39.00000000 47.05418777 37.00000000
v 39.00000000 47.14378738 38.00000000
v 39.00000000 47.23749542 39.00000000
v 39.00000000 47.29291153 40.00000000
v 39.00000000 47.33635712 41.00000000
v 39.00000000 47.36116409 42.00000000
v 39.00000000 47.33663177 43.00000000
v 39.00000000 47.26938629 44.00000000
v 39.00000000 47.15772247 45.00000000
v 40.00000000 15.96147633 17.00000000
v 40.00000000 16.00000000 16.90633202
v 40.00000000 15.80621815 18.00000000
v 40.00000000 15.75168991 19.00000000
v 40.00000000 15.71420765 20.00000000
v 40.00000000 15.68322277 21.00000000
v 40.00000000 15.68533039 22.00000000
v 40.00000000 15.71701908 23.00000000
v 40.00000000 15.73601055 24.00000000
v 40.00000000 15.73712540 25.00000000
v 40.00000000 15.73498058 26.00000000
v 40.00000000 15.75074291 27.00000000
v 40.00000000 15.74822903 28.00000000
v 40.00000000 15.77663040 29.00000000
v 40.00000000 15.77322960 30.00000000
v 40.00000000 15.74547100 31.00000000
v 40.00000000 15.73487473 32.00000000
v 40.00000000 15.74075127 33.00000000
v 40.00000000 15.78478050 34.00000000
v 40.00000000 15.81555653 35.00000000
v 40.00000000 15.82405376 36.00000000
v 40.00000000 15.80637074 37.00000000
v 40.00000000 15.78164959 38.00000000
v 40.00000000 15.73645306 39.00000000
v 40.00000000 15.69115829 40.00000000
v 40.00000000 15.65415287 41.00000000
v 40.00000000 15.63255882 42.00000000
v 40.00000000 15.62043190 43.00000000
v 40.00000000 15.63543034 44.00000000
v 40.00000000 15.72360611 45.00000000
v 39.22576523 16.00000000 46.00000000
v 40.00000000 15.96186924 46.00000000
v 40.00000000 16.00000000 46.06954956
v 40.00000000 16.64952469 16.00000000
v 40.00000000 17.00000000 15.81118298
v 39.02795792 17.00000000 47.00000000
v 40.00000000 16.87598610 47.00000000
v 40.00000000 17.00000000 47.06549454
v 40.00000000 18.00000000 15.67669773
v 40.00000000 18.00000000 47.28973007
v 40.00000000 19.00000000 15.67600822
v 40.00000000 19.00000000 47.38636780
v 40.00000000 20.00000000 15.72037315
v 40.00000000 20.00000000 47.42043686
v 40.00000000 21.00000000 15.74900532
v 40.00000000 21.00000000 47.38607025
v 40.00000000 22.00000000 15.77491570
v 40.00000000 22.00000000 47.34703445
v 40.00000000 23.00000000 15.79026413
v 40.00000000 23.00000000 47.28448486
v 40.00000000 24.00000000 15.82410145
v 40.00000000 24.00000000 47.22609711
v 40.00000000 25.00000000 15.84621048
v 40.00000000 25.00000000 47.18182755
v 40.00000000 26.00000000 15.84609222
v 40.00000000 26.00000000 47.15812683
v 40.00000000 27.00000000 15.84287548
v 40.00000000 27.00000000 47.15425873
v 40.00000000 28.00000000 15.83702087
v 40.00000000 28.00000000 47.14974594
v 40.00000000 29.00000000 15.84822941
v 40.00000000 29.00000000 47.13680649
v 40.00000000 30.00000000 15.83627224
v 40.00000000 30.00000000 47.13290024
v 40.00000000 31.00000000 15.82412148
v 40.00000000 31.00000000 47.14284515
v 40.00000000 32.00000000 15.82843494
v 40.00000000 32.00000000 47.14619064
v 40.00000000 33.00000000 15.85322475
v 40.00000000 33.00000000 47.17747879
v 40.00000000 34.00000000 15.86819553
v 40.00000000 34.00000000 47.20723724
v 40.00000000 35.00000000 15.86193466
v 40.00000000 35.00000000 47.22749710
v 40.00000000 36.00000000 15.85108376
v 40.00000000 36.00000000 47.24176788
v 40.00000000 37.00000000 15.83022785
v 40.00000000 37.00000000 47.25244141
v 40.00000000 38.00000000 15.81721687
v 40.00000000 38.00000000 47.26657104
v 40.00000000 39.00000000 15.80787086
v 40.00000000 39.00000000 47.28573227
v 40.00000000 40.00000000 15.80441475
v 40.00000000 40.00000000 47.31325150
v 40.00000000 41.00000000 15.80841637
v 40.00000000 41.00000000 47.31005859
v 40.00000000 42.00000000 15.77944851
v 40.00000000 42.00000000 47.29286575
v 40.00000000 43.00000000 15.75088310
v 40.00000000 43.00000000 47.30002975
v 40.00000000 44.00000000 15.75868797
v 40.00000000 44.00000000 47.25924301
v 40.00000000 45.00000000 15.85565472
v 40.00000000 45.00000000 47.15939331
v 40.00000000 45.67040253 16.00000000
v 40.00000000 46.00000000 16.10557938
v 40.00000000 46.00000000 46.85035706
v 40.00000000 45.60091019 47.00000000
v 40.00000000 46.93416977 17.00000000
v 40.00000000 47.00000000 17.18073845
v 40.00000000 47.00000000 45.68981934
v 40.00000000 46.88501740 46.00000000
v 40.00000000 47.19104004 18.00000000
v 40.00000000 47.26852798 19.00000000
v 40.00000000 47.29887772 20.00000000
v 40.00000000 47.31744003 21.00000000
v 40.00000000 47.34448624 22.00000000
v 40.00000000 47.33480072 23.00000000
v 40.00000000 47.29679871 24.00000000
v 40.00000000 47.25561905 25.00000000
v 40.00000000 47.21266937 26.00000000
v 40.00000000 47.17233658 27.00000000
v 40.00000000 47.14231491 28.00000000
v 40.00000000 47.14139557 29.00000000
v 40.00000000 47.13098907 30.00000000
v 40.00000000 47.11809921 31.00000000
v 40.00000000 47.10826492 32.00000000
v 40.00000000 47.11097717 33.00000000
v 40.00000000 47.11369324 34.00000000
v 40.00000000 47.09904099 35.00000000
v 40.00000000 47.09794617 36.00000000
v 40.00000000 47.11565781 37.00000000
v 40.00000000 47.15935135 38.00000000
v 40.00000000 47.25325394 39.00000000
v 40.00000000 47.34675598 40.00000000
v 40.00000000 47.38539505 41.00000000
v 40.00000000 47.38037491 42.00000000
v 40.00000000 47.34837723 43.00000000
v 40.00000000 47.30027771 44.00000000
v 40.00000000 47.17926407 45.00000000
v 41.00000000 15.97328758 17.00000000
v 41.00000000 16.00000000 16.93029594
v 41.00000000 15.80544758 18.00000000
v 41.00000000 15.73741531 19.00000000
v 41.00000000 15.69400406 20.00000000
v 41.00000000 15.66589737 21.00000000
v 41.00000000 15.65155602 22.00000000
v 41.00000000 15.64605045 23.00000000
v 41.00000000 15.64953613 24.00000000
v 41.00000000 15.64198303 25.00000000
v 41.00000000 15.64069462 26.00000000
v 41.00000000 15.66203594 27.00000000
v 41.00000000 15.69441223 28.00000000
v 41.00000000 15.71456814 29.00000000
v 41.00000000 15.71440315 30.00000000
v 41.00000000 15.70390224 31.00000000
v 41.00000000 15.70956421 32.00000000
v 41.00000000 15.71862888 33.00000000
v 41.00000000 15.73474312 34.00000000
v 41.00000000 15.76024914 35.00000000
v 41.00000000 15.77825642 36.00000000
v 41.00000000 15.77118206 37.00000000
v 41.00000000 15.74036312 38.00000000
v 41.00000000 15.70274353 39.00000000
v 41.00000000 15.65153790 40.00000000
v 41.00000000 15.62229347 41.00000000
v 41.00000000 15.56416225 42.00000000
v 41.00000000 15.54434681 43.00000000
v 41.00000000 15.56339645 44.00000000
v 41.00000000 15.65998936 45.00000000
v 41.00000000 15.89027405 46.00000000
v 41.00000000 16.00000000 46.24790192
v 41.00000000 16.61558533 16.00000000
v 41.00000000 17.00000000 15.79102516
v 41.00000000 16.60526848 47.00000000
v 41.00000000 17.00000000 47.19042587
v 41.00000000 18.00000000 15.63973999
v 41.00000000 18.00000000 47.38903427
v 41.00000000 19.00000000 15.64287376
v 41.00000000 19.00000000 47.46980667
v 41.00000000 20.00000000 15.67318058
v 41.00000000 20.00000000 47.44475174
v 41.00000000 21.00000000 15.70370960
v 41.00000000 21.00000000 47.41133881
v 41.00000000 22.00000000 15.73991203
v 41.00000000 22.00000000 47.35312271
v 41.00000000 23.00000000 15.78269482
v 41.00000000 23.00000000 47.31077576
v 41.00000000 24.00000000 15.81750584
v 41.00000000 24.00000000 47.28103256
v 41.00000000 25.00000000 15.80231667
v 41.00000000 25.00000000 47.25190735
v 41.00000000 26.00000000 15.78485012
v 41.00000000 26.00000000 47.21335220
v 41.00000000 27.00000000 15.78977585
v 41.00000000 27.00000000 47.19995117
v 41.00000000 28.00000000 15.81742001
v 41.00000000 28.00000000 47.18830872
v 41.00000000 29.00000000 15.79626083
v 41.00000000 29.00000000 47.16357803
v 41.00000000 30.00000000 15.76944637
v 41.00000000 30.00000000 47.16193390
v 41.00000000 31.00000000 15.77386284
v 41.00000000 31.00000000 47.19501495
v 41.00000000 32.00000000 15.78785896
v 41.00000000 32.00000000 47.22486115
v 41.00000000 33.00000000 15.80221748
v 41.00000000 33.00000000 47.22801971
v 41.00000000 34.00000000 15.82476234
v 41.00000000 34.00000000 47.24529648
v 41.00000000 35.00000000 15.83968067
v 41.00000000 35.00000000 47.27154160
v 41.00000000 36.00000000 15.82833481
v 41.00000000 36.00000000 47.27334595
v 41.00000000 37.00000000 15.80791283
v 41.00000000 37.00000000 47.28149796
v 41.00000000 38.00000000 15.80541611
v 41.00000000 38.00000000 47.31854630
v 41.00000000 39.00000000 15.80570221
v 41.00000000 39.00000000 47.36275482
v 41.00000000 40.00000000 15.82752419
v 41.00000000 40.00000000 47.37540817
v 41.00000000 41.00000000 15.81274414
v 41.00000000 41.00000000 47.36441422
v 41.00000000 42.00000000 15.78746796
v 41.00000000 42.00000000 47.33206558
v 41.00000000 43.00000000 15.76552296
v 41.00000000 43.00000000 47.33881378
v 41.00000000 44.00000000 15.77250099
v 41.00000000 44.00000000 47.34464645
v 41.00000000 45.00000000 15.83927059
v 41.00000000 45.00000000 47.22490311
v 41.00000000 45.83631897 16.00000000
v 41.00000000 46.00000000 16.05117416
v 41.00000000 46.00000000 46.88589859
v 41.00000000 45.73194122 47.00000000
v 41.00000000 46.92099380 17.00000000
v 41.00000000 47.00000000 17.21614265
v 41.00000000 47.00000000 45.62220383
v 41.00000000 46.84604263 46.00000000
v 41.00000000 47.18517303 18.00000000
v 41.00000000 47.27687836 19.00000000
v 41.00000000 47.33450317 20.00000000
v 41.00000000 47.38462448 21.00000000
v 41.00000000 47.40701675 22.00000000
v 41.00000000 47.41339111 23.00000000
v 41.00000000 47.39221573 24.00000000
v 41.00000000 47.34605408 25.00000000
v 41.00000000 47.30597687 26.00000000
v 41.00000000 47.25722885 27.00000000
v 41.00000000 47.20230103 28.00000000
v 41.00000000 47.17331314 29.00000000
v 41.00000000 47.17901993 30.00000000
v 41.00000000 47.16694260 31.00000000
v 41.00000000 47.13953018 32.00000000
v 41.00000000 47.13428879 33.00000000
v 41.00000000 47.14311218 34.00000000
v 41.00000000 47.17894363 35.00000000
v 41.00000000 47.20055389 36.00000000
v 41.00000000 47.18685532 37.00000000
v 41.00000000 47.19229889 38.00000000
v 41.00000000 47.27126312 39.00000000
v 41.00000000 47.36285019 40.00000000
v 41.00000000 47.40282822 41.00000000
v 41.00000000 47.41320038 42.00000000
v 41.00000000 47.39031601 43.00000000
v 41.00000000 47.31985855 44.00000000
v 41.00000000 47.19047546 45.00000000
v 42.00000000 15.98638153 17.00000000
v 42.00000000 16.00000000 16.96573257
v 42.00000000 15.76547432 18.00000000
v 42.00000000 15.67944336 19.00000000
v 42.00000000 15.63125038 20.00000000
v 42.00000000 15.59831619 21.00000000
v 42.00000000 15.58630943 22.00000000
v 42.00000000 15.58782768 23.00000000
v 42.00000000 15.56049252 24.00000000
v 42.00000000 15.55241776 25.00000000
v 42.00000000 15.57814693 26.00000000
v 42.00000000 15.61705780 27.00000000
v 42.00000000 15.64930916 28.00000000
v 42.00000000 15.65870380 29.00000000
v 42.00000000 15.67627239 30.00000000
v 42.00000000 15.66675377 31.00000000
v 42.00000000 15.66644764 32.00000000
v 42.00000000 15.68067551 33.00000000
v 42.00000000 15.69783306 34.00000000
v 42.00000000 15.72420406 35.00000000
v 42.00000000 15.73936272 36.00000000
v 42.00000000 15.75303936 37.00000000
v 42.00000000 15.72743225 38.00000000
v 42.00000000 15.68255520 39.00000000
v 42.00000000 15.61551571 40.00000000
v 42.00000000 15.52987957 41.00000000
v 42.00000000 15.50054455 42.00000000
v 42.00000000 15.47886086 43.00000000
v 42.00000000 15.50336266 44.00000000
v 42.00000000 15.62588882 45.00000000
v 42.00000000 15.86588955 46.00000000
v 42.00000000 16.00000000 46.32743454
v 42.00000000 16.63496399 16.00000000
v 42.00000000 17.00000000 15.79572773
v 42.00000000 16.45281410 47.00000000
v 42.00000000 17.00000000 47.28130341
v 42.00000000 18.00000000 15.64854240
v 42.00000000 18.00000000 47.46153259
v 42.00000000 19.00000000 15.62725639
v 42.00000000 19.00000000 47.47457886
v 42.00000000 20.00000000 15.64449596
v 42.00000000 20.00000000 47.43881607
v 42.00000000 21.00000000 15.68988514
v 42.00000000 21.00000000 47.40983200
v 42.00000000 22.00000000 15.74644279
v 42.00000000 22.00000000 47.36848831
v 42.00000000 23.00000000 15.80290413
v 42.00000000 23.00000000 47.33704376
v 42.00000000 24.00000000 15.80644226
v 42.00000000 24.00000000 47.33194733
v 42.00000000 25.00000000 15.76966000
v 42.00000000 25.00000000 47.29994202
v 42.00000000 26.00000000 15.73914909
v 42.00000000 26.00000000 47.27138138
v 42.00000000 27.00000000 15.75646687
v 42.00000000 27.00000000 47.25931168
v 42.00000000 28.00000000 15.76394653
v 42.00000000 28.00000000 47.23157501
v 42.00000000 29.00000000 15.74181938
v 42.00000000 29.00000000 47.21320724
v 42.00000000 30.00000000 15.73194790
v 42.00000000 30.00000000 47.20590210
v 42.00000000 31.00000000 15.75062275
v 42.00000000 31.00000000 47.22546005
v 42.00000000 32.00000000 15.76501083
v 42.00000000 32.00000000 47.26455307
v 42.00000000 33.00000000 15.77855873
v 42.00000000 33.00000000 47.29590607
v 42.00000000 34.00000000 15.80442619
v 42.00000000 34.00000000 47.30295944
v 42.00000000 35.00000000 15.81663895
v 42.00000000 35.00000000 47.31097412
v 42.00000000 36.00000000 15.82259655
v 42.00000000 36.00000000 47.31644058
v 42.00000000 37.00000000 15.79013443
v 42.00000000 37.00000000 47.33789444
v 42.00000000 38.00000000 15.78029060
v 42.00000000 38.00000000 47.37717819
v 42.00000000 39.00000000 15.79523468
v 42.00000000 39.00000000 47.41366577
v 42.00000000 40.00000000 15.80507469
v 42.00000000 40.00000000 47.42694855
v 42.00000000 41.00000000 15.80339909
v 42.00000000 41.00000000 47.40633392
v 42.00000000 42.00000000 15.78941536
v 42.00000000 42.00000000 47.37940979
v 42.00000000 43.00000000 15.77571774
v 42.00000000 43.00000000 47.35412598
v 42.00000000 44.00000000 15.79304218
v 42.00000000 44.00000000 47.34331131
v 42.00000000 45.00000000 15.85920238
v 42.00000000 45.00000000 47.25878143
v 42.00000000 45.65122223 16.00000000
v 42.00000000 46.00000000 16.13630676
v 42.00000000 46.00000000 46.89802933
v 42.00000000 45.78850174 47.00000000
v 42.00000000 46.84492493 17.00000000
v 42.00000000 47.00000000 17.35001564
v 42.00000000 47.00000000 45.55276489
v 42.00000000 46.81434250 46.00000000
v 42.00000000 47.16278076 18.00000000
v 42.00000000 47.25782394 19.00000000
v 42.00000000 47.33626175 20.00000000
v 42.00000000 47.39083862 21.00000000
v 42.00000000 47.43356705 22.00000000
v 42.00000000 47.46246338 23.00000000
v 42.00000000 47.45512009 24.00000000
v 42.00000000 47.40851974 25.00000000
v 42.00000000 47.36267853 26.00000000
v 42.00000000 47.30668640 27.00000000
v 42.00000000 47.24005508 28.00000000
v 42.00000000 47.20593262 29.00000000
v 42.00000000 47.21216583 30.00000000
v 42.00000000 47.20986176 31.00000000
v 42.00000000 47.19477463 32.00000000
v 42.00000000 47.19026947 33.00000000
v 42.00000000 47.21228409 34.00000000
v 42.00000000 47.25999451 35.00000000
v 42.00000000 47.28440857 36.00000000
v 42.00000000 47.25276947 37.00000000
v 42.00000000 47.24153137 38.00000000
v 42.00000000 47.27684021 39.00000000
v 42.00000000 47.33483124 40.00000000
v 42.00000000 47.41300583 41.00000000
v 42.00000000 47.45693970 42.00000000
v 42.00000000 47.44280243 43.00000000
v 42.00000000 47.36432648 44.00000000
v 42.00000000 47.17707062 45.00000000
v 43.00000000 15.99805832 17.00000000
v 43.00000000 16.00000000 16.99555016
v 43.00000000 15.71718979 18.00000000
v 43.00000000 15.61041737 19.00000000
v 43.00000000 15.56281567 20.00000000
v 43.00000000 15.53836060 21.00000000
v 43.00000000 15.53753853 22.00000000
v 43.00000000 15.52954292 23.00000000
v 43.00000000 15.51255131 24.00000000
v 43.00000000 15.53448009 25.00000000
v 43.00000000 15.54706097 26.00000000
v 43.00000000 15.58252907 27.00000000
v 43.00000000 15.60433865 28.00000000
v 43.00000000 15.61196232 29.00000000
v 43.00000000 15.62210464 30.00000000
v 43.00000000 15.62514496 31.00000000
v 43.00000000 15.63333797 32.00000000
v 43.00000000 15.65406513 33.00000000
v 43.00000000 15.67096329 34.00000000
v 43.00000000 15.69324684 35.00000000
v 43.00000000 15.71147633 36.00000000
v 43.00000000 15.74359226 37.00000000
v 43.00000000 15.76141930 38.00000000
v 43.00000000 15.66313457 39.00000000
v 43.00000000 15.57231331 40.00000000
v 43.00000000 15.48803043 41.00000000
v 43.00000000 15.41569328 42.00000000
v 43.00000000 15.42269039 43.00000000
v 43.00000000 15.46907902 44.00000000
v 43.00000000 15.61300278 45.00000000
v 43.00000000 15.84896183 46.00000000
v 43.00000000 16.00000000 46.37406921
v 43.00000000 16.72848320 16.00000000
v 43.00000000 17.00000000 15.84403610
v 43.00000000 16.43467140 47.00000000
v 43.00000000 17.00000000 47.28348541
v 43.00000000 18.00000000 15.65682030
v 43.00000000 18.00000000 47.44590378
v 43.00000000 19.00000000 15.60318947
v 43.00000000 19.00000000 47.46596909
v 43.00000000 20.00000000 15.62718296
v 43.00000000 20.00000000 47.45017242
v 43.00000000 21.00000000 15.68586731
v 43.00000000 21.00000000 47.40725327
v 43.00000000 22.00000000 15.74770546
v 43.00000000 22.00000000 47.36267471
v 43.00000000 23.00000000 15.79970837
v 43.00000000 23.00000000 47.32615280
v 43.00000000 24.00000000 15.79440498
v 43.00000000 24.00000000 47.33307648
v 43.00000000 25.00000000 15.75121212
v 43.00000000 25.00000000 47.33017731
v 43.00000000 26.00000000 15.73394299
v 43.00000000 26.00000000 47.32294083
v 43.00000000 27.00000000 15.72423458
v 43.00000000 27.00000000 47.30668259
v 43.00000000 28.00000000 15.71510124
v 43.00000000 28.00000000 47.28160477
v 43.00000000 29.00000000 15.71616554
v 43.00000000 29.00000000 47.24949646
v 43.00000000 30.00000000 15.72487736
v 43.00000000 30.00000000 47.24461746
v 43.00000000 31.00000000 15.73321819
v 43.00000000 31.00000000 47.25747681
v 43.00000000 32.00000000 15.75386333
v 43.00000000 32.00000000 47.28948212
v 43.00000000 33.00000000 15.77514458
v 43.00000000 33.00000000 47.32543182
v 43.00000000 34.00000000 15.81397438
v 43.00000000 34.00000000 47.35505676
v 43.00000000 35.00000000 15.81919289
v 43.00000000 35.00000000 47.34591675
v 43.00000000 36.00000000 15.82205105
v 43.00000000 36.00000000 47.34240341
v 43.00000000 37.00000000 15.81017303
v 43.00000000 37.00000000 47.37842178
v 43.00000000 38.00000000 15.78862476
v 43.00000000 38.00000000 47.41347885
v 43.00000000 39.00000000 15.77424431
v 43.00000000 39.00000000 47.44377899
v 43.00000000 40.00000000 15.76750469
v 43.00000000 40.00000000 47.44651794
v 43.00000000 41.00000000 15.77287388
v 43.00000000 41.00000000 47.42876434
v 43.00000000 42.00000000 15.77215099
v 43.00000000 42.00000000 47.38965988
v 43.00000000 43.00000000 15.77974796
v 43.00000000 43.00000000 47.36904144
v 43.00000000 44.00000000 15.82277012
v 43.00000000 44.00000000 47.31159973
v 43.00000000 45.00000000 15.92834091
v 43.00000000 45.00000000 47.22459030
v 43.00000000 45.24645996 16.00000000
v 43.00000000 46.00000000 16.41465378
v 43.00000000 46.00000000 46.88850403
v 43.00000000 45.76681519 47.00000000
v 43.00000000 46.56958771 17.00000000
v 43.00000000 47.00000000 17.75674057
v 43.00000000 47.00000000 45.55893326
v 43.00000000 46.78945160 46.00000000
v 43.00000000 47.07628632 18.00000000
v 43.00000000 47.21173859 19.00000000
v 43.00000000 47.29609680 20.00000000
v 43.00000000 47.33713150 21.00000000
v 43.00000000 47.39529800 22.00000000
v 43.00000000 47.44424820 23.00000000
v 43.00000000 47.46406555 24.00000000
v 43.00000000 47.43634415 25.00000000
v 43.00000000 47.38043594 26.00000000
v 43.00000000 47.32154846 27.00000000
v 43.00000000 47.26982880 28.00000000
v 43.00000000 47.23884201 29.00000000
v 43.00000000 47.23019791 30.00000000
v 43.00000000 47.22974777 31.00000000
v 43.00000000 47.24762344 32.00000000
v 43.00000000 47.27633286 33.00000000
v 43.00000000 47.31185532 34.00000000
v 43.00000000 47.34584808 35.00000000
v 43.00000000 47.34741211 36.00000000
v 43.00000000 47.31604385 37.00000000
v 43.00000000 47.26578140 38.00000000
v 43.00000000 47.26996994 39.00000000
v 43.00000000 47.32099915 40.00000000
v 43.00000000 47.38368225 41.00000000
v 43.00000000 47.45024109 42.00000000
v 43.00000000 47.44931030 43.00000000
v 43.00000000 47.37408829 44.00000000
v 43.00000000 47.19224930 45.00000000
v 43.03437042 16.00000000 17.00000000
v 44.00000000 16.00000000 17.15611649
v 44.00000000 15.71658134 18.00000000
v 44.00000000 15.56274128 19.00000000
v 44.00000000 15.50970840 20.00000000
v 44.00000000 15.49244976 21.00000000
v 44.00000000 15.49706364 22.00000000
v 44.00000000 15.53189468 23.00000000
v 44.00000000 15.57347298 24.00000000
v 44.00000000 15.57984352 25.00000000
v 44.00000000 15.59556103 26.00000000
v 44.00000000 15.59432602 27.00000000
v 44.00000000 15.58020496 28.00000000
v 44.00000000 15.57147217 29.00000000
v 44.00000000 15.58467293 30.00000000
v 44.00000000 15.60585690 31.00000000
v 44.00000000 15.61213112 32.00000000
v 44.00000000 15.63430023 33.00000000
v 44.00000000 15.65604210 34.00000000
v 44.00000000 15.68368149 35.00000000
v 44.00000000 15.71356106 36.00000000
v 44.00000000 15.75037384 37.00000000
v 44.00000000 15.72666264 38.00000000
v 44.00000000 15.64494991 39.00000000
v 44.00000000 15.56972790 40.00000000
v 44.00000000 15.46979427 41.00000000
v 44.00000000 15.40504360 42.00000000
v 44.00000000 15.39078999 43.00000000
v 44.00000000 15.46574688 44.00000000
v 44.00000000 15.63833904 45.00000000
v 44.00000000 15.89365101 46.00000000
v 44.00000000 16.00000000 46.25275040
v 44.00000000 16.90702248 16.00000000
v 44.00000000 17.00000000 15.94461823
v 44.00000000 16.08328819 17.00000000
v 44.00000000 16.63351631 47.00000000
v 44.00000000 17.00000000 47.17590332
v 44.00000000 18.00000000 15.68583107
v 44.00000000 18.00000000 47.41839600
v 44.00000000 19.00000000 15.62240410
v 44.00000000 19.00000000 47.46456146
v 44.00000000 20.00000000 15.66454029
v 44.00000000 20.00000000 47.41965485
v 44.00000000 21.00000000 15.71499729
v 44.00000000 21.00000000 47.36565018
v 44.00000000 22.00000000 15.77424431
v 44.00000000 22.00000000 47.31959534
v 44.00000000 23.00000000 15.80678940
v 44.00000000 23.00000000 47.28582764
v 44.00000000 24.00000000 15.78252792
v 44.00000000 24.00000000 47.31145477
v 44.00000000 25.00000000 15.75826073
v 44.00000000 25.00000000 47.32933044
v 44.00000000 26.00000000 15.74541378
v 44.00000000 26.00000000 47.33436584
v 44.00000000 27.00000000 15.71767998
v 44.00000000 27.00000000 47.32646179
v 44.00000000 28.00000000 15.70914173
v 44.00000000 28.00000000 47.29662704
v 44.00000000 29.00000000 15.71567631
v 44.00000000 29.00000000 47.26595306
v 44.00000000 30.00000000 15.71702576
v 44.00000000 30.00000000 47.26184845
v 44.00000000 31.00000000 15.72710133
v 44.00000000 31.00000000 47.28404617
v 44.00000000 32.00000000 15.74859619
v 44.00000000 32.00000000 47.30662155
v 44.00000000 33.00000000 15.80763626
v 44.00000000 33.00000000 47.33027267
v 44.00000000 34.00000000 15.84432507
v 44.00000000 34.00000000 47.36438751
v 44.00000000 35.00000000 15.87398148
v 44.00000000 35.00000000 47.37767029
v 44.00000000 36.00000000 15.88315296
v 44.00000000 36.00000000 47.37861633
v 44.00000000 37.00000000 15.90431786
v 44.00000000 37.00000000 47.39337540
v 44.00000000 38.00000000 15.86283779
v 44.00000000 38.00000000 47.43701172
v 44.00000000 39.00000000 15.79995918
v 44.00000000 39.00000000 47.44681931
v 44.00000000 40.00000000 15.76556873
v 44.00000000 40.00000000 47.43043518
v 44.00000000 41.00000000 15.75049019
v 44.00000000 41.00000000 47.41043854
v 44.00000000 42.00000000 15.75829601
v 44.00000000 42.00000000 47.37173080
v 44.00000000 43.00000000 15.78273487
v 44.00000000 43.00000000 47.33457947
v 44.00000000 44.00000000 15.88891602
v 44.00000000 44.00000000 47.24811935
v 44.00000000 44.55485916 16.00000000
v 43.45212173 45.00000000 16.00000000
v 44.00000000 45.00000000 16.15546227
v 44.00000000 45.00000000 47.12467957
v 44.00000000 46.00000000 16.80064011
v 44.00000000 46.00000000 46.78422546
v 44.00000000 45.48646927 47.00000000
v 44.00000000 46.20122147 17.00000000
v 44.00000000 46.87168121 18.00000000
v 43.50526047 47.00000000 18.00000000
v 44.00000000 47.00000000 18.37826538
v 44.00000000 47.00000000 45.46580124
v 44.00000000 46.72833252 46.00000000
v 44.00000000 47.12114334 19.00000000
v 44.00000000 47.21120071 20.00000000
v 44.00000000 47.25144958 21.00000000
v 44.00000000 47.28252792 22.00000000
v 44.00000000 47.32123184 23.00000000
v 44.00000000 47.35095978 24.00000000
v 44.00000000 47.37894821 25.00000000
v 44.00000000 47.36066818 26.00000000
v 44.00000000 47.31782532 27.00000000
v 44.00000000 47.27329636 28.00000000
v 44.00000000 47.25380325 29.00000000
v 44.00000000 47.23417664 30.00000000
v 44.00000000 47.25082779 31.00000000
v 44.00000000 47.29273987 32.00000000
v 44.00000000 47.34522247 33.00000000
v 44.00000000 47.39210510 34.00000000
v 44.00000000 47.42061996 35.00000000
v 44.00000000 47.40727234 36.00000000
v 44.00000000 47.33153152 37.00000000
v 44.00000000 47.28801346 38.00000000
v 44.00000000 47.28562164 39.00000000
v 44.00000000 47.30461884 40.00000000
v 44.00000000 47.34307480 41.00000000
v 44.00000000 47.38888168 42.00000000
v 44.00000000 47.38950729 43.00000000
v 44.00000000 47.34302139 44.00000000
v 44.00000000 47.16318893 45.00000000
v 45.00000000 15.82681274 18.00000000
v 45.00000000 16.00000000 17.51680374
v 45.00000000 15.61829853 19.00000000
v 45.00000000 15.53564930 20.00000000
v 45.00000000 15.53529644 21.00000000
v 45.00000000 15.59892368 22.00000000
v 45.00000000 15.66426754 23.00000000
v 45.00000000 15.70279503 24.00000000
v 45.00000000 15.70332146 25.00000000
v 45.00000000 15.69954967 26.00000000
v 45.00000000 15.67442513 27.00000000
v 45.00000000 15.61540127 28.00000000
v 45.00000000 15.59357166 29.00000000
v 45.00000000 15.61432266 30.00000000
v 45.00000000 15.63107872 31.00000000
v 45.00000000 15.64642334 32.00000000
v 45.00000000 15.67069054 33.00000000
v 45.00000000 15.71092224 34.00000000
v 45.00000000 15.74022484 35.00000000
v 45.00000000 15.77124119 36.00000000
v 45.00000000 15.78363228 37.00000000
v 45.00000000 15.74430752 38.00000000
v 45.00000000 15.69180012 39.00000000
v 45.00000000 15.61919308 40.00000000
v 45.00000000 15.54230499 41.00000000
v 45.00000000 15.46560287 42.00000000
v 45.00000000 15.46084499 43.00000000
v 45.00000000 15.55940437 44.00000000
v 45.00000000 15.77753258 45.00000000
v 44.56997681 16.00000000 46.00000000
v 45.00000000 16.00000000 45.73615646
v 44.30426407 17.00000000 16.00000000
v 45.00000000 17.00000000 16.22453499
v 45.00000000 16.28862762 17.00000000
v 45.00000000 16.12736893 46.00000000
v 45.00000000 16.94294739 47.00000000
v 45.00000000 17.00000000 47.03540802
v 45.00000000 17.39671898 16.00000000
v 45.00000000 18.00000000 15.81813812
v 45.00000000 18.00000000 47.28469467
v 45.00000000 19.00000000 15.70885658
v 45.00000000 19.00000000 47.37100983
v 45.00000000 20.00000000 15.72203732
v 45.00000000 20.00000000 47.34292221
v 45.00000000 21.00000000 15.79664803
v 45.00000000 21.00000000 47.30253983
v 45.00000000 22.00000000 15.83952427
v 45.00000000 22.00000000 47.26051331
v 45.00000000 23.00000000 15.83625317
v 45.00000000 23.00000000 47.23161697
v 45.00000000 24.00000000 15.82459545
v 45.00000000 24.00000000 47.26598740
v 45.00000000 25.00000000 15.80807495
v 45.00000000 25.00000000 47.29323578
v 45.00000000 26.00000000 15.78823090
v 45.00000000 26.00000000 47.27847672
v 45.00000000 27.00000000 15.77993393
v 45.00000000 27.00000000 47.26165009
v 45.00000000 28.00000000 15.77644157
v 45.00000000 28.00000000 47.21126175
v 45.00000000 29.00000000 15.75521469
v 45.00000000 29.00000000 47.15711975
v 45.00000000 30.00000000 15.74984264
v 45.00000000 30.00000000 47.14435577
v 45.00000000 31.00000000 15.75814629
v 45.00000000 31.00000000 47.18740082
v 45.00000000 32.00000000 15.81089497
v 45.00000000 32.00000000 47.19906235
v 45.00000000 33.00000000 15.86023998
v 45.00000000 33.00000000 47.20353699
v 45.00000000 34.00000000 15.90819645
v 45.00000000 34.00000000 47.20586014
v 45.00000000 35.00000000 15.95823765
v 45.00000000 35.00000000 47.24295044
v 45.00000000 36.00000000 15.99917316
v 45.00000000 36.00000000 47.31449890
v 45.00000000 36.10453415 16.00000000
v 44.93252945 37.00000000 16.00000000
v 45.00000000 37.00000000 16.00785255
v 45.00000000 37.00000000 47.36547852
v 45.00000000 37.11107254 16.00000000
v 45.00000000 38.00000000 15.94549465
v 45.00000000 38.00000000 47.38113022
v 45.00000000 39.00000000 15.87010765
v 45.00000000 39.00000000 47.38967133
v 45.00000000 40.00000000 15.81684017
v 45.00000000 40.00000000 47.38329315
v 45.00000000 41.00000000 15.80071068
v 45.00000000 41.00000000 47.35439301
v 45.00000000 42.00000000 15.81818485
v 45.00000000 42.00000000 47.29147339
v 45.00000000 43.00000000 15.87823677
v 45.00000000 43.00000000 47.20121765
v 45.00000000 43.79943848 16.00000000
v 44.78306580 44.00000000 16.00000000
v 45.00000000 44.00000000 16.05459595
v 45.00000000 44.00000000 47.09410477
v 45.00000000 45.00000000 16.57194519
v 44.79056168 45.00000000 47.00000000
v 45.00000000 45.00000000 46.94867325
v 45.00000000 44.73413467 47.00000000
v 45.00000000 45.61295700 17.00000000
v 44.42396927 46.00000000 17.00000000
v 45.00000000 46.00000000 17.35336113
v 45.00000000 46.00000000 46.53521729
v 45.00000000 46.48539352 18.00000000
v 45.00000000 46.91439438 19.00000000
v 44.70411301 47.00000000 19.00000000
v 45.00000000 47.00000000 19.35776520
v 45.00000000 47.00000000 45.24676132
v 45.00000000 46.55889511 46.00000000
v 45.00000000 47.09172058 20.00000000
v 45.00000000 47.12757111 21.00000000
v 45.00000000 47.13822556 22.00000000
v 45.00000000 47.14935684 23.00000000
v 45.00000000 47.17214584 24.00000000
v 45.00000000 47.19364166 25.00000000
v 45.00000000 47.19374084 26.00000000
v 45.00000000 47.15887070 27.00000000
v 45.00000000 47.12165451 28.00000000
v 45.00000000 47.10240936 29.00000000
v 45.00000000 47.10975647 30.00000000
v 45.00000000 47.14804840 31.00000000
v 45.00000000 47.22447968 32.00000000
v 45.00000000 47.29185486 33.00000000
v 45.00000000 47.34682465 34.00000000
v 45.00000000 47.37295151 35.00000000
v 45.00000000 47.35234451 36.00000000
v 45.00000000 47.30493164 37.00000000
v 45.00000000 47.27127838 38.00000000
v 45.00000000 47.26937103 39.00000000
v 45.00000000 47.30078888 40.00000000
v 45.00000000 47.30892181 41.00000000
v 45.00000000 47.29977036 42.00000000
v 45.00000000 47.28367233 43.00000000
v 45.00000000 47.23383713 44.00000000
v 45.00000000 47.08792496 45.00000000
v 45.47192383 16.00000000 18.00000000
v 46.00000000 16.00000000 18.73413467
v 46.00000000 15.92667770 19.00000000
v 46.00000000 15.79636383 20.00000000
v 46.00000000 15.82119179 21.00000000
v 46.00000000 15.90375805 22.00000000
v 46.00000000 15.97291374 23.00000000
v 46.00000000 15.96551228 24.00000000
v 46.00000000 15.95721340 25.00000000
v 46.00000000 15.93467903 26.00000000
v 46.00000000 15.90005207 27.00000000
v 46.00000000 15.86571503 28.00000000
v 46.00000000 15.86175346 29.00000000
v 46.00000000 15.85867500 30.00000000
v 46.00000000 15.84991455 31.00000000
v 46.00000000 15.86351109 32.00000000
v 46.00000000 15.89077091 33.00000000
v 46.00000000 15.93947887 34.00000000
v 46.00000000 15.95386219 35.00000000
v 46.00000000 15.97448158 36.00000000
v 46.00000000 15.91334152 37.00000000
v 46.00000000 15.87046242 38.00000000
v 46.00000000 15.82476997 39.00000000
v 46.00000000 15.75439739 40.00000000
v 46.00000000 15.71392059 41.00000000
v 46.00000000 15.67996407 42.00000000
v 46.00000000 15.70735741 43.00000000
v 46.00000000 15.84489632 44.00000000
v 45.70736313 16.00000000 45.00000000
v 46.00000000 16.00000000 44.60991669
v 46.00000000 16.98802948 17.00000000
v 46.00000000 17.00000000 16.98687553
v 46.00000000 16.34027290 18.00000000
v 46.00000000 16.16122055 45.00000000
v 46.00000000 16.72923470 46.00000000
v 45.09715652 17.00000000 47.00000000
v 46.00000000 17.00000000 46.32516479
v 45.53532028 18.00000000 16.00000000
v 46.00000000 18.00000000 16.32421684
v 45.92808151 18.00000000 47.00000000
v 46.00000000 18.00000000 46.94913101
v 46.00000000 18.99355316 16.00000000
v 46.00000000 19.00000000 15.99882793
v 46.00000000 18.19560242 47.00000000
v 46.00000000 19.00000000 47.09601212
v 46.00000000 19.19003296 16.00000000
v 45.98621750 20.00000000 16.00000000
v 46.00000000 20.00000000 16.00679970
v 46.00000000 20.00000000 47.17260361
v 45.81061172 21.00000000 16.00000000
v 46.00000000 21.00000000 16.07397842
v 46.00000000 21.00000000 47.18262100
v 45.79461670 22.00000000 16.00000000
v 46.00000000 22.00000000 16.06368446
v 46.00000000 22.00000000 47.14834213
v 45.82295609 23.00000000 16.00000000
v 46.00000000 23.00000000 16.05427361
v 46.00000000 23.00000000 47.08536530
v 45.86122513 24.00000000 16.00000000
v 46.00000000 24.00000000 16.04350853
v 46.00000000 24.00000000 47.08922195
v 45.95870590 25.00000000 16.00000000
v 46.00000000 25.00000000 16.01311874
v 46.00000000 25.00000000 47.07691193
v 45.97650528 26.00000000 16.00000000
v 46.00000000 26.00000000 16.00825882
v 46.00000000 26.00000000 47.01788330
v 45.95598602 27.00000000 16.00000000
v 46.00000000 27.00000000 16.01606178
v 45.81087494 27.00000000 47.00000000
v 46.00000000 27.00000000 46.91624451
v 46.00000000 26.19745827 47.00000000
v 45.98505783 28.00000000 16.00000000
v 46.00000000 28.00000000 16.00535774
v 45.69868469 28.00000000 47.00000000
v 46.00000000 28.00000000 46.87430954
v 46.00000000 28.13139153 16.00000000
v 46.00000000 29.00000000 15.97373772
v 45.57133484 29.00000000 47.00000000
v 46.00000000 29.00000000 46.84205627
v 46.00000000 30.00000000 15.94937801
v 45.58647919 30.00000000 47.00000000
v 46.00000000 30.00000000 46.86007309
v 46.00000000 31.00000000 15.94066906
v 45.69670868 31.00000000 47.00000000
v 46.00000000 31.00000000 46.88855743
v 46.00000000 32.00000000 15.98646641
v 45.80902100 32.00000000 47.00000000
v 46.00000000 32.00000000 46.93799591
v 46.00000000 32.28534698 16.00000000
v 45.81893158 33.00000000 16.00000000
v 46.00000000 33.00000000 16.04296875
v 45.87236786 33.00000000 47.00000000
v 46.00000000 33.00000000 46.96284103
v 45.58847809 34.00000000 16.00000000
v 46.00000000 34.00000000 16.08685875
v 46.00000000 33.98740768 47.00000000
v 46.00000000 34.00000000 47.00040054
v 45.27632141 35.00000000 16.00000000
v 46.00000000 35.00000000 16.15053940
v 46.00000000 35.00000000 47.05666733
v 45.00504684 36.00000000 16.00000000
v 46.00000000 36.00000000 16.22238541
v 46.00000000 36.00000000 47.11041641
v 46.00000000 37.00000000 16.25639725
v 46.00000000 37.00000000 47.14428329
v 45.31053925 38.00000000 16.00000000
v 46.00000000 38.00000000 16.17500114
v 46.00000000 38.00000000 47.15059662
v 45.78953934 39.00000000 16.00000000
v 46.00000000 39.00000000 16.05330467
v 46.00000000 39.00000000 47.12908936
v 46.00000000 39.55764771 16.00000000
v 46.00000000 40.00000000 15.97014236
v 46.00000000 40.00000000 47.12415314
v 46.00000000 41.00000000 15.98284531
v 46.00000000 41.00000000 47.09652328
v 46.00000000 41.30437088 16.00000000
v 45.83105469 42.00000000 16.00000000
v 46.00000000 42.00000000 16.06378174
v 46.00000000 42.00000000 47.04404449
v 45.51567841 43.00000000 16.00000000
v 46.00000000 43.00000000 16.21059990
v 45.86945343 43.00000000 47.00000000
v 46.00000000 43.00000000 46.95259476
v 46.00000000 42.57315063 47.00000000
v 46.00000000 44.00000000 16.53149986
v 45.39439774 44.00000000 47.00000000
v 46.00000000 44.00000000 46.77967453
v 46.00000000 44.79162216 17.00000000
v 45.78399277 45.00000000 17.00000000
v 46.00000000 45.00000000 17.17337227
v 46.00000000 45.00000000 46.52468872
v 46.00000000 45.83590317 18.00000000
v 45.81754303 46.00000000 18.00000000
v 46.00000000 46.00000000 18.20557404
v 46.00000000 46.00000000 46.08502579
v 46.00000000 46.44231415 19.00000000
v 46.00000000 46.70539856 20.00000000
v 45.35959625 47.00000000 20.00000000
v 46.00000000 46.76106644 21.00000000
v 45.47074127 47.00000000 21.00000000
v 46.00000000 46.78910828 22.00000000
v 45.50024414 47.00000000 22.00000000
v 46.00000000 46.78102493 23.00000000
v 45.48439026 47.00000000 23.00000000
v 46.00000000 46.78444290 24.00000000
v 45.51145172 47.00000000 24.00000000
v 46.00000000 46.80885696 25.00000000
v 45.56694412 47.00000000 25.00000000
v 46.00000000 46.82566452 26.00000000
v 45.58724976 47.00000000 26.00000000
v 46.00000000 46.78259277 27.00000000
v 45.47639465 47.00000000 27.00000000
v 46.00000000 46.73992538 28.00000000
v 45.36860657 47.00000000 28.00000000
v 46.00000000 46.78166199 29.00000000
v 45.37347031 47.00000000 29.00000000
v 46.00000000 46.83063126 30.00000000
v 45.46064377 47.00000000 30.00000000
v 46.00000000 46.87239075 31.00000000
v 45.60218430 47.00000000 31.00000000
v 46.00000000 46.97540283 32.00000000
v 45.92558670 47.00000000 32.00000000
v 46.00000000 47.00000000 32.20922089
v 45.37447357 47.00000000 45.00000000
v 46.00000000 47.00000000 44.12540817
v 46.00000000 46.73763275 45.00000000
v 46.00000000 46.09754562 46.00000000
v 46.00000000 47.07445145 33.00000000
v 46.00000000 47.12281036 34.00000000
v 46.00000000 47.13356781 35.00000000
v 46.00000000 47.11699677 36.00000000
v 46.00000000 47.07317734 37.00000000
v 46.00000000 47.04642868 38.00000000
v 46.00000000 47.04235458 39.00000000
v 46.00000000 47.06270599 40.00000000
v 46.00000000 47.06954956 41.00000000
v 46.00000000 47.05975342 42.00000000
v 46.00000000 47.06882477 43.00000000
v 46.00000000 47.02044296 44.00000000
v 46.12323761 16.00000000 19.00000000
v 46.33972931 16.00000000 20.00000000
v 46.29959106 16.00000000 21.00000000
v 46.16933060 16.00000000 22.00000000
v 46.05095673 16.00000000 23.00000000
v 46.06548691 16.00000000 24.00000000
v 46.07582474 16.00000000 25.00000000
v 46.11360168 16.00000000 26.00000000
v 46.15922546 16.00000000 27.00000000
v 46.20157623 16.00000000 28.00000000
v 46.21249390 16.00000000 29.00000000
v 46.22637558 16.00000000 30.00000000
v 46.25537109 16.00000000 31.00000000
v 46.23214722 16.00000000 32.00000000
v 46.17150497 16.00000000 33.00000000
v 46.08987045 16.00000000 34.00000000
v 46.06914520 16.00000000 35.00000000
v 46.04121399 16.00000000 36.00000000
v 46.14058685 16.00000000 37.00000000
v 46.24858856 16.00000000 38.00000000
v 46.38216019 16.00000000 39.00000000
v 46.57904053 16.00000000 40.00000000
v 46.68194580 16.00000000 41.00000000
v 46.66270065 16.00000000 42.00000000
v 46.55880737 16.00000000 43.00000000
v 46.29010010 16.00000000 44.00000000
v 46.00991821 17.00000000 17.00000000
v 46.58516312 17.00000000 18.00000000
v 46.87644958 17.00000000 19.00000000
v 47.00000000 17.00000000 19.67648125
v 47.00000000 16.90094566 20.00000000
v 47.00000000 16.84547043 21.00000000
v 47.00000000 16.87956047 22.00000000
v 47.00000000 16.96203613 23.00000000
v 47.00000000 16.99674225 24.00000000
v 46.97164917 17.00000000 25.00000000
v 47.00000000 17.00000000 24.06661606
v 46.97732544 17.00000000 26.00000000
v 46.96196365 17.00000000 27.00000000
v 46.94641876 17.00000000 28.00000000
v 46.97411346 17.00000000 29.00000000
v 46.99035263 17.00000000 30.00000000
v 46.92757797 17.00000000 31.00000000
v 46.85900116 17.00000000 32.00000000
v 46.81281281 17.00000000 33.00000000
v 46.75511932 17.00000000 34.00000000
v 46.75338745 17.00000000 35.00000000
v 46.76936340 17.00000000 36.00000000
v 46.82464600 17.00000000 37.00000000
v 46.93845367 17.00000000 38.00000000
v 47.00000000 17.00000000 38.36534500
v 47.00000000 16.77202797 39.00000000
v 47.00000000 16.47609138 40.00000000
v 47.00000000 16.30450630 41.00000000
v 47.00000000 16.35269356 42.00000000
v 47.00000000 16.47113228 43.00000000
v 47.00000000 16.71676826 44.00000000
v 46.86191559 17.00000000 45.00000000
v 47.00000000 17.00000000 44.64462280
v 46.26663971 17.00000000 46.00000000
v 46.57482529 18.00000000 17.00000000
v 47.00000000 18.00000000 17.86631966
v 47.00000000 17.86516953 18.00000000
v 47.00000000 17.28544044 19.00000000
v 47.00000000 17.08745384 25.00000000
v 47.00000000 17.07280922 26.00000000
v 47.00000000 17.12893677 27.00000000
v 47.00000000 17.17717361 28.00000000
v 47.00000000 17.08681870 29.00000000
v 47.00000000 17.04213333 30.00000000
v 47.00000000 17.28423691 31.00000000
v 47.00000000 17.52885246 32.00000000
v 47.00000000 17.65239334 33.00000000
v 47.00000000 17.76107216 34.00000000
v 47.00000000 17.72928619 35.00000000
v 47.00000000 17.66965675 36.00000000
v 47.00000000 17.60330200 37.00000000
v 47.00000000 17.19823456 38.00000000
v 47.00000000 17.30160904 45.00000000
v 46.69583511 18.00000000 46.00000000
v 47.00000000 18.00000000 45.47401047
v 46.00207901 19.00000000 16.00000000
v 46.89509583 19.00000000 17.00000000
v 47.00000000 19.00000000 17.21990967
v 46.90674973 19.00000000 46.00000000
v 47.00000000 19.00000000 45.82228851
v 46.18179703 19.00000000 47.00000000
v 46.98840332 20.00000000 17.00000000
v 47.00000000 20.00000000 17.02554131
v 47.00000000 19.37101746 46.00000000
v 46.36448288 20.00000000 47.00000000
v 47.00000000 20.00000000 46.23011017
v 47.00000000 20.45745659 17.00000000
v 47.00000000 21.00000000 16.97821617
v 46.45831299 21.00000000 47.00000000
v 47.00000000 21.00000000 46.50062943
v 47.00000000 21.88320923 17.00000000
v 46.99824142 22.00000000 17.00000000
v 47.00000000 22.00000000 17.00516510
v 46.42007446 22.00000000 47.00000000
v 47.00000000 22.00000000 46.49968719
v 46.96520233 23.00000000 17.00000000
v 47.00000000 23.00000000 17.10471916
v 46.19832230 23.00000000 47.00000000
v 47.00000000 23.00000000 46.29474258
v 46.97533417 24.00000000 17.00000000
v 47.00000000 24.00000000 17.07740593
v 46.18229675 24.00000000 47.00000000
v 47.00000000 24.00000000 46.23949432
v 46.97215652 25.00000000 17.00000000
v 47.00000000 25.00000000 17.08568954
v 46.14709473 25.00000000 47.00000000
v 47.00000000 25.00000000 46.24145126
v 46.97075653 26.00000000 17.00000000
v 47.00000000 26.00000000 17.08880615
v 46.03312302 26.00000000 47.00000000
v 47.00000000 26.00000000 46.17169952
v 46.97459793 27.00000000 17.00000000
v 47.00000000 27.00000000 17.07346725
v 47.00000000 27.00000000 46.11038971
v 47.00000000 27.69015884 17.00000000
v 47.00000000 28.00000000 16.98579979
v 47.00000000 28.00000000 46.00974274
v 46.04323578 29.00000000 16.00000000
v 47.00000000 28.85374451 17.00000000
v 46.99807358 29.00000000 17.00000000
v 47.00000000 29.00000000 17.00544548
v 46.96815491 29.00000000 46.00000000
v 47.00000000 29.00000000 45.93361282
v 47.00000000 28.21053314 46.00000000
v 46.08460617 30.00000000 16.00000000
v 46.96259308 30.00000000 17.00000000
v 47.00000000 30.00000000 17.11296463
v 46.97385025 30.00000000 46.00000000
v 47.00000000 30.00000000 45.94866562
v 46.10124207 31.00000000 16.00000000
v 46.95312881 31.00000000 17.00000000
v 47.00000000 31.00000000 17.15181732
v 47.00000000 30.45123291 46.00000000
v 47.00000000 31.00000000 46.04113007
v 46.02511978 32.00000000 16.00000000
v 46.93772507 32.00000000 17.00000000
v 47.00000000 32.00000000 17.21000862
v 47.00000000 32.00000000 46.10040665
v 46.93040466 33.00000000 17.00000000
v 47.00000000 33.00000000 17.23517990
v 47.00000000 33.00000000 46.13845444
v 46.94858551 34.00000000 17.00000000
v 47.00000000 34.00000000 17.19604492
v 46.00107574 34.00000000 47.00000000
v 47.00000000 34.00000000 46.27585983
v 46.91598129 35.00000000 17.00000000
v 47.00000000 35.00000000 17.28938484
v 46.15757751 35.00000000 47.00000000
v 47.00000000 35.00000000 46.34959030
v 46.84214020 36.00000000 17.00000000
v 47.00000000 36.00000000 17.48374176
v 46.28316879 36.00000000 47.00000000
v 47.00000000 36.00000000 46.37853622
v 46.83176041 37.00000000 17.00000000
v 47.00000000 37.00000000 17.55576515
v 46.33662415 37.00000000 47.00000000
v 47.00000000 37.00000000 46.41914749
v 46.85181427 38.00000000 17.00000000
v 47.00000000 38.00000000 17.61544228
v 46.35730743 38.00000000 47.00000000
v 47.00000000 38.00000000 46.44305801
v 46.95119476 39.00000000 17.00000000
v 47.00000000 39.00000000 17.21990585
v 46.29882812 39.00000000 47.00000000
v 47.00000000 39.00000000 46.39838028
v 46.07147980 40.00000000 16.00000000
v 47.00000000 40.00000000 16.95978737
v 47.00000000 39.67853928 17.00000000
v 46.24070740 40.00000000 47.00000000
v 47.00000000 40.00000000 46.31186295
v 46.04166412 41.00000000 16.00000000
v 47.00000000 41.00000000 16.91945076
v 46.16693115 41.00000000 47.00000000
v 47.00000000 41.00000000 46.20441818
v 47.00000000 41.86065674 17.00000000
v 46.99036789 42.00000000 17.00000000
v 47.00000000 42.00000000 17.02515030
v 46.07398605 42.00000000 47.00000000
v 47.00000000 42.00000000 46.04141235
v 46.82559586 43.00000000 17.00000000
v 47.00000000 43.00000000 17.41621971
v 46.92396164 43.00000000 46.00000000
v 47.00000000 43.00000000 45.79901886
v 47.00000000 42.30508423 46.00000000
v 46.50442505 44.00000000 17.00000000
v 47.00000000 43.93315506 18.00000000
v 46.98413467 44.00000000 18.00000000
v 47.00000000 44.00000000 18.06080818
v 46.77923965 44.00000000 46.00000000
v 47.00000000 44.00000000 45.45219421
v 46.59474564 45.00000000 18.00000000
v 47.00000000 44.84727097 19.00000000
v 46.95768738 45.00000000 19.00000000
v 47.00000000 45.00000000 19.18252373
v 46.55137253 45.00000000 46.00000000
v 47.00000000 45.00000000 45.05578232
v 46.41709900 46.00000000 19.00000000
v 47.00000000 45.34965897 20.00000000
v 46.65252304 46.00000000 20.00000000
v 47.00000000 45.54839325 21.00000000
v 46.79806137 46.00000000 21.00000000
v 47.00000000 45.73570633 22.00000000
v 46.88164139 46.00000000 22.00000000
v 47.00000000 45.86018372 23.00000000
v 46.94347382 46.00000000 23.00000000
v 47.00000000 45.95283890 24.00000000
v 46.98212433 46.00000000 24.00000000
v 47.00000000 46.00000000 24.46056557
v 46.97773361 46.00000000 26.00000000
v 47.00000000 46.00000000 25.46619606
v 47.00000000 45.93777847 26.00000000
v 47.00000000 45.77550888 27.00000000
v 46.91116714 46.00000000 27.00000000
v 47.00000000 45.75485611 28.00000000
v 46.90805817 46.00000000 28.00000000
v 47.00000000 45.74617004 29.00000000
v 46.92339325 46.00000000 29.00000000
v 47.00000000 45.79861450 30.00000000
v 46.93661499 46.00000000 30.00000000
v 47.00000000 45.88758087 31.00000000
v 46.96870422 46.00000000 31.00000000
v 47.00000000 45.80718613 32.00000000
v 46.94586563 46.00000000 32.00000000
v 47.00000000 45.80274200 33.00000000
v 46.95429611 46.00000000 33.00000000
v 47.00000000 45.80486679 34.00000000
v 46.95364761 46.00000000 34.00000000
v 47.00000000 45.81409454 35.00000000
v 46.94847107 46.00000000 35.00000000
v 47.00000000 45.84194183 36.00000000
v 46.95071411 46.00000000 36.00000000
v 47.00000000 45.82941055 37.00000000
v 46.95024109 46.00000000 37.00000000
v 47.00000000 45.86542130 38.00000000
v 46.96667862 46.00000000 38.00000000
v 47.00000000 45.76403046 39.00000000
v 46.94214630 46.00000000 39.00000000
v 47.00000000 45.89649963 40.00000000
v 46.97778702 46.00000000 40.00000000
v 47.00000000 46.00000000 40.63849258
v 46.93537521 46.00000000 44.00000000
v 47.00000000 46.00000000 43.50762177
v 47.00000000 45.79407883 44.00000000
v 47.00000000 45.07526779 45.00000000
v 46.68114090 46.00000000 45.00000000
v 46.10007095 46.00000000 46.00000000
v 47.00000000 46.02230453 25.00000000
v 46.12999725 47.00000000 33.00000000
v 46.19715881 47.00000000 34.00000000
v 46.20107269 47.00000000 35.00000000
v 46.17161179 47.00000000 36.00000000
v 46.10990143 47.00000000 37.00000000
v 46.07280731 47.00000000 38.00000000
v 46.06875992 47.00000000 39.00000000
v 46.10521698 47.00000000 40.00000000
v 47.00000000 46.01905441 41.00000000
v 46.12017441 47.00000000 41.00000000
v 47.00000000 46.09360886 42.00000000
v 46.10746384 47.00000000 42.00000000
v 47.00000000 46.09201431 43.00000000
v 46.12954330 47.00000000 43.00000000
v 46.04235077 47.00000000 44.00000000
v 47.04207993 17.00000000 20.00000000
v 47.07821274 17.00000000 21.00000000
v 47.06401443 17.00000000 22.00000000
v 47.01959229 17.00000000 23.00000000
v 47.00159836 17.00000000 24.00000000
v 47.09248352 17.00000000 39.00000000
v 47.20654297 17.00000000 40.00000000
v 47.29767609 17.00000000 41.00000000
v 47.28664017 17.00000000 42.00000000
v 47.24763870 17.00000000 43.00000000
v 47.13581848 17.00000000 44.00000000
v 47.03667831 18.00000000 18.00000000
v 47.20429230 18.00000000 19.00000000
v 47.29543304 18.00000000 20.00000000
v 47.33206177 18.00000000 21.00000000
v 47.31953812 18.00000000 22.00000000
v 47.26144409 18.00000000 23.00000000
v 47.23339081 18.00000000 24.00000000
v 47.22079849 18.00000000 25.00000000
v 47.20868683 18.00000000 26.00000000
v 47.18874741 18.00000000 27.00000000
v 47.18907166 18.00000000 28.00000000
v 47.19642258 18.00000000 29.00000000
v 47.15872192 18.00000000 30.00000000
v 47.14218521 18.00000000 31.00000000
v 47.10210037 18.00000000 32.00000000
v 47.07986450 18.00000000 33.00000000
v 47.06263351 18.00000000 34.00000000
v 47.07509995 18.00000000 35.00000000
v 47.09345627 18.00000000 36.00000000
v 47.10064697 18.00000000 37.00000000
v 47.19981766 18.00000000 38.00000000
v 47.29832458 18.00000000 39.00000000
v 47.39677811 18.00000000 40.00000000
v 47.41572189 18.00000000 41.00000000
v 47.43356323 18.00000000 42.00000000
v 47.42123413 18.00000000 43.00000000
v 47.34945297 18.00000000 44.00000000
v 47.17313766 18.00000000 45.00000000
v 47.20887375 19.00000000 18.00000000
v 47.33530045 19.00000000 19.00000000
v 47.38951111 19.00000000 20.00000000
v 47.38846588 19.00000000 21.00000000
v 47.35992050 19.00000000 22.00000000
v 47.32708359 19.00000000 23.00000000
v 47.28387451 19.00000000 24.00000000
v 47.28527069 19.00000000 25.00000000
v 47.27559280 19.00000000 26.00000000
v 47.25637054 19.00000000 27.00000000
v 47.25215912 19.00000000 28.00000000
v 47.25209045 19.00000000 29.00000000
v 47.24567795 19.00000000 30.00000000
v 47.22766876 19.00000000 31.00000000
v 47.20405960 19.00000000 32.00000000
v 47.18135071 19.00000000 33.00000000
v 47.17300034 19.00000000 34.00000000
v 47.19407654 19.00000000 35.00000000
v 47.20223999 19.00000000 36.00000000
v 47.21732712 19.00000000 37.00000000
v 47.32437134 19.00000000 38.00000000
v 47.40373611 19.00000000 39.00000000
v 47.44670868 19.00000000 40.00000000
v 47.45699310 19.00000000 41.00000000
v 47.47156906 19.00000000 42.00000000
v 47.46367264 19.00000000 43.00000000
v 47.42213440 19.00000000 44.00000000
v 47.25868988 19.00000000 45.00000000
v 47.26741028 20.00000000 18.00000000
v 47.36525345 20.00000000 19.00000000
v 47.39709473 20.00000000 20.00000000
v 47.39111328 20.00000000 21.00000000
v 47.34942245 20.00000000 22.00000000
v 47.31816483 20.00000000 23.00000000
v 47.30229950 20.00000000 24.00000000
v 47.30043411 20.00000000 25.00000000
v 47.30135345 20.00000000 26.00000000
v 47.28169250 20.00000000 27.00000000
v 47.27318573 20.00000000 28.00000000
v 47.27767181 20.00000000 29.00000000
v 47.28209686 20.00000000 30.00000000
v 47.27428055 20.00000000 31.00000000
v 47.24342728 20.00000000 32.00000000
v 47.22971725 20.00000000 33.00000000
v 47.21221924 20.00000000 34.00000000
v 47.22307968 20.00000000 35.00000000
v 47.24953842 20.00000000 36.00000000
v 47.26142502 20.00000000 37.00000000
v 47.31856155 20.00000000 38.00000000
v 47.37356949 20.00000000 39.00000000
v 47.42383194 20.00000000 40.00000000
v 47.45548630 20.00000000 41.00000000
v 47.46427536 20.00000000 42.00000000
v 47.45993042 20.00000000 43.00000000
v 47.41271210 20.00000000 44.00000000
v 47.31820679 20.00000000 45.00000000
v 47.09728241 20.00000000 46.00000000
v 47.00956726 21.00000000 17.00000000
v 47.24896622 21.00000000 18.00000000
v 47.37328339 21.00000000 19.00000000
v 47.39363480 21.00000000 20.00000000
v 47.38336945 21.00000000 21.00000000
v 47.34466553 21.00000000 22.00000000
v 47.30694962 21.00000000 23.00000000
v 47.29965591 21.00000000 24.00000000
v 47.31261826 21.00000000 25.00000000
v 47.29916382 21.00000000 26.00000000
v 47.27586365 21.00000000 27.00000000
v 47.27356720 21.00000000 28.00000000
v 47.28770447 21.00000000 29.00000000
v 47.28512955 21.00000000 30.00000000
v 47.27527618 21.00000000 31.00000000
v 47.25770950 21.00000000 32.00000000
v 47.23587036 21.00000000 33.00000000
v 47.23368454 21.00000000 34.00000000
v 47.24317169 21.00000000 35.00000000
v 47.25281525 21.00000000 36.00000000
v 47.26597595 21.00000000 37.00000000
v 47.28633881 21.00000000 38.00000000
v 47.32482147 21.00000000 39.00000000
v 47.38335419 21.00000000 40.00000000
v 47.41821289 21.00000000 41.00000000
v 47.44236755 21.00000000 42.00000000
v 47.43792725 21.00000000 43.00000000
v 47.40768433 21.00000000 44.00000000
v 47.35298157 21.00000000 45.00000000
v 47.21153259 21.00000000 46.00000000
v 47.22177887 22.00000000 18.00000000
v 47.32880020 22.00000000 19.00000000
v 47.38559723 22.00000000 20.00000000
v 47.39298248 22.00000000 21.00000000
v 47.36279678 22.00000000 22.00000000
v 47.31110001 22.00000000 23.00000000
v 47.28747940 22.00000000 24.00000000
v 47.28268814 22.00000000 25.00000000
v 47.27439499 22.00000000 26.00000000
v 47.26632309 22.00000000 27.00000000
v 47.27177429 22.00000000 28.00000000
v 47.28086853 22.00000000 29.00000000
v 47.27946854 22.00000000 30.00000000
v 47.26352692 22.00000000 31.00000000
v 47.23522949 22.00000000 32.00000000
v 47.21974564 22.00000000 33.00000000
v 47.22362137 22.00000000 34.00000000
v 47.22394180 22.00000000 35.00000000
v 47.23251343 22.00000000 36.00000000
v 47.25228882 22.00000000 37.00000000
v 47.28022385 22.00000000 38.00000000
v 47.32312012 22.00000000 39.00000000
v 47.35116959 22.00000000 40.00000000
v 47.40596390 22.00000000 41.00000000
v 47.43923569 22.00000000 42.00000000
v 47.42465591 22.00000000 43.00000000
v 47.38914871 22.00000000 44.00000000
v 47.32859421 22.00000000 45.00000000
v 47.19743729 22.00000000 46.00000000
v 47.20112991 23.00000000 18.00000000
v 47.30568314 23.00000000 19.00000000
v 47.36809921 23.00000000 20.00000000
v 47.39552307 23.00000000 21.00000000
v 47.37414551 23.00000000 22.00000000
v 47.31126022 23.00000000 23.00000000
v 47.25276566 23.00000000 24.00000000
v 47.23416901 23.00000000 25.00000000
v 47.23901367 23.00000000 26.00000000
v 47.24264908 23.00000000 27.00000000
v 47.25838089 23.00000000 28.00000000
v 47.27659225 23.00000000 29.00000000
v 47.26873398 23.00000000 30.00000000
v 47.24435425 23.00000000 31.00000000
v 47.21716309 23.00000000 32.00000000
v 47.19988632 23.00000000 33.00000000
v 47.18638611 23.00000000 34.00000000
v 47.17442703 23.00000000 35.00000000
v 47.20999146 23.00000000 36.00000000
v 47.26719284 23.00000000 37.00000000
v 47.31955338 23.00000000 38.00000000
v 47.36064911 23.00000000 39.00000000
v 47.39092255 23.00000000 40.00000000
v 47.41677475 23.00000000 41.00000000
v 47.42768860 23.00000000 42.00000000
v 47.42606354 23.00000000 43.00000000
v 47.39254761 23.00000000 44.00000000
v 47.31839371 23.00000000 45.00000000
v 47.13344193 23.00000000 46.00000000
v 47.19379807 24.00000000 18.00000000
v 47.29751205 24.00000000 19.00000000
v 47.35317612 24.00000000 20.00000000
v 47.37480164 24.00000000 21.00000000
v 47.34572983 24.00000000 22.00000000
v 47.28143692 24.00000000 23.00000000
v 47.21860123 24.00000000 24.00000000
v 47.18193436 24.00000000 25.00000000
v 47.19707108 24.00000000 26.00000000
v 47.21637726 24.00000000 27.00000000
v 47.25618744 24.00000000 28.00000000
v 47.26695251 24.00000000 29.00000000
v 47.25894547 24.00000000 30.00000000
v 47.23749161 24.00000000 31.00000000
v 47.20792770 24.00000000 32.00000000
v 47.18290710 24.00000000 33.00000000
v 47.16448975 24.00000000 34.00000000
v 47.15290451 24.00000000 35.00000000
v 47.18675232 24.00000000 36.00000000
v 47.26840210 24.00000000 37.00000000
v 47.33330154 24.00000000 38.00000000
v 47.38144302 24.00000000 39.00000000
v 47.42160034 24.00000000 40.00000000
v 47.44978333 24.00000000 41.00000000
v 47.45486450 24.00000000 42.00000000
v 47.45288849 24.00000000 43.00000000
v 47.42298126 24.00000000 44.00000000
v 47.31933594 24.00000000 45.00000000
v 47.11822891 24.00000000 46.00000000
v 47.19482040 25.00000000 18.00000000
v 47.29399872 25.00000000 19.00000000
v 47.33977890 25.00000000 20.00000000
v 47.34909439 25.00000000 21.00000000
v 47.32624817 25.00000000 22.00000000
v 47.25293350 25.00000000 23.00000000
v 47.18981171 25.00000000 24.00000000
v 47.14987946 25.00000000 25.00000000
v 47.15424347 25.00000000 26.00000000
v 47.19409943 25.00000000 27.00000000
v 47.24977493 25.00000000 28.00000000
v 47.27340698 25.00000000 29.00000000
v 47.27503586 25.00000000 30.00000000
v 47.25686646 25.00000000 31.00000000
v 47.21057510 25.00000000 32.00000000
v 47.17391968 25.00000000 33.00000000
v 47.14758682 25.00000000 34.00000000
v 47.12850189 25.00000000 35.00000000
v 47.16498947 25.00000000 36.00000000
v 47.24840927 25.00000000 37.00000000
v 47.32647324 25.00000000 38.00000000
v 47.37985229 25.00000000 39.00000000
v 47.42786407 25.00000000 40.00000000
v 47.45469666 25.00000000 41.00000000
v 47.46753693 25.00000000 42.00000000
v 47.46738815 25.00000000 43.00000000
v 47.44184875 25.00000000 44.00000000
v 47.33644104 25.00000000 45.00000000
v 47.13351059 25.00000000 46.00000000
v 47.19756317 26.00000000 18.00000000
v 47.27828217 26.00000000 19.00000000
v 47.31719971 26.00000000 20.00000000
v 47.31150436 26.00000000 21.00000000
v 47.29791260 26.00000000 22.00000000
v 47.25523376 26.00000000 23.00000000
v 47.19385910 26.00000000 24.00000000
v 47.15181351 26.00000000 25.00000000
v 47.15672302 26.00000000 26.00000000
v 47.18239212 26.00000000 27.00000000
v 47.23840332 26.00000000 28.00000000
v 47.28239441 26.00000000 29.00000000
v 47.30801773 26.00000000 30.00000000
v 47.26259232 26.00000000 31.00000000
v 47.19223022 26.00000000 32.00000000
v 47.14503860 26.00000000 33.00000000
v 47.11824799 26.00000000 34.00000000
v 47.09408951 26.00000000 35.00000000
v 47.13055801 26.00000000 36.00000000
v 47.21456909 26.00000000 37.00000000
v 47.28203964 26.00000000 38.00000000
v 47.34232712 26.00000000 39.00000000
v 47.39523697 26.00000000 40.00000000
v 47.43403625 26.00000000 41.00000000
v 47.45952988 26.00000000 42.00000000
v 47.46244049 26.00000000 43.00000000
v 47.42136383 26.00000000 44.00000000
v 47.33511734 26.00000000 45.00000000
v 47.10103989 26.00000000 46.00000000
v 47.20653534 27.00000000 18.00000000
v 47.25458527 27.00000000 19.00000000
v 47.27292252 27.00000000 20.00000000
v 47.28150177 27.00000000 21.00000000
v 47.28026581 27.00000000 22.00000000
v 47.26538086 27.00000000 23.00000000
v 47.20806122 27.00000000 24.00000000
v 47.17922592 27.00000000 25.00000000
v 47.15948868 27.00000000 26.00000000
v 47.18690491 27.00000000 27.00000000
v 47.24158859 27.00000000 28.00000000
v 47.27851868 27.00000000 29.00000000
v 47.28581238 27.00000000 30.00000000
v 47.25580215 27.00000000 31.00000000
v 47.18718719 27.00000000 32.00000000
v 47.12028503 27.00000000 33.00000000
v 47.07373810 27.00000000 34.00000000
v 47.05376053 27.00000000 35.00000000
v 47.09880066 27.00000000 36.00000000
v 47.16848373 27.00000000 37.00000000
v 47.21527481 27.00000000 38.00000000
v 47.26700592 27.00000000 39.00000000
v 47.33000565 27.00000000 40.00000000
v 47.39144516 27.00000000 41.00000000
v 47.43803406 27.00000000 42.00000000
v 47.43641281 27.00000000 43.00000000
v 47.40232849 27.00000000 44.00000000
v 47.31081772 27.00000000 45.00000000
v 47.06753922 27.00000000 46.00000000
v 47.00822449 28.00000000 17.00000000
v 47.23064423 28.00000000 18.00000000
v 47.24800110 28.00000000 19.00000000
v 47.25717926 28.00000000 20.00000000
v 47.27188492 28.00000000 21.00000000
v 47.27392960 28.00000000 22.00000000
v 47.26436996 28.00000000 23.00000000
v 47.23538971 28.00000000 24.00000000
v 47.20809555 28.00000000 25.00000000
v 47.17742157 28.00000000 26.00000000
v 47.18761826 28.00000000 27.00000000
v 47.24615479 28.00000000 28.00000000
v 47.26531982 28.00000000 29.00000000
v 47.25468063 28.00000000 30.00000000
v 47.23786545 28.00000000 31.00000000
v 47.20684052 28.00000000 32.00000000
v 47.14879990 28.00000000 33.00000000
v 47.09027481 28.00000000 34.00000000
v 47.07783890 28.00000000 35.00000000
v 47.09968567 28.00000000 36.00000000
v 47.12244034 28.00000000 37.00000000
v 47.13928986 28.00000000 38.00000000
v 47.18209457 28.00000000 39.00000000
v 47.26105881 28.00000000 40.00000000
v 47.34686661 28.00000000 41.00000000
v 47.39909744 28.00000000 42.00000000
v 47.41654205 28.00000000 43.00000000
v 47.38140488 28.00000000 44.00000000
v 47.28335190 28.00000000 45.00000000
v 47.00584030 28.00000000 46.00000000
v 47.22991943 29.00000000 18.00000000
v 47.25297928 29.00000000 19.00000000
v 47.26499557 29.00000000 20.00000000
v 47.26853561 29.00000000 21.00000000
v 47.26625824 29.00000000 22.00000000
v 47.23976517 29.00000000 23.00000000
v 47.22812653 29.00000000 24.00000000
v 47.21816254 29.00000000 25.00000000
v 47.19839096 29.00000000 26.00000000
v 47.20140839 29.00000000 27.00000000
v 47.21490479 29.00000000 28.00000000
v 47.22700882 29.00000000 29.00000000
v 47.22262955 29.00000000 30.00000000
v 47.21549606 29.00000000 31.00000000
v 47.20670700 29.00000000 32.00000000
v 47.17258453 29.00000000 33.00000000
v 47.15403748 29.00000000 34.00000000
v 47.13123322 29.00000000 35.00000000
v 47.09539413 29.00000000 36.00000000
v 47.08257675 29.00000000 37.00000000
v 47.09318924 29.00000000 38.00000000
v 47.14682007 29.00000000 39.00000000
v 47.22491837 29.00000000 40.00000000
v 47.30756760 29.00000000 41.00000000
v 47.36973953 29.00000000 42.00000000
v 47.40497971 29.00000000 43.00000000
v 47.36653900 29.00000000 44.00000000
v 47.27491760 29.00000000 45.00000000
v 47.21200943 30.00000000 18.00000000
v 47.25178528 30.00000000 19.00000000
v 47.26479340 30.00000000 20.00000000
v 47.27035141 30.00000000 21.00000000
v 47.25162125 30.00000000 22.00000000
v 47.23047256 30.00000000 23.00000000
v 47.23028946 30.00000000 24.00000000
v 47.22251129 30.00000000 25.00000000
v 47.21831512 30.00000000 26.00000000
v 47.20520782 30.00000000 27.00000000
v 47.18283081 30.00000000 28.00000000
v 47.17037964 30.00000000 29.00000000
v 47.19025803 30.00000000 30.00000000
v 47.19021225 30.00000000 31.00000000
v 47.19568634 30.00000000 32.00000000
v 47.20163727 30.00000000 33.00000000
v 47.17763138 30.00000000 34.00000000
v 47.15102386 30.00000000 35.00000000
v 47.10969162 30.00000000 36.00000000
v 47.06849670 30.00000000 37.00000000
v 47.07361603 30.00000000 38.00000000
v 47.12291336 30.00000000 39.00000000
v 47.19657516 30.00000000 40.00000000
v 47.27047348 30.00000000 41.00000000
v 47.33302689 30.00000000 42.00000000
v 47.37015152 30.00000000 43.00000000
v 47.35749817 30.00000000 44.00000000
v 47.28780365 30.00000000 45.00000000
v 47.19544601 31.00000000 18.00000000
v 47.25289917 31.00000000 19.00000000
v 47.26410675 31.00000000 20.00000000
v 47.24729538 31.00000000 21.00000000
v 47.23704910 31.00000000 22.00000000
v 47.22644806 31.00000000 23.00000000
v 47.21661758 31.00000000 24.00000000
v 47.22430038 31.00000000 25.00000000
v 47.23692322 31.00000000 26.00000000
v 47.20370865 31.00000000 27.00000000
v 47.17643356 31.00000000 28.00000000
v 47.15509415 31.00000000 29.00000000
v 47.14329147 31.00000000 30.00000000
v 47.16440964 31.00000000 31.00000000
v 47.18431854 31.00000000 32.00000000
v 47.17886353 31.00000000 33.00000000
v 47.17934036 31.00000000 34.00000000
v 47.15027618 31.00000000 35.00000000
v 47.11346817 31.00000000 36.00000000
v 47.08141327 31.00000000 37.00000000
v 47.09544373 31.00000000 38.00000000
v 47.12131500 31.00000000 39.00000000
v 47.17706299 31.00000000 40.00000000
v 47.23906326 31.00000000 41.00000000
v 47.28586578 31.00000000 42.00000000
v 47.31995010 31.00000000 43.00000000
v 47.32490158 31.00000000 44.00000000
v 47.28291321 31.00000000 45.00000000
v 47.02218246 31.00000000 46.00000000
v 47.17868042 32.00000000 18.00000000
v 47.24848938 32.00000000 19.00000000
v 47.23959351 32.00000000 20.00000000
v 47.22557831 32.00000000 21.00000000
v 47.21952057 32.00000000 22.00000000
v 47.20032883 32.00000000 23.00000000
v 47.20891571 32.00000000 24.00000000
v 47.22077179 32.00000000 25.00000000
v 47.22583008 32.00000000 26.00000000
v 47.20241928 32.00000000 27.00000000
v 47.17901611 32.00000000 28.00000000
v 47.15159607 32.00000000 29.00000000
v 47.13959122 32.00000000 30.00000000
v 47.15597534 32.00000000 31.00000000
v 47.16644669 32.00000000 32.00000000
v 47.14953232 32.00000000 33.00000000
v 47.14787292 32.00000000 34.00000000
v 47.14003754 32.00000000 35.00000000
v 47.10362244 32.00000000 36.00000000
v 47.09440613 32.00000000 37.00000000
v 47.11726761 32.00000000 38.00000000
v 47.14253616 32.00000000 39.00000000
v 47.17597961 32.00000000 40.00000000
v 47.21194458 32.00000000 41.00000000
v 47.23861313 32.00000000 42.00000000
v 47.26591110 32.00000000 43.00000000
v 47.27601242 32.00000000 44.00000000
v 47.26493835 32.00000000 45.00000000
v 47.05326462 32.00000000 46.00000000
v 47.16882324 33.00000000 18.00000000
v 47.22625351 33.00000000 19.00000000
v 47.23548889 33.00000000 20.00000000
v 47.22484589 33.00000000 21.00000000
v 47.20315552 33.00000000 22.00000000
v 47.18885803 33.00000000 23.00000000
v 47.19850922 33.00000000 24.00000000
v 47.20327377 33.00000000 25.00000000
v 47.20819855 33.00000000 26.00000000
v 47.19099808 33.00000000 27.00000000
v 47.19170761 33.00000000 28.00000000
v 47.18098068 33.00000000 29.00000000
v 47.16563797 33.00000000 30.00000000
v 47.15595627 33.00000000 31.00000000
v 47.15560150 33.00000000 32.00000000
v 47.14788818 33.00000000 33.00000000
v 47.12819290 33.00000000 34.00000000
v 47.12440109 33.00000000 35.00000000
v 47.11164856 33.00000000 36.00000000
v 47.10204697 33.00000000 37.00000000
v 47.10880661 33.00000000 38.00000000
v 47.14128113 33.00000000 39.00000000
v 47.16788101 33.00000000 40.00000000
v 47.19122314 33.00000000 41.00000000
v 47.20674133 33.00000000 42.00000000
v 47.21787643 33.00000000 43.00000000
v 47.24368668 33.00000000 44.00000000
v 47.25616074 33.00000000 45.00000000
v 47.06760406 33.00000000 46.00000000
v 47.15012741 34.00000000 18.00000000
v 47.20827484 34.00000000 19.00000000
v 47.24186325 34.00000000 20.00000000
v 47.21928406 34.00000000 21.00000000
v 47.19050217 34.00000000 22.00000000
v 47.17903519 34.00000000 23.00000000
v 47.17615128 34.00000000 24.00000000
v 47.18136978 34.00000000 25.00000000
v 47.20406342 34.00000000 26.00000000
v 47.19962692 34.00000000 27.00000000
v 47.20544815 34.00000000 28.00000000
v 47.20092010 34.00000000 29.00000000
v 47.17585754 34.00000000 30.00000000
v 47.15084076 34.00000000 31.00000000
v 47.14764023 34.00000000 32.00000000
v 47.13647461 34.00000000 33.00000000
v 47.12483597 34.00000000 34.00000000
v 47.11284637 34.00000000 35.00000000
v 47.11413956 34.00000000 36.00000000
v 47.10117340 34.00000000 37.00000000
v 47.08825302 34.00000000 38.00000000
v 47.12364578 34.00000000 39.00000000
v 47.16099167 34.00000000 40.00000000
v 47.18891907 34.00000000 41.00000000
v 47.20689011 34.00000000 42.00000000
v 47.21774673 34.00000000 43.00000000
v 47.24106979 34.00000000 44.00000000
v 47.26049423 34.00000000 45.00000000
v 47.12977600 34.00000000 46.00000000
v 47.13967514 35.00000000 18.00000000
v 47.19552231 35.00000000 19.00000000
v 47.22231674 35.00000000 20.00000000
v 47.21426010 35.00000000 21.00000000
v 47.17610550 35.00000000 22.00000000
v 47.15951538 35.00000000 23.00000000
v 47.15832520 35.00000000 24.00000000
v 47.17819977 35.00000000 25.00000000
v 47.19754791 35.00000000 26.00000000
v 47.19626999 35.00000000 27.00000000
v 47.21179581 35.00000000 28.00000000
v 47.20807266 35.00000000 29.00000000
v 47.16770554 35.00000000 30.00000000
v 47.15209961 35.00000000 31.00000000
v 47.13084793 35.00000000 32.00000000
v 47.11688232 35.00000000 33.00000000
v 47.09743881 35.00000000 34.00000000
v 47.10786057 35.00000000 35.00000000
v 47.10885239 35.00000000 36.00000000
v 47.08776093 35.00000000 37.00000000
v 47.08128738 35.00000000 38.00000000
v 47.12351608 35.00000000 39.00000000
v 47.16662216 35.00000000 40.00000000
v 47.21926498 35.00000000 41.00000000
v 47.23863220 35.00000000 42.00000000
v 47.26116562 35.00000000 43.00000000
v 47.27333832 35.00000000 44.00000000
v 47.25334167 35.00000000 45.00000000
v 47.15236282 35.00000000 46.00000000
v 47.11702347 36.00000000 18.00000000
v 47.18723679 36.00000000 19.00000000
v 47.19855881 36.00000000 20.00000000
v 47.20306396 36.00000000 21.00000000
v 47.17973328 36.00000000 22.00000000
v 47.15917969 36.00000000 23.00000000
v 47.16705704 36.00000000 24.00000000
v 47.17490768 36.00000000 25.00000000
v 47.18589783 36.00000000 26.00000000
v 47.17929840 36.00000000 27.00000000
v 47.18905258 36.00000000 28.00000000
v 47.17704773 36.00000000 29.00000000
v 47.16491699 36.00000000 30.00000000
v 47.13718796 36.00000000 31.00000000
v 47.10779572 36.00000000 32.00000000
v 47.09445953 36.00000000 33.00000000
v 47.07196426 36.00000000 34.00000000
v 47.08973312 36.00000000 35.00000000
v 47.10368729 36.00000000 36.00000000
v 47.11162567 36.00000000 37.00000000
v 47.10957336 36.00000000 38.00000000
v 47.12789154 36.00000000 39.00000000
v 47.17865372 36.00000000 40.00000000
v 47.23719406 36.00000000 41.00000000
v 47.27496338 36.00000000 42.00000000
v 47.28720474 36.00000000 43.00000000
v 47.29920578 36.00000000 44.00000000
v 47.28023529 36.00000000 45.00000000
v 47.16741180 36.00000000 46.00000000
v 47.08905411 37.00000000 18.00000000
v 47.15010452 37.00000000 19.00000000
v 47.19099045 37.00000000 20.00000000
v 47.19500351 37.00000000 21.00000000
v 47.19879532 37.00000000 22.00000000
v 47.18589020 37.00000000 23.00000000
v 47.17534256 37.00000000 24.00000000
v 47.18014145 37.00000000 25.00000000
v 47.17440796 37.00000000 26.00000000
v 47.15715790 37.00000000 27.00000000
v 47.14587402 37.00000000 28.00000000
v 47.13321304 37.00000000 29.00000000
v 47.12871552 37.00000000 30.00000000
v 47.12291336 37.00000000 31.00000000
v 47.09843445 37.00000000 32.00000000
v 47.05707550 37.00000000 33.00000000
v 47.05462646 37.00000000 34.00000000
v 47.07035828 37.00000000 35.00000000
v 47.10255432 37.00000000 36.00000000
v 47.13133621 37.00000000 37.00000000
v 47.13985062 37.00000000 38.00000000
v 47.14440155 37.00000000 39.00000000
v 47.18858719 37.00000000 40.00000000
v 47.24583817 37.00000000 41.00000000
v 47.28691483 37.00000000 42.00000000
v 47.30769348 37.00000000 43.00000000
v 47.32090378 37.00000000 44.00000000
v 47.30905151 37.00000000 45.00000000
v 47.19676971 37.00000000 46.00000000
v 47.06789780 38.00000000 18.00000000
v 47.14405823 38.00000000 19.00000000
v 47.19412994 38.00000000 20.00000000
v 47.23179245 38.00000000 21.00000000
v 47.24908829 38.00000000 22.00000000
v 47.23470688 38.00000000 23.00000000
v 47.21156311 38.00000000 24.00000000
v 47.19632339 38.00000000 25.00000000
v 47.18060684 38.00000000 26.00000000
v 47.11579895 38.00000000 27.00000000
v 47.10227966 38.00000000 28.00000000
v 47.08280182 38.00000000 29.00000000
v 47.08692551 38.00000000 30.00000000
v 47.09152222 38.00000000 31.00000000
v 47.08057404 38.00000000 32.00000000
v 47.05706406 38.00000000 33.00000000
v 47.03083801 38.00000000 34.00000000
v 47.05713272 38.00000000 35.00000000
v 47.09860992 38.00000000 36.00000000
v 47.13103867 38.00000000 37.00000000
v 47.14768600 38.00000000 38.00000000
v 47.15817642 38.00000000 39.00000000
v 47.21433258 38.00000000 40.00000000
v 47.25194550 38.00000000 41.00000000
v 47.29948044 38.00000000 42.00000000
v 47.32331467 38.00000000 43.00000000
v 47.33781433 38.00000000 44.00000000
v 47.32991791 38.00000000 45.00000000
v 47.20983505 38.00000000 46.00000000
v 47.11927032 39.00000000 18.00000000
v 47.20218277 39.00000000 19.00000000
v 47.23813629 39.00000000 20.00000000
v 47.27127838 39.00000000 21.00000000
v 47.29378128 39.00000000 22.00000000
v 47.28618622 39.00000000 23.00000000
v 47.28447723 39.00000000 24.00000000
v 47.26953506 39.00000000 25.00000000
v 47.22884750 39.00000000 26.00000000
v 47.15419388 39.00000000 27.00000000
v 47.11144257 39.00000000 28.00000000
v 47.08448410 39.00000000 29.00000000
v 47.07020187 39.00000000 30.00000000
v 47.07350922 39.00000000 31.00000000
v 47.06678009 39.00000000 32.00000000
v 47.03974915 39.00000000 33.00000000
v 47.02005005 39.00000000 34.00000000
v 47.03838730 39.00000000 35.00000000
v 47.08018494 39.00000000 36.00000000
v 47.11383820 39.00000000 37.00000000
v 47.12578201 39.00000000 38.00000000
v 47.16039658 39.00000000 39.00000000
v 47.22239685 39.00000000 40.00000000
v 47.27057648 39.00000000 41.00000000
v 47.32224274 39.00000000 42.00000000
v 47.35789108 39.00000000 43.00000000
v 47.36720276 39.00000000 44.00000000
v 47.33272171 39.00000000 45.00000000
v 47.19861603 39.00000000 46.00000000
v 47.01681137 40.00000000 17.00000000
v 47.16871643 40.00000000 18.00000000
v 47.26773453 40.00000000 19.00000000
v 47.29105377 40.00000000 20.00000000
v 47.30430222 40.00000000 21.00000000
v 47.31043243 40.00000000 22.00000000
v 47.33538055 40.00000000 23.00000000
v 47.34599686 40.00000000 24.00000000
v 47.33046722 40.00000000 25.00000000
v 47.29053879 40.00000000 26.00000000
v 47.22569656 40.00000000 27.00000000
v 47.17501450 40.00000000 28.00000000
v 47.14056778 40.00000000 29.00000000
v 47.13276291 40.00000000 30.00000000
v 47.11254120 40.00000000 31.00000000
v 47.09066391 40.00000000 32.00000000
v 47.05452728 40.00000000 33.00000000
v 47.02803040 40.00000000 34.00000000
v 47.02003479 40.00000000 35.00000000
v 47.05684662 40.00000000 36.00000000
v 47.07667923 40.00000000 37.00000000
v 47.08956909 40.00000000 38.00000000
v 47.14764023 40.00000000 39.00000000
v 47.21317291 40.00000000 40.00000000
v 47.28045654 40.00000000 41.00000000
v 47.34519196 40.00000000 42.00000000
v 47.39081955 40.00000000 43.00000000
v 47.38718796 40.00000000 44.00000000
v 47.34700775 40.00000000 45.00000000
v 47.17427063 40.00000000 46.00000000
v 47.03454590 41.00000000 17.00000000
v 47.21915436 41.00000000 18.00000000
v 47.30799103 41.00000000 19.00000000
v 47.33967209 41.00000000 20.00000000
v 47.34403992 41.00000000 21.00000000
v 47.34571457 41.00000000 22.00000000
v 47.38273621 41.00000000 23.00000000
v 47.40811920 41.00000000 24.00000000
v 47.37760925 41.00000000 25.00000000
v 47.34012604 41.00000000 26.00000000
v 47.28664398 41.00000000 27.00000000
v 47.23038483 41.00000000 28.00000000
v 47.19356537 41.00000000 29.00000000
v 47.18275452 41.00000000 30.00000000
v 47.16135025 41.00000000 31.00000000
v 47.13450241 41.00000000 32.00000000
v 47.11669540 41.00000000 33.00000000
v 47.08318329 41.00000000 34.00000000
v 47.06124115 41.00000000 35.00000000
v 47.06502151 41.00000000 36.00000000
v 47.08020020 41.00000000 37.00000000
v 47.08932877 41.00000000 38.00000000
v 47.13223267 41.00000000 39.00000000
v 47.21693420 41.00000000 40.00000000
v 47.28694916 41.00000000 41.00000000
v 47.37163544 41.00000000 42.00000000
v 47.41447830 41.00000000 43.00000000
v 47.39919662 41.00000000 44.00000000
v 47.32682037 41.00000000 45.00000000
v 47.12148666 41.00000000 46.00000000
v 47.21419525 42.00000000 18.00000000
v 47.31571579 42.00000000 19.00000000
v 47.37049484 42.00000000 20.00000000
v 47.38367081 42.00000000 21.00000000
v 47.40224838 42.00000000 22.00000000
v 47.41231155 42.00000000 23.00000000
v 47.42506027 42.00000000 24.00000000
v 47.41301727 42.00000000 25.00000000
v 47.37193298 42.00000000 26.00000000
v 47.30528641 42.00000000 27.00000000
v 47.25378036 42.00000000 28.00000000
v 47.22293091 42.00000000 29.00000000
v 47.20765305 42.00000000 30.00000000
v 47.19625092 42.00000000 31.00000000
v 47.19066238 42.00000000 32.00000000
v 47.16979980 42.00000000 33.00000000
v 47.13869476 42.00000000 34.00000000
v 47.11417770 42.00000000 35.00000000
v 47.09583282 42.00000000 36.00000000
v 47.10655212 42.00000000 37.00000000
v 47.12023163 42.00000000 38.00000000
v 47.15536499 42.00000000 39.00000000
v 47.22602844 42.00000000 40.00000000
v 47.32942581 42.00000000 41.00000000
v 47.39435577 42.00000000 42.00000000
v 47.43347168 42.00000000 43.00000000
v 47.39719009 42.00000000 44.00000000
v 47.27674484 42.00000000 45.00000000
v 47.02587509 42.00000000 46.00000000
v 47.13484573 43.00000000 18.00000000
v 47.25816727 43.00000000 19.00000000
v 47.34270477 43.00000000 20.00000000
v 47.38801575 43.00000000 21.00000000
v 47.41781616 43.00000000 22.00000000
v 47.42077255 43.00000000 23.00000000
v 47.42347717 43.00000000 24.00000000
v 47.41122818 43.00000000 25.00000000
v 47.36507034 43.00000000 26.00000000
v 47.29222870 43.00000000 27.00000000
v 47.25014114 43.00000000 28.00000000
v 47.23583984 43.00000000 29.00000000
v 47.21421814 43.00000000 30.00000000
v 47.21096039 43.00000000 31.00000000
v 47.20716858 43.00000000 32.00000000
v 47.20061874 43.00000000 33.00000000
v 47.18547821 43.00000000 34.00000000
v 47.15330124 43.00000000 35.00000000
v 47.13081741 43.00000000 36.00000000
v 47.12446976 43.00000000 37.00000000
v 47.14338303 43.00000000 38.00000000
v 47.17991638 43.00000000 39.00000000
v 47.24437714 43.00000000 40.00000000
v 47.32967377 43.00000000 41.00000000
v 47.37796783 43.00000000 42.00000000
v 47.40840912 43.00000000 43.00000000
v 47.36536026 43.00000000 44.00000000
v 47.21863556 43.00000000 45.00000000
v 47.15209961 44.00000000 19.00000000
v 47.24974442 44.00000000 20.00000000
v 47.31104279 44.00000000 21.00000000
v 47.34943771 44.00000000 22.00000000
v 47.37759018 44.00000000 23.00000000
v 47.38034821 44.00000000 24.00000000
v 47.35544586 44.00000000 25.00000000
v 47.31586838 44.00000000 26.00000000
v 47.26725388 44.00000000 27.00000000
v 47.22251511 44.00000000 28.00000000
v 47.21287918 44.00000000 29.00000000
v 47.20873260 44.00000000 30.00000000
v 47.20475006 44.00000000 31.00000000
v 47.20118713 44.00000000 32.00000000
v 47.19168472 44.00000000 33.00000000
v 47.17217255 44.00000000 34.00000000
v 47.17780685 44.00000000 35.00000000
v 47.18098450 44.00000000 36.00000000
v 47.16395569 44.00000000 37.00000000
v 47.16270065 44.00000000 38.00000000
v 47.18421555 44.00000000 39.00000000
v 47.21872711 44.00000000 40.00000000
v 47.27386093 44.00000000 41.00000000
v 47.32342911 44.00000000 42.00000000
v 47.32904434 44.00000000 43.00000000
v 47.27976227 44.00000000 44.00000000
v 47.13255692 44.00000000 45.00000000
v 47.11898422 45.00000000 20.00000000
v 47.15446091 45.00000000 21.00000000
v 47.21057892 45.00000000 22.00000000
v 47.22632217 45.00000000 23.00000000
v 47.23056030 45.00000000 24.00000000
v 47.22060394 45.00000000 25.00000000
v 47.21327591 45.00000000 26.00000000
v 47.19812775 45.00000000 27.00000000
v 47.17003250 45.00000000 28.00000000
v 47.14281082 45.00000000 29.00000000
v 47.16201019 45.00000000 30.00000000
v 47.16232300 45.00000000 31.00000000
v 47.16209030 45.00000000 32.00000000
v 47.14451981 45.00000000 33.00000000
v 47.14994049 45.00000000 34.00000000
v 47.17109299 45.00000000 35.00000000
v 47.19322586 45.00000000 36.00000000
v 47.17651367 45.00000000 37.00000000
v 47.15919113 45.00000000 38.00000000
v 47.14084244 45.00000000 39.00000000
v 47.13756180 45.00000000 40.00000000
v 47.16672134 45.00000000 41.00000000
v 47.22705841 45.00000000 42.00000000
v 47.24943924 45.00000000 43.00000000
v 47.17192078 45.00000000 44.00000000
v 47.01660156 45.00000000 45.00000000
v 47.01356506 46.00000000 25.00000000
v 47.00928879 46.00000000 41.00000000
v 47.04621506 46.00000000 42.00000000
v 47.04677582 46.00000000 43.00000000
f 3 2 1
f 4 1 2
f 7 6 5
f 8 5 6
f 11 10 9
f 13 12 9
f 13 9 10
f 15 14 12
f 15 12 13
f 17 16 14
f 17 14 15
f 19 18 16
f 19 16 17
f 21 20 18
f 21 18 19
f 23 22 20
f 23 20 21
f 22 23 3
f 1 22 3
f 24 22 1
f 1 4 25
f 26 1 25
f 24 1 26
f 28 27 26
f 28 26 25
f 30 29 27
f 30 27 28
f 32 31 29
f 32 29 30
f 34 33 31
f 34 31 32
f 36 35 33
f 36 33 34
f 38 37 35
f 38 35 36
f 40 39 37
f 40 37 38
f 42 41 39
f 42 39 40
f 44 43 41
f 44 41 42
f 46 45 43
f 46 43 44
f 48 47 45
f 48 45 46
f 50 49 47
f 50 47 48
f 49 50 7
f 5 49 7
f 51 49 5
f 5 8 52
f 53 5 52
f 51 5 53
f 55 54 53
f 55 53 52
f 57 56 54
f 57 54 55
f 59 58 56
f 59 56 57
f 61 60 58
f 61 58 59
f 62 60 61
f 65 64 63
f 63 64 11
f 9 63 11
f 66 63 9
f 67 9 12
f 66 9 67
f 68 12 14
f 67 12 68
f 69 14 16
f 68 14 69
f 70 16 18
f 69 16 70
f 71 18 20
f 70 18 71
f 72 20 22
f 71 20 72
f 73 22 24
f 72 22 73
f 74 24 26
f 73 24 74
f 75 26 27
f 74 26 75
f 76 27 29
f 75 27 76
f 77 29 31
f 76 29 77
f 78 31 33
f 77 31 78
f 79 33 35
f 78 33 79
f 80 35 37
f 79 35 80
f 81 37 39
f 80 37 81
f 82 39 41
f 81 39 82
f 83 41 43
f 82 41 83
f 84 43 45
f 83 43 84
f 85 45 47
f 84 45 85
f 86 47 49
f 85 47 86
f 87 49 51
f 86 49 87
f 88 51 53
f 87 51 88
f 89 53 54
f 88 53 89
f 90 54 56
f 89 54 90
f 91 56 58
f 90 56 91
f 92 58 60
f 91 58 92
f 60 62 93
f 94 60 93
f 92 60 94
f 95 94 93
f 65 63 96
f 65 96 97
f 98 63 66
f 96 63 98
f 99 66 67
f 98 66 99
f 100 67 68
f 99 67 100
f 101 68 69
f 100 68 101
f 102 69 70
f 101 69 102
f 103 70 71
f 102 70 103
f 104 71 72
f 103 71 104
f 105 72 73
f 104 72 105
f 106 73 74
f 105 73 106
f 107 74 75
f 106 74 107
f 108 75 76
f 107 75 108
f 109 76 77
f 108 76 109
f 110 77 78
f 109 77 110
f 111 78 79
f 110 78 111
f 112 79 80
f 111 79 112
f 113 80 81
f 112 80 113
f 114 81 82
f 113 81 114
f 115 82 83
f 114 82 115
f 116 83 84
f 115 83 116
f 117 84 85
f 116 84 117
f 118 85 86
f 117 85 118
f 119 86 87
f 118 86 119
f 120 87 88
f 119 87 120
f 121 88 89
f 120 88 121
f 122 89 90
f 121 89 122
f 123 90 91
f 122 90 123
f 124 91 92
f 123 91 124
f 125 92 94
f 124 92 125
f 94 95 126
f 94 126 125
f 97 96 127
f 97 127 128
f 129 96 98
f 127 96 129
f 130 98 99
f 129 98 130
f 131 99 100
f 130 99 131
f 132 100 101
f 131 100 132
f 133 101 102
f 132 101 133
f 134 102 103
f 133 102 134
f 135 103 104
f 134 103 135
f 136 104 105
f 135 104 136
f 137 105 106
f 136 105 137
f 138 106 107
f 137 106 138
f 139 107 108
f 138 107 139
f 140 108 109
f 139 108 140
f 141 109 110
f 140 109 141
f 142 110 111
f 141 110 142
f 143 111 112
f 142 111 143
f 144 112 113
f 143 112 144
f 145 113 114
f 144 113 145
f 146 114 115
f 145 114 146
f 147 115 116
f 146 115 147
f 148 116 117
f 147 116 148
f 149 117 118
f 148 117 149
f 150 118 119
f 149 118 150
f 151 119 120
f 150 119 151
f 152 120 121
f 151 120 152
f 153 121 122
f 152 121 153
f 154 122 123
f 153 122 154
f 155 123 124
f 154 123 155
f 156 124 125
f 155 124 156
f 125 126 157
f 125 157 156
f 128 127 158
f 128 158 159
f 160 127 129
f 158 127 160
f 161 129 130
f 160 129 161
f 162 130 131
f 161 130 162
f 163 131 132
f 162 131 163
f 164 132 133
f 163 132 164
f 165 133 134
f 164 133 165
f 166 134 135
f 165 134 166
f 167 135 136
f 166 135 167
f 168 136 137
f 167 136 168
f 169 137 138
f 168 137 169
f 170 138 139
f 169 138 170
f 171 139 140
f 170 139 171
f 172 140 141
f 171 140 172
f 173 141 142
f 172 141 173
f 174 142 143
f 173 142 174
f 175 143 144
f 174 143 175
f 176 144 145
f 175 144 176
f 177 145 146
f 176 145 177
f 178 146 147
f 177 146 178
f 179 147 148
f 178 147 179
f 180 148 149
f 179 148 180
f 181 149 150
f 180 149 181
f 182 150 151
f 181 150 182
f 183 151 152
f 182 151 183
f 184 152 153
f 183 152 184
f 185 153 154
f 184 153 185
f 186 154 155
f 185 154 186
f 187 155 156
f 186 155 187
f 156 157 188
f 189 156 188
f 187 156 189
f 190 189 188
f 159 158 191
f 159 191 192
f 193 158 160
f 191 158 193
f 194 160 161
f 193 160 194
f 195 161 162
f 194 161 195
f 196 162 163
f 195 162 196
f 197 163 164
f 196 163 197
f 198 164 165
f 197 164 198
f 199 165 166
f 198 165 199
f 200 166 167
f 199 166 200
f 201 167 168
f 200 167 201
f 202 168 169
f 201 168 202
f 203 169 170
f 202 169 203
f 204 170 171
f 203 170 204
f 205 171 172
f 204 171 205
f 206 172 173
f 205 172 206
f 207 173 174
f 206 173 207
f 208 174 175
f 207 174 208
f 209 175 176
f 208 175 209
f 210 176 177
f 209 176 210
f 211 177 178
f 210 177 211
f 212 178 179
f 211 178 212
f 213 179 180
f 212 179 213
f 214 180 181
f 213 180 214
f 215 181 182
f 214 181 215
f 216 182 183
f 215 182 216
f 217 183 184
f 216 183 217
f 218 184 185
f 217 184 218
f 219 185 186
f 218 185 219
f 220 186 187
f 219 186 220
f 221 187 189
f 220 187 221
f 189 190 222
f 189 222 221
f 192 191 223
f 192 223 224
f 225 191 193
f 223 191 225
f 226 193 194
f 225 193 226
f 227 194 195
f 226 194 227
f 228 195 196
f 227 195 228
f 229 196 197
f 228 196 229
f 230 197 198
f 229 197 230
f 231 198 199
f 230 198 231
f 232 199 200
f 231 199 232
f 233 200 201
f 232 200 233
f 234 201 202
f 233 201 234
f 235 202 203
f 234 202 235
f 236 203 204
f 235 203 236
f 237 204 205
f 236 204 237
f 238 205 206
f 237 205 238
f 239 206 207
f 238 206 239
f 240 207 208
f 239 207 240
f 241 208 209
f 240 208 241
f 242 209 210
f 241 209 242
f 243 210 211
f 242 210 243
f 244 211 212
f 243 211 244
f 245 212 213
f 244 212 245
f 246 213 214
f 245 213 246
f 247 214 215
f 246 214 247
f 248 215 216
f 247 215 248
f 249 216 217
f 248 216 249
f 250 217 218
f 249 217 250
f 251 218 219
f 250 218 251
f 252 219 220
f 251 219 252
f 253 220 221
f 252 220 253
f 221 222 254
f 221 254 253
f 224 223 255
f 224 255 256
f 257 223 225
f 255 223 257
f 258 225 226
f 257 225 258
f 259 226 227
f 258 226 259
f 260 227 228
f 259 227 260
f 261 228 229
f 260 228 261
f 262 229 230
f 261 229 262
f 263 230 231
f 262 230 263
f 264 231 232
f 263 231 264
f 265 232 233
f 264 232 265
f 266 233 234
f 265 233 266
f 267 234 235
f 266 234 267
f 268 235 236
f 267 235 268
f 269 236 237
f 268 236 269
f 270 237 238
f 269 237 270
f 271 238 239
f 270 238 271
f 272 239 240
f 271 239 272
f 273 240 241
f 272 240 273
f 274 241 242
f 273 241 274
f 275 242 243
f 274 242 275
f 276 243 244
f 275 243 276
f 277 244 245
f 276 244 277
f 278 245 246
f 277 245 278
f 279 246 247
f 278 246 279
f 280 247 248
f 279 247 280
f 281 248 249
f 280 248 281
f 282 249 250
f 281 249 282
f 283 250 251
f 282 250 283
f 284 251 252
f 283 251 284
f 285 252 253
f 284 252 285
f 253 254 286
f 253 286 285
f 256 255 287
f 256 287 288
f 289 255 257
f 287 255 289
f 290 257 258
f 289 257 290
f 291 258 259
f 290 258 291
f 292 259 260
f 291 259 292
f 293 260 261
f 292 260 293
f 294 261 262
f 293 261 294
f 295 262 263
f 294 262 295
f 296 263 264
f 295 263 296
f 297 264 265
f 296 264 297
f 298 265 266
f 297 265 298
f 299 266 267
f 298 266 299
f 300 267 268
f 299 267 300
f 301 268 269
f 300 268 301
f 302 269 270
f 301 269 302
f 303 270 271
f 302 270 303
f 304 271 272
f 303 271 304
f 305 272 273
f 304 272 305
f 306 273 274
f 305 273 306
f 307 274 275
f 306 274 307
f 308 275 276
f 307 275 308
f 309 276 277
f 308 276 309
f 310 277 278
f 309 277 310
f 311 278 279
f 310 278 311
f 312 279 280
f 311 279 312
f 313 280 281
f 312 280 313
f 314 281 282
f 313 281 314
f 315 282 283
f 314 282 315
f 316 283 284
f 315 283 316
f 317 284 285
f 316 284 317
f 285 286 318
f 285 318 317
f 288 287 319
f 288 319 320
f 321 287 289
f 319 287 321
f 322 289 290
f 321 289 322
f 323 290 291
f 322 290 323
f 324 291 292
f 323 291 324
f 325 292 293
f 324 292 325
f 326 293 294
f 325 293 326
f 327 294 295
f 326 294 327
f 328 295 296
f 327 295 328
f 329 296 297
f 328 296 329
f 330 297 298
f 329 297 330
f 331 298 299
f 330 298 331
f 332 299 300
f 331 299 332
f 333 300 301
f 332 300 333
f 334 301 302
f 333 301 334
f 335 302 303
f 334 302 335
f 336 303 304
f 335 303 336
f 337 304 305
f 336 304 337
f 338 305 306
f 337 305 338
f 339 306 307
f 338 306 339
f 340 307 308
f 339 307 340
f 341 308 309
f 340 308 341
f 342 309 310
f 341 309 342
f 343 310 311
f 342 310 343
f 344 311 312
f 343 311 344
f 345 312 313
f 344 312 345
f 346 313 314
f 345 313 346
f 347 314 315
f 346 314 347
f 348 315 316
f 347 315 348
f 349 316 317
f 348 316 349
f 317 318 350
f 317 350 349
f 320 319 351
f 320 351 352
f 353 319 321
f 351 319 353
f 354 321 322
f 353 321 354
f 355 322 323
f 354 322 355
f 356 323 324
f 355 323 356
f 357 324 325
f 356 324 357
f 358 325 326
f 357 325 358
f 359 326 327
f 358 326 359
f 360 327 328
f 359 327 360
f 361 328 329
f 360 328 361
f 362 329 330
f 361 329 362
f 363 330 331
f 362 330 363
f 364 331 332
f 363 331 364
f 365 332 333
f 364 332 365
f 366 333 334
f 365 333 366
f 367 334 335
f 366 334 367
f 368 335 336
f 367 335 368
f 369 336 337
f 368 336 369
f 370 337 338
f 369 337 370
f 371 338 339
f 370 338 371
f 372 339 340
f 371 339 372
f 373 340 341
f 372 340 373
f 374 341 342
f 373 341 374
f 375 342 343
f 374 342 375
f 376 343 344
f 375 343 376
f 377 344 345
f 376 344 377
f 378 345 346
f 377 345 378
f 379 346 347
f 378 346 379
f 380 347 348
f 379 347 380
f 349 382 381
f 380 349 381
f 348 349 380
f 382 349 350
f 352 351 383
f 352 383 384
f 385 351 353
f 383 351 385
f 386 353 354
f 385 353 386
f 387 354 355
f 386 354 387
f 388 355 356
f 387 355 388
f 389 356 357
f 388 356 389
f 390 357 358
f 389 357 390
f 391 358 359
f 390 358 391
f 392 359 360
f 391 359 392
f 393 360 361
f 392 360 393
f 394 361 362
f 393 361 394
f 395 362 363
f 394 362 395
f 396 363 364
f 395 363 396
f 397 364 365
f 396 364 397
f 398 365 366
f 397 365 398
f 399 366 367
f 398 366 399
f 400 367 368
f 399 367 400
f 401 368 369
f 400 368 401
f 402 369 370
f 401 369 402
f 403 370 371
f 402 370 403
f 404 371 372
f 403 371 404
f 405 372 373
f 404 372 405
f 406 373 374
f 405 373 406
f 407 374 375
f 406 374 407
f 408 375 376
f 407 375 408
f 409 376 377
f 408 376 409
f 410 377 378
f 409 377 410
f 411 378 379
f 410 378 411
f 412 379 380
f 411 379 412
f 380 381 413
f 380 413 412
f 384 383 414
f 384 414 415
f 416 383 385
f 414 383 416
f 417 385 386
f 416 385 417
f 418 386 387
f 417 386 418
f 419 387 388
f 418 387 419
f 420 388 389
f 419 388 420
f 421 389 390
f 420 389 421
f 422 390 391
f 421 390 422
f 423 391 392
f 422 391 423
f 424 392 393
f 423 392 424
f 425 393 394
f 424 393 425
f 426 394 395
f 425 394 426
f 427 395 396
f 426 395 427
f 428 396 397
f 427 396 428
f 429 397 398
f 428 397 429
f 430 398 399
f 429 398 430
f 431 399 400
f 430 399 431
f 432 400 401
f 431 400 432
f 433 401 402
f 432 401 433
f 434 402 403
f 433 402 434
f 435 403 404
f 434 403 435
f 436 404 405
f 435 404 436
f 437 405 406
f 436 405 437
f 438 406 407
f 437 406 438
f 439 407 408
f 438 407 439
f 440 408 409
f 439 408 440
f 441 409 410
f 440 409 441
f 442 410 411
f 441 410 442
f 443 411 412
f 442 411 443
f 412 413 444
f 412 444 443
f 415 414 445
f 415 445 446
f 447 414 416
f 445 414 447
f 448 416 417
f 447 416 448
f 449 417 418
f 448 417 449
f 450 418 419
f 449 418 450
f 451 419 420
f 450 419 451
f 452 420 421
f 451 420 452
f 453 421 422
f 452 421 453
f 454 422 423
f 453 422 454
f 455 423 424
f 454 423 455
f 456 424 425
f 455 424 456
f 457 425 426
f 456 425 457
f 458 426 427
f 457 426 458
f 459 427 428
f 458 427 459
f 460 428 429
f 459 428 460
f 461 429 430
f 460 429 461
f 462 430 431
f 461 430 462
f 463 431 432
f 462 431 463
f 464 432 433
f 463 432 464
f 465 433 434
f 464 433 465
f 466 434 435
f 465 434 466
f 467 435 436
f 466 435 467
f 468 436 437
f 467 436 468
f 469 437 438
f 468 437 469
f 470 438 439
f 469 438 470
f 471 439 440
f 470 439 471
f 472 440 441
f 471 440 472
f 473 441 442
f 472 441 473
f 474 442 443
f 473 442 474
f 443 444 475
f 443 475 474
f 446 445 476
f 446 476 477
f 478 445 447
f 476 445 478
f 479 447 448
f 478 447 479
f 480 448 449
f 479 448 480
f 481 449 450
f 480 449 481
f 482 450 451
f 481 450 482
f 483 451 452
f 482 451 483
f 484 452 453
f 483 452 484
f 485 453 454
f 484 453 485
f 486 454 455
f 485 454 486
f 487 455 456
f 486 455 487
f 488 456 457
f 487 456 488
f 489 457 458
f 488 457 489
f 490 458 459
f 489 458 490
f 491 459 460
f 490 459 491
f 492 460 461
f 491 460 492
f 493 461 462
f 492 461 493
f 494 462 463
f 493 462 494
f 495 463 464
f 494 463 495
f 496 464 465
f 495 464 496
f 497 465 466
f 496 465 497
f 498 466 467
f 497 466 498
f 499 467 468
f 498 467 499
f 500 468 469
f 499 468 500
f 501 469 470
f 500 469 501
f 502 470 471
f 501 470 502
f 503 471 472
f 502 471 503
f 504 472 473
f 503 472 504
f 505 473 474
f 504 473 505
f 474 475 506
f 474 506 505
f 477 476 507
f 477 507 508
f 509 476 478
f 507 476 509
f 510 478 479
f 509 478 510
f 511 479 480
f 510 479 511
f 512 480 481
f 511 480 512
f 513 481 482
f 512 481 513
f 514 482 483
f 513 482 514
f 515 483 484
f 514 483 515
f 516 484 485
f 515 484 516
f 517 485 486
f 516 485 517
f 518 486 487
f 517 486 518
f 519 487 488
f 518 487 519
f 520 488 489
f 519 488 520
f 521 489 490
f 520 489 521
f 522 490 491
f 521 490 522
f 523 491 492
f 522 491 523
f 524 492 493
f 523 492 524
f 525 493 494
f 524 493 525
f 526 494 495
f 525 494 526
f 527 495 496
f 526 495 527
f 528 496 497
f 527 496 528
f 529 497 498
f 528 497 529
f 530 498 499
f 529 498 530
f 531 499 500
f 530 499 531
f 532 500 501
f 531 500 532
f 533 501 502
f 532 501 533
f 534 502 503
f 533 502 534
f 535 503 504
f 534 503 535
f 536 504 505
f 535 504 536
f 505 506 537
f 505 537 536
f 508 507 538
f 508 538 539
f 540 507 509
f 538 507 540
f 541 509 510
f 540 509 541
f 542 510 511
f 541 510 542
f 543 511 512
f 542 511 543
f 544 512 513
f 543 512 544
f 545 513 514
f 544 513 545
f 546 514 515
f 545 514 546
f 547 515 516
f 546 515 547
f 548 516 517
f 547 516 548
f 549 517 518
f 548 517 549
f 550 518 519
f 549 518 550
f 551 519 520
f 550 519 551
f 552 520 521
f 551 520 552
f 553 521 522
f 552 521 553
f 554 522 523
f 553 522 554
f 555 523 524
f 554 523 555
f 556 524 525
f 555 524 556
f 557 525 526
f 556 525 557
f 558 526 527
f 557 526 558
f 559 527 528
f 558 527 559
f 560 528 529
f 559 528 560
f 561 529 530
f 560 529 561
f 562 530 531
f 561 530 562
f 563 531 532
f 562 531 563
f 564 532 533
f 563 532 564
f 565 533 534
f 564 533 565
f 566 534 535
f 565 534 566
f 536 568 567
f 566 536 567
f 535 536 566
f 568 536 537
f 539 538 569
f 539 569 570
f 571 538 540
f 569 538 571
f 572 540 541
f 571 540 572
f 573 541 542
f 572 541 573
f 574 542 543
f 573 542 574
f 575 543 544
f 574 543 575
f 576 544 545
f 575 544 576
f 577 545 546
f 576 545 577
f 578 546 547
f 577 546 578
f 579 547 548
f 578 547 579
f 580 548 549
f 579 548 580
f 581 549 550
f 580 549 581
f 582 550 551
f 581 550 582
f 583 551 552
f 582 551 583
f 584 552 553
f 583 552 584
f 585 553 554
f 584 553 585
f 586 554 555
f 585 554 586
f 587 555 556
f 586 555 587
f 588 556 557
f 587 556 588
f 589 557 558
f 588 557 589
f 590 558 559
f 589 558 590
f 591 559 560
f 590 559 591
f 592 560 561
f 591 560 592
f 593 561 562
f 592 561 593
f 594 562 563
f 593 562 594
f 595 563 564
f 594 563 595
f 596 564 565
f 595 564 596
f 597 565 566
f 596 565 597
f 566 567 598
f 566 598 597
f 570 569 599
f 570 599 600
f 601 569 571
f 599 569 601
f 602 571 572
f 601 571 602
f 603 572 573
f 602 572 603
f 604 573 574
f 603 573 604
f 605 574 575
f 604 574 605
f 606 575 576
f 605 575 606
f 607 576 577
f 606 576 607
f 608 577 578
f 607 577 608
f 609 578 579
f 608 578 609
f 610 579 580
f 609 579 610
f 611 580 581
f 610 580 611
f 612 581 582
f 611 581 612
f 613 582 583
f 612 582 613
f 614 583 584
f 613 583 614
f 615 584 585
f 614 584 615
f 616 585 586
f 615 585 616
f 617 586 587
f 616 586 617
f 618 587 588
f 617 587 618
f 619 588 589
f 618 588 619
f 620 589 590
f 619 589 620
f 621 590 591
f 620 590 621
f 622 591 592
f 621 591 622
f 623 592 593
f 622 592 623
f 624 593 594
f 623 593 624
f 625 594 595
f 624 594 625
f 626 595 596
f 625 595 626
f 627 596 597
f 626 596 627
f 597 598 628
f 597 628 627
f 600 599 629
f 600 629 630
f 631 599 601
f 629 599 631
f 632 601 602
f 631 601 632
f 633 602 603
f 632 602 633
f 634 603 604
f 633 603 634
f 635 604 605
f 634 604 635
f 636 605 606
f 635 605 636
f 637 606 607
f 636 606 637
f 638 607 608
f 637 607 638
f 639 608 609
f 638 608 639
f 640 609 610
f 639 609 640
f 641 610 611
f 640 610 641
f 642 611 612
f 641 611 642
f 643 612 613
f 642 612 643
f 644 613 614
f 643 613 644
f 645 614 615
f 644 614 645
f 646 615 616
f 645 615 646
f 647 616 617
f 646 616 647
f 618 649 648
f 647 618 648
f 617 618 647
f 649 618 619
f 649 619 650
f 652 651 650
f 619 652 650
f 620 652 619
f 653 620 621
f 652 620 653
f 654 621 622
f 653 621 654
f 655 622 623
f 654 622 655
f 656 623 624
f 655 623 656
f 657 624 625
f 656 624 657
f 658 625 626
f 657 625 658
f 659 626 627
f 658 626 659
f 627 628 660
f 661 627 660
f 659 627 661
f 662 661 660
f 663 630 629
f 665 664 663
f 629 665 663
f 631 665 629
f 666 631 632
f 665 631 666
f 667 632 633
f 666 632 667
f 668 633 634
f 667 633 668
f 669 634 635
f 668 634 669
f 670 635 636
f 669 635 670
f 671 636 637
f 670 636 671
f 672 637 638
f 671 637 672
f 673 638 639
f 672 638 673
f 674 639 640
f 673 639 674
f 675 640 641
f 674 640 675
f 676 641 642
f 675 641 676
f 677 642 643
f 676 642 677
f 678 643 644
f 677 643 678
f 679 644 645
f 678 644 679
f 680 645 646
f 679 645 680
f 681 646 647
f 680 646 681
f 647 648 682
f 683 647 682
f 681 647 683
f 685 684 683
f 685 683 682
f 684 685 651
f 652 684 651
f 686 684 652
f 687 652 653
f 686 652 687
f 688 653 654
f 687 653 688
f 689 654 655
f 688 654 689
f 690 655 656
f 689 655 690
f 691 656 657
f 690 656 691
f 692 657 658
f 691 657 692
f 693 658 659
f 692 658 693
f 694 659 661
f 693 659 694
f 661 662 695
f 661 695 694
f 664 665 696
f 664 696 697
f 698 665 666
f 696 665 698
f 699 666 667
f 698 666 699
f 700 667 668
f 699 667 700
f 701 668 669
f 700 668 701
f 702 669 670
f 701 669 702
f 703 670 671
f 702 670 703
f 704 671 672
f 703 671 704
f 705 672 673
f 704 672 705
f 706 673 674
f 705 673 706
f 707 674 675
f 706 674 707
f 708 675 676
f 707 675 708
f 709 676 677
f 708 676 709
f 710 677 678
f 709 677 710
f 711 678 679
f 710 678 711
f 712 679 680
f 711 679 712
f 681 714 713
f 712 681 713
f 680 681 712
f 714 681 683
f 714 683 715
f 717 716 715
f 683 717 715
f 684 717 683
f 718 684 686
f 717 684 718
f 719 686 687
f 718 686 719
f 720 687 688
f 719 687 720
f 721 688 689
f 720 688 721
f 722 689 690
f 721 689 722
f 723 690 691
f 722 690 723
f 724 691 692
f 723 691 724
f 725 692 693
f 724 692 725
f 726 693 694
f 725 693 726
f 694 695 727
f 694 727 726
f 697 696 728
f 697 728 729
f 730 696 698
f 728 696 730
f 731 698 699
f 730 698 731
f 732 699 700
f 731 699 732
f 733 700 701
f 732 700 733
f 734 701 702
f 733 701 734
f 735 702 703
f 734 702 735
f 736 703 704
f 735 703 736
f 737 704 705
f 736 704 737
f 738 705 706
f 737 705 738
f 739 706 707
f 738 706 739
f 740 707 708
f 739 707 740
f 741 708 709
f 740 708 741
f 742 709 710
f 741 709 742
f 743 710 711
f 742 710 743
f 744 711 712
f 743 711 744
f 712 713 745
f 712 745 744
f 746 716 717
f 748 747 746
f 717 748 746
f 718 748 717
f 749 718 719
f 748 718 749
f 750 719 720
f 749 719 750
f 751 720 721
f 750 720 751
f 752 721 722
f 751 721 752
f 753 722 723
f 752 722 753
f 754 723 724
f 753 723 754
f 755 724 725
f 754 724 755
f 756 725 726
f 755 725 756
f 726 727 757
f 726 757 756
f 729 728 758
f 729 758 759
f 760 728 730
f 758 728 760
f 761 730 731
f 760 730 761
f 762 731 732
f 761 731 762
f 763 732 733
f 762 732 763
f 764 733 734
f 763 733 764
f 765 734 735
f 764 734 765
f 766 735 736
f 765 735 766
f 767 736 737
f 766 736 767
f 768 737 738
f 767 737 768
f 769 738 739
f 768 738 769
f 770 739 740
f 769 739 770
f 771 740 741
f 770 740 771
f 772 741 742
f 771 741 772
f 773 742 743
f 772 742 773
f 774 743 744
f 773 743 774
f 744 745 775
f 776 744 775
f 774 744 776
f 777 776 775
f 747 748 778
f 747 778 779
f 780 748 749
f 778 748 780
f 781 749 750
f 780 749 781
f 782 750 751
f 781 750 782
f 783 751 752
f 782 751 783
f 784 752 753
f 783 752 784
f 785 753 754
f 784 753 785
f 786 754 755
f 785 754 786
f 787 755 756
f 786 755 787
f 756 757 788
f 756 788 787
f 759 758 789
f 759 789 790
f 791 758 760
f 789 758 791
f 792 760 761
f 791 760 792
f 793 761 762
f 792 761 793
f 794 762 763
f 793 762 794
f 795 763 764
f 794 763 795
f 796 764 765
f 795 764 796
f 797 765 766
f 796 765 797
f 798 766 767
f 797 766 798
f 799 767 768
f 798 767 799
f 800 768 769
f 799 768 800
f 801 769 770
f 800 769 801
f 802 770 771
f 801 770 802
f 803 771 772
f 802 771 803
f 804 772 773
f 803 772 804
f 805 773 774
f 804 773 805
f 806 774 776
f 805 774 806
f 776 777 807
f 808 776 807
f 806 776 808
f 810 809 808
f 810 808 807
f 809 810 779
f 778 809 779
f 811 809 778
f 812 778 780
f 811 778 812
f 813 780 781
f 812 780 813
f 814 781 782
f 813 781 814
f 815 782 783
f 814 782 815
f 816 783 784
f 815 783 816
f 817 784 785
f 816 784 817
f 818 785 786
f 817 785 818
f 819 786 787
f 818 786 819
f 787 788 820
f 787 820 819
f 790 789 821
f 790 821 822
f 823 789 791
f 821 789 823
f 824 791 792
f 823 791 824
f 825 792 793
f 824 792 825
f 826 793 794
f 825 793 826
f 827 794 795
f 826 794 827
f 828 795 796
f 827 795 828
f 829 796 797
f 828 796 829
f 830 797 798
f 829 797 830
f 831 798 799
f 830 798 831
f 832 799 800
f 831 799 832
f 833 800 801
f 832 800 833
f 834 801 802
f 833 801 834
f 835 802 803
f 834 802 835
f 836 803 804
f 835 803 836
f 837 804 805
f 836 804 837
f 838 805 806
f 837 805 838
f 839 806 808
f 838 806 839
f 840 808 809
f 839 808 840
f 841 809 811
f 840 809 841
f 842 811 812
f 841 811 842
f 843 812 813
f 842 812 843
f 844 813 814
f 843 813 844
f 845 814 815
f 844 814 845
f 846 815 816
f 845 815 846
f 847 816 817
f 846 816 847
f 848 817 818
f 847 817 848
f 849 818 819
f 848 818 849
f 819 820 850
f 851 819 850
f 849 819 851
f 852 851 850
f 822 821 853
f 822 853 854
f 855 821 823
f 853 821 855
f 856 823 824
f 855 823 856
f 857 824 825
f 856 824 857
f 858 825 826
f 857 825 858
f 859 826 827
f 858 826 859
f 860 827 828
f 859 827 860
f 861 828 829
f 860 828 861
f 862 829 830
f 861 829 862
f 863 830 831
f 862 830 863
f 864 831 832
f 863 831 864
f 865 832 833
f 864 832 865
f 866 833 834
f 865 833 866
f 867 834 835
f 866 834 867
f 868 835 836
f 867 835 868
f 869 836 837
f 868 836 869
f 870 837 838
f 869 837 870
f 871 838 839
f 870 838 871
f 872 839 840
f 871 839 872
f 873 840 841
f 872 840 873
f 874 841 842
f 873 841 874
f 875 842 843
f 874 842 875
f 876 843 844
f 875 843 876
f 877 844 845
f 876 844 877
f 878 845 846
f 877 845 878
f 879 846 847
f 878 846 879
f 880 847 848
f 879 847 880
f 881 848 849
f 880 848 881
f 882 849 851
f 881 849 882
f 851 852 883
f 851 883 882
f 854 853 884
f 854 884 885
f 886 853 855
f 884 853 886
f 887 855 856
f 886 855 887
f 888 856 857
f 887 856 888
f 889 857 858
f 888 857 889
f 890 858 859
f 889 858 890
f 891 859 860
f 890 859 891
f 892 860 861
f 891 860 892
f 893 861 862
f 892 861 893
f 894 862 863
f 893 862 894
f 895 863 864
f 894 863 895
f 896 864 865
f 895 864 896
f 897 865 866
f 896 865 897
f 898 866 867
f 897 866 898
f 899 867 868
f 898 867 899
f 900 868 869
f 899 868 900
f 901 869 870
f 900 869 901
f 902 870 871
f 901 870 902
f 903 871 872
f 902 871 903
f 904 872 873
f 903 872 904
f 905 873 874
f 904 873 905
f 906 874 875
f 905 874 906
f 907 875 876
f 906 875 907
f 908 876 877
f 907 876 908
f 909 877 878
f 908 877 909
f 910 878 879
f 909 878 910
f 911 879 880
f 910 879 911
f 912 880 881
f 911 880 912
f 913 881 882
f 912 881 913
f 882 883 914
f 882 914 913
f 915 885 884
f 915 884 886
f 915 886 916
f 918 917 916
f 886 918 916
f 887 918 886
f 919 887 888
f 918 887 919
f 920 888 889
f 919 888 920
f 921 889 890
f 920 889 921
f 922 890 891
f 921 890 922
f 923 891 892
f 922 891 923
f 924 892 893
f 923 892 924
f 925 893 894
f 924 893 925
f 926 894 895
f 925 894 926
f 927 895 896
f 926 895 927
f 928 896 897
f 927 896 928
f 929 897 898
f 928 897 929
f 930 898 899
f 929 898 930
f 931 899 900
f 930 899 931
f 932 900 901
f 931 900 932
f 933 901 902
f 932 901 933
f 934 902 903
f 933 902 934
f 935 903 904
f 934 903 935
f 936 904 905
f 935 904 936
f 937 905 906
f 936 905 937
f 938 906 907
f 937 906 938
f 939 907 908
f 938 907 939
f 940 908 909
f 939 908 940
f 941 909 910
f 940 909 941
f 942 910 911
f 941 910 942
f 943 911 912
f 942 911 943
f 913 945 944
f 943 913 944
f 912 913 943
f 945 913 914
f 946 917 918
f 946 918 919
f 946 919 947
f 947 919 920
f 947 920 948
f 948 920 921
f 948 921 949
f 949 921 922
f 949 922 950
f 950 922 923
f 950 923 951
f 951 923 924
f 951 924 952
f 952 924 925
f 952 925 953
f 953 925 926
f 953 926 954
f 954 926 927
f 954 927 955
f 955 927 928
f 955 928 956
f 956 928 929
f 956 929 957
f 957 929 930
f 957 930 958
f 958 930 931
f 958 931 959
f 959 931 932
f 959 932 960
f 960 932 933
f 960 933 961
f 961 933 934
f 961 934 962
f 962 934 935
f 962 935 963
f 963 935 936
f 963 936 964
f 964 936 937
f 964 937 965
f 965 937 938
f 965 938 966
f 966 938 939
f 966 939 967
f 967 939 940
f 967 940 968
f 968 940 941
f 968 941 969
f 969 941 942
f 969 942 970
f 970 942 943
f 970 943 971
f 971 943 944
f 974 973 972
f 976 975 972
f 976 972 973
f 978 977 975
f 978 975 976
f 980 979 977
f 980 977 978
f 982 981 979
f 982 979 980
f 984 983 981
f 984 981 982
f 986 985 983
f 986 983 984
f 988 987 985
f 988 985 986
f 2 3 987
f 988 2 987
f 989 2 988
f 991 990 4
f 2 991 4
f 989 991 2
f 993 992 990
f 993 990 991
f 995 994 992
f 995 992 993
f 997 996 994
f 997 994 995
f 999 998 996
f 999 996 997
f 1001 1000 998
f 1001 998 999
f 1003 1002 1000
f 1003 1000 1001
f 1005 1004 1002
f 1005 1002 1003
f 1007 1006 1004
f 1007 1004 1005
f 1009 1008 1006
f 1009 1006 1007
f 1011 1010 1008
f 1011 1008 1009
f 1013 1012 1010
f 1013 1010 1011
f 1015 1014 1012
f 1015 1012 1013
f 6 7 1014
f 1015 6 1014
f 1016 6 1015
f 1018 1017 8
f 6 1018 8
f 1016 1018 6
f 1020 1019 1017
f 1020 1017 1018
f 1022 1021 1019
f 1022 1019 1020
f 1024 1023 1021
f 1024 1021 1022
f 1026 1025 1023
f 1026 1023 1024
f 1028 1027 1025
f 1028 1025 1026
f 1029 1027 1028
f 974 972 1030
f 974 1030 1031
f 11 1030 10
f 1030 975 10
f 1030 972 975
f 10 975 13
f 13 975 977
f 13 977 15
f 15 977 979
f 15 979 17
f 17 979 981
f 17 981 19
f 19 981 983
f 19 983 21
f 21 983 985
f 21 985 23
f 23 985 987
f 23 987 3
f 990 25 4
f 25 990 28
f 28 990 992
f 28 992 30
f 30 992 994
f 30 994 32
f 32 994 996
f 32 996 34
f 34 996 998
f 34 998 36
f 36 998 1000
f 36 1000 38
f 38 1000 1002
f 38 1002 40
f 40 1002 1004
f 40 1004 42
f 42 1004 1006
f 42 1006 44
f 44 1006 1008
f 44 1008 46
f 46 1008 1010
f 46 1010 48
f 48 1010 1012
f 48 1012 50
f 50 1012 1014
f 50 1014 7
f 1017 52 8
f 52 1017 55
f 55 1017 1019
f 55 1019 57
f 57 1019 1021
f 57 1021 59
f 59 1021 1023
f 59 1023 61
f 61 1023 1025
f 61 1025 62
f 1025 1032 62
f 1025 1027 1032
f 1027 1029 1033
f 1034 1027 1033
f 1032 1027 1034
f 1035 1034 1033
f 1038 1037 1036
f 1036 1037 1031
f 1036 1031 1030
f 65 1036 1030
f 64 65 1030
f 64 1030 11
f 1032 93 62
f 93 1032 95
f 1032 1039 95
f 1032 1034 1039
f 1034 1035 1040
f 1034 1040 1039
f 1038 1036 1041
f 1038 1041 1042
f 97 1041 65
f 65 1041 1036
f 1043 126 1039
f 1039 126 95
f 1039 1040 1044
f 1039 1044 1043
f 1042 1041 1045
f 1042 1045 1046
f 128 1045 97
f 97 1045 1041
f 1047 157 1043
f 1043 157 126
f 1043 1044 1048
f 1043 1048 1047
f 1046 1045 1049
f 1046 1049 1050
f 159 1049 128
f 128 1049 1045
f 1047 188 157
f 190 188 1047
f 1048 190 1047
f 1051 190 1048
f 1050 1049 1052
f 1050 1052 1053
f 192 1052 159
f 159 1052 1049
f 1051 222 190
f 1054 222 1051
f 1053 1052 1055
f 1053 1055 1056
f 224 1055 192
f 192 1055 1052
f 1054 254 222
f 1057 254 1054
f 1056 1055 1058
f 1056 1058 1059
f 256 1058 224
f 224 1058 1055
f 1057 286 254
f 1060 286 1057
f 1059 1058 1061
f 1059 1061 1062
f 288 1061 256
f 256 1061 1058
f 1060 318 286
f 1063 318 1060
f 1062 1061 1064
f 1062 1064 1065
f 320 1064 288
f 288 1064 1061
f 1063 350 318
f 1066 350 1063
f 1065 1064 1067
f 1065 1067 1068
f 352 1067 320
f 320 1067 1064
f 1069 381 382
f 1070 1069 382
f 350 1070 382
f 1066 1070 350
f 1068 1067 1071
f 1068 1071 1072
f 384 1071 352
f 352 1071 1067
f 1073 413 1069
f 1069 413 381
f 1069 1070 1074
f 1069 1074 1073
f 1072 1071 1075
f 1072 1075 1076
f 415 1075 384
f 384 1075 1071
f 1077 444 1073
f 1073 444 413
f 1073 1074 1078
f 1073 1078 1077
f 1079 1076 1075
f 1075 415 1079
f 415 1080 1079
f 415 446 1080
f 1081 475 1077
f 1077 475 444
f 1077 1078 1082
f 1077 1082 1081
f 477 1080 446
f 477 1083 1080
f 1084 506 1081
f 1081 506 475
f 1081 1082 1085
f 1081 1085 1084
f 508 1083 477
f 508 1086 1083
f 1087 537 1084
f 1084 537 506
f 1084 1085 1088
f 1084 1088 1087
f 539 1086 508
f 539 1089 1086
f 1090 567 568
f 537 1087 568
f 1087 1090 568
f 1087 1091 1090
f 1087 1088 1092
f 1087 1092 1091
f 570 1089 539
f 570 1093 1089
f 1094 598 1090
f 1090 598 567
f 1095 1090 1091
f 1094 1090 1095
f 1091 1092 1096
f 1091 1096 1095
f 600 1093 570
f 600 1097 1093
f 1098 628 1094
f 1094 628 598
f 1099 1094 1095
f 1098 1094 1099
f 1095 1096 1100
f 1095 1100 1099
f 630 1097 600
f 630 1101 1097
f 1102 648 649
f 650 1103 649
f 649 1103 1102
f 651 1103 650
f 1098 660 628
f 660 1098 662
f 1098 1104 662
f 1098 1099 1104
f 1099 1100 1105
f 1099 1105 1104
f 630 663 1106
f 1107 630 1106
f 1101 630 1107
f 664 1106 663
f 1102 682 648
f 682 1102 685
f 685 1102 1103
f 685 1103 651
f 1108 695 1104
f 1104 695 662
f 1104 1105 1109
f 1104 1109 1108
f 1112 1111 1110
f 1110 1111 1107
f 1106 1110 1107
f 1113 1110 1106
f 697 1113 664
f 664 1113 1106
f 1114 713 714
f 715 1115 714
f 714 1115 1114
f 716 1115 715
f 1116 727 1108
f 1108 727 695
f 1108 1109 1117
f 1108 1117 1116
f 1118 1112 1110
f 1120 1119 1118
f 1110 1120 1118
f 1113 1120 1110
f 729 1120 697
f 697 1120 1113
f 1121 745 1114
f 1114 745 713
f 1122 1114 1115
f 1121 1114 1122
f 746 1123 716
f 1123 1115 716
f 1123 1122 1115
f 747 1123 746
f 1124 757 1116
f 1116 757 727
f 1116 1117 1125
f 1116 1125 1124
f 1119 1120 1126
f 1119 1126 1127
f 759 1126 729
f 729 1126 1120
f 1121 775 745
f 775 1121 777
f 1121 1128 777
f 1121 1122 1128
f 1129 1122 1123
f 1128 1122 1129
f 779 1129 747
f 747 1129 1123
f 1130 788 1124
f 1124 788 757
f 1124 1125 1131
f 1132 1124 1131
f 1130 1124 1132
f 1133 1132 1131
f 1127 1126 1134
f 1127 1134 1135
f 790 1134 759
f 759 1134 1126
f 1128 807 777
f 807 1128 810
f 810 1128 1129
f 810 1129 779
f 1136 820 1130
f 1130 820 788
f 1137 1130 1132
f 1136 1130 1137
f 1132 1133 1138
f 1132 1138 1137
f 1141 1140 1139
f 1139 1140 1135
f 1134 1139 1135
f 1142 1139 1134
f 822 1142 790
f 790 1142 1134
f 1136 850 820
f 850 1136 852
f 1136 1143 852
f 1136 1137 1143
f 1137 1138 1144
f 1137 1144 1143
f 1141 1139 1145
f 1141 1145 1146
f 1147 1139 1142
f 1145 1139 1147
f 854 1147 822
f 822 1147 1142
f 1148 883 1143
f 1143 883 852
f 1143 1144 1149
f 1143 1149 1148
f 1150 1146 1145
f 1152 1151 1150
f 1145 1152 1150
f 1147 1152 1145
f 885 1152 854
f 854 1152 1147
f 1154 1153 1148
f 1153 883 1148
f 1153 914 883
f 1154 1148 1149
f 1151 1152 1155
f 1151 1155 1156
f 915 1157 885
f 1157 1152 885
f 1157 1155 1152
f 916 1158 915
f 915 1158 1157
f 917 1158 916
f 1159 944 945
f 1160 1159 945
f 914 1160 945
f 1153 1160 914
f 1161 1156 1155
f 1161 1155 1157
f 1161 1157 1162
f 1164 1163 1162
f 1157 1164 1162
f 1158 1164 1157
f 946 1165 917
f 1165 1158 917
f 1165 1164 1158
f 947 1166 946
f 946 1166 1165
f 948 1167 947
f 947 1167 1166
f 949 1168 948
f 948 1168 1167
f 950 1169 949
f 949 1169 1168
f 951 1170 950
f 950 1170 1169
f 952 1171 951
f 951 1171 1170
f 953 1172 952
f 952 1172 1171
f 954 1173 953
f 953 1173 1172
f 955 1174 954
f 954 1174 1173
f 956 1175 955
f 955 1175 1174
f 957 1176 956
f 956 1176 1175
f 1176 957 1177
f 957 1178 1177
f 957 958 1178
f 1179 958 959
f 1179 1178 958
f 1180 959 960
f 1180 1179 959
f 1181 960 961
f 1181 1180 960
f 1182 961 962
f 1182 1181 961
f 1184 1182 1183
f 1182 963 1183
f 1182 962 963
f 964 1185 963
f 963 1185 1183
f 965 1186 964
f 964 1186 1185
f 966 1187 965
f 965 1187 1186
f 967 1188 966
f 966 1188 1187
f 968 1189 967
f 967 1189 1188
f 969 1190 968
f 968 1190 1189
f 970 1191 969
f 969 1191 1190
f 1191 970 1192
f 970 1193 1192
f 970 971 1193
f 971 944 1159
f 1194 971 1159
f 1193 971 1194
f 1194 1159 1160
f 1195 1163 1164
f 1195 1164 1165
f 1195 1165 1196
f 1196 1165 1166
f 1196 1166 1197
f 1197 1166 1167
f 1197 1167 1198
f 1198 1167 1168
f 1198 1168 1199
f 1199 1168 1169
f 1199 1169 1200
f 1200 1169 1170
f 1200 1170 1201
f 1201 1170 1171
f 1201 1171 1202
f 1202 1171 1172
f 1202 1172 1203
f 1203 1172 1173
f 1203 1173 1204
f 1204 1173 1174
f 1204 1174 1205
f 1205 1174 1175
f 1205 1175 1206
f 1206 1175 1176
f 1206 1176 1207
f 1207 1176 1177
f 1208 1184 1183
f 1208 1183 1185
f 1208 1185 1209
f 1209 1185 1186
f 1209 1186 1210
f 1210 1186 1187
f 1210 1187 1211
f 1211 1187 1188
f 1211 1188 1212
f 1212 1188 1189
f 1212 1189 1213
f 1213 1189 1190
f 1213 1190 1214
f 1214 1190 1191
f 1214 1191 1215
f 1215 1191 1192
f 1218 1217 1216
f 1220 1219 1216
f 1220 1216 1217
f 1222 1221 1219
f 1222 1219 1220
f 1224 1223 1221
f 1224 1221 1222
f 1226 1225 1223
f 1226 1223 1224
f 1228 1227 1225
f 1228 1225 1226
f 1230 1229 1227
f 1230 1227 1228
f 1232 1231 1229
f 1232 1229 1230
f 1234 1233 1231
f 1234 1231 1232
f 1236 1235 1233
f 1236 1233 1234
f 1238 1237 1235
f 1238 1235 1236
f 1240 1239 1237
f 1240 1237 1238
f 1242 1241 1239
f 1242 1239 1240
f 1244 1243 1241
f 1244 1241 1242
f 1246 1245 1243
f 1246 1243 1244
f 1248 1247 1245
f 1248 1245 1246
f 1250 1249 1247
f 1250 1247 1248
f 1252 1251 1249
f 1252 1249 1250
f 1254 1253 1251
f 1254 1251 1252
f 1256 1255 1253
f 1256 1253 1254
f 1258 1257 1255
f 1258 1255 1256
f 1260 1259 1257
f 1260 1257 1258
f 1262 1261 1259
f 1262 1259 1260
f 1264 1263 1261
f 1264 1261 1262
f 1266 1265 1263
f 1266 1263 1264
f 1268 1267 1265
f 1268 1265 1266
f 1270 1269 1267
f 1270 1267 1268
f 1271 1269 1270
f 1273 1272 973
f 1273 973 974
f 1216 976 1218
f 976 1272 1218
f 976 973 1272
f 976 1216 978
f 978 1216 1219
f 978 1219 980
f 980 1219 1221
f 980 1221 982
f 982 1221 1223
f 982 1223 984
f 984 1223 1225
f 984 1225 986
f 986 1225 1227
f 986 1227 988
f 988 1227 1229
f 988 1229 989
f 989 1229 1231
f 989 1231 991
f 991 1231 1233
f 991 1233 993
f 993 1233 1235
f 993 1235 995
f 995 1235 1237
f 995 1237 997
f 997 1237 1239
f 997 1239 999
f 999 1239 1241
f 999 1241 1001
f 1001 1241 1243
f 1001 1243 1003
f 1003 1243 1245
f 1003 1245 1005
f 1005 1245 1247
f 1005 1247 1007
f 1007 1247 1249
f 1007 1249 1009
f 1009 1249 1251
f 1009 1251 1011
f 1011 1251 1253
f 1011 1253 1013
f 1013 1253 1255
f 1013 1255 1015
f 1015 1255 1257
f 1015 1257 1016
f 1016 1257 1259
f 1016 1259 1018
f 1018 1259 1261
f 1018 1261 1020
f 1020 1261 1263
f 1020 1263 1022
f 1022 1263 1265
f 1022 1265 1024
f 1024 1265 1267
f 1024 1267 1026
f 1026 1267 1269
f 1271 1274 1269
f 1274 1026 1269
f 1274 1028 1026
f 1276 1275 1029
f 1028 1276 1029
f 1274 1276 1028
f 1277 1275 1276
f 1280 1279 1278
f 1279 1273 1278
f 1273 1031 1278
f 1273 974 1031
f 1275 1033 1029
f 1035 1033 1275
f 1277 1035 1275
f 1281 1035 1277
f 1280 1278 1037
f 1038 1280 1037
f 1282 1280 1038
f 1037 1278 1031
f 1284 1040 1283
f 1040 1281 1283
f 1040 1035 1281
f 1285 1284 1283
f 1042 1282 1038
f 1042 1286 1282
f 1287 1044 1284
f 1284 1044 1040
f 1284 1285 1288
f 1284 1288 1287
f 1046 1286 1042
f 1046 1289 1286
f 1290 1048 1287
f 1287 1048 1044
f 1287 1288 1291
f 1287 1291 1290
f 1050 1289 1046
f 1050 1292 1289
f 1293 1051 1290
f 1290 1051 1048
f 1290 1291 1294
f 1290 1294 1293
f 1053 1292 1050
f 1053 1295 1292
f 1296 1054 1293
f 1293 1054 1051
f 1293 1294 1297
f 1293 1297 1296
f 1056 1295 1053
f 1056 1298 1295
f 1299 1057 1296
f 1296 1057 1054
f 1296 1297 1300
f 1296 1300 1299
f 1059 1298 1056
f 1059 1301 1298
f 1302 1060 1299
f 1299 1060 1057
f 1299 1300 1303
f 1299 1303 1302
f 1062 1301 1059
f 1062 1304 1301
f 1305 1063 1302
f 1302 1063 1060
f 1302 1303 1306
f 1302 1306 1305
f 1065 1304 1062
f 1065 1307 1304
f 1308 1066 1305
f 1305 1066 1063
f 1305 1306 1309
f 1305 1309 1308
f 1068 1307 1065
f 1068 1310 1307
f 1311 1070 1308
f 1308 1070 1066
f 1308 1309 1312
f 1308 1312 1311
f 1072 1310 1068
f 1072 1313 1310
f 1314 1074 1311
f 1311 1074 1070
f 1311 1312 1315
f 1311 1315 1314
f 1076 1313 1072
f 1076 1316 1313
f 1317 1078 1314
f 1314 1078 1074
f 1314 1315 1318
f 1314 1318 1317
f 1076 1079 1319
f 1320 1076 1319
f 1316 1076 1320
f 1080 1319 1079
f 1321 1082 1317
f 1317 1082 1078
f 1317 1318 1322
f 1317 1322 1321
f 1320 1319 1323
f 1320 1323 1324
f 1083 1323 1080
f 1080 1323 1319
f 1325 1085 1321
f 1321 1085 1082
f 1321 1322 1326
f 1321 1326 1325
f 1324 1323 1327
f 1324 1327 1328
f 1086 1327 1083
f 1083 1327 1323
f 1329 1088 1325
f 1325 1088 1085
f 1325 1326 1330
f 1325 1330 1329
f 1328 1327 1331
f 1328 1331 1332
f 1089 1331 1086
f 1086 1331 1327
f 1334 1333 1329
f 1333 1088 1329
f 1333 1092 1088
f 1334 1329 1330
f 1332 1331 1335
f 1332 1335 1336
f 1093 1335 1089
f 1089 1335 1331
f 1333 1096 1092
f 1337 1096 1333
f 1336 1335 1338
f 1336 1338 1339
f 1097 1338 1093
f 1093 1338 1335
f 1341 1100 1340
f 1100 1337 1340
f 1100 1096 1337
f 1342 1341 1340
f 1339 1338 1343
f 1339 1343 1344
f 1101 1343 1097
f 1097 1343 1338
f 1345 1105 1341
f 1341 1105 1100
f 1341 1342 1346
f 1341 1346 1345
f 1344 1343 1347
f 1344 1347 1348
f 1107 1347 1101
f 1101 1347 1343
f 1349 1109 1345
f 1345 1109 1105
f 1345 1346 1350
f 1345 1350 1349
f 1348 1347 1111
f 1112 1348 1111
f 1351 1348 1112
f 1111 1347 1107
f 1352 1117 1349
f 1349 1117 1109
f 1349 1350 1353
f 1349 1353 1352
f 1112 1118 1354
f 1355 1112 1354
f 1351 1112 1355
f 1119 1354 1118
f 1356 1125 1352
f 1352 1125 1117
f 1352 1353 1357
f 1352 1357 1356
f 1355 1354 1358
f 1355 1358 1359
f 1127 1358 1119
f 1119 1358 1354
f 1356 1131 1125
f 1133 1131 1356
f 1357 1133 1356
f 1360 1133 1357
f 1359 1358 1361
f 1359 1361 1362
f 1135 1361 1127
f 1127 1361 1358
f 1360 1138 1133
f 1363 1138 1360
f 1362 1361 1140
f 1141 1362 1140
f 1364 1362 1141
f 1140 1361 1135
f 1363 1144 1138
f 1365 1144 1363
f 1146 1364 1141
f 1146 1366 1364
f 1365 1149 1144
f 1367 1149 1365
f 1146 1150 1368
f 1369 1146 1368
f 1366 1146 1369
f 1151 1368 1150
f 1370 1153 1154
f 1371 1370 1154
f 1149 1371 1154
f 1367 1371 1149
f 1372 1369 1368
f 1368 1151 1372
f 1151 1373 1372
f 1151 1156 1373
f 1375 1374 1370
f 1374 1153 1370
f 1374 1160 1153
f 1375 1370 1371
f 1376 1373 1156
f 1376 1156 1161
f 1378 1376 1377
f 1376 1162 1377
f 1376 1161 1162
f 1163 1377 1162
f 1379 1177 1178
f 1179 1380 1178
f 1178 1380 1379
f 1180 1381 1179
f 1179 1381 1380
f 1181 1382 1180
f 1180 1382 1381
f 1182 1383 1181
f 1181 1383 1382
f 1184 1383 1182
f 1384 1192 1193
f 1384 1193 1385
f 1193 1386 1385
f 1193 1194 1386
f 1194 1160 1374
f 1194 1374 1386
f 1387 1378 1377
f 1387 1377 1163
f 1195 1387 1163
f 1388 1387 1195
f 1389 1195 1196
f 1389 1388 1195
f 1390 1196 1197
f 1390 1389 1196
f 1391 1197 1198
f 1391 1390 1197
f 1392 1198 1199
f 1392 1391 1198
f 1393 1199 1200
f 1393 1392 1199
f 1394 1200 1201
f 1394 1393 1200
f 1395 1201 1202
f 1395 1394 1201
f 1396 1202 1203
f 1396 1395 1202
f 1397 1203 1204
f 1397 1396 1203
f 1398 1204 1205
f 1398 1397 1204
f 1399 1205 1206
f 1399 1398 1205
f 1400 1206 1207
f 1400 1399 1206
f 1207 1177 1379
f 1401 1207 1379
f 1400 1207 1401
f 1401 1379 1380
f 1401 1380 1402
f 1402 1380 1381
f 1402 1381 1403
f 1403 1381 1382
f 1403 1382 1404
f 1404 1382 1383
f 1404 1383 1405
f 1405 1383 1184
f 1208 1405 1184
f 1406 1405 1208
f 1407 1208 1209
f 1407 1406 1208
f 1408 1209 1210
f 1408 1407 1209
f 1409 1210 1211
f 1409 1408 1210
f 1410 1211 1212
f 1410 1409 1211
f 1411 1212 1213
f 1411 1410 1212
f 1412 1213 1214
f 1412 1411 1213
f 1413 1214 1215
f 1413 1412 1214
f 1215 1192 1384
f 1414 1215 1384
f 1413 1215 1414
f 1414 1384 1385
f 1416 1415 1217
f 1416 1217 1218
f 1217 1417 1220
f 1415 1417 1217
f 1220 1418 1222
f 1417 1418 1220
f 1222 1419 1224
f 1418 1419 1222
f 1224 1420 1226
f 1419 1420 1224
f 1226 1421 1228
f 1420 1421 1226
f 1228 1422 1230
f 1421 1422 1228
f 1230 1423 1232
f 1422 1423 1230
f 1232 1424 1234
f 1423 1424 1232
f 1234 1425 1236
f 1424 1425 1234
f 1236 1426 1238
f 1425 1426 1236
f 1238 1427 1240
f 1426 1427 1238
f 1240 1428 1242
f 1427 1428 1240
f 1242 1429 1244
f 1428 1429 1242
f 1244 1430 1246
f 1429 1430 1244
f 1246 1431 1248
f 1430 1431 1246
f 1248 1432 1250
f 1431 1432 1248
f 1250 1433 1252
f 1432 1433 1250
f 1252 1434 1254
f 1433 1434 1252
f 1254 1435 1256
f 1434 1435 1254
f 1256 1436 1258
f 1435 1436 1256
f 1258 1437 1260
f 1436 1437 1258
f 1260 1438 1262
f 1437 1438 1260
f 1262 1439 1264
f 1438 1439 1262
f 1264 1440 1266
f 1439 1440 1264
f 1266 1441 1268
f 1440 1441 1266
f 1268 1442 1270
f 1441 1442 1268
f 1444 1443 1271
f 1270 1444 1271
f 1442 1444 1270
f 1445 1443 1444
f 1448 1447 1446
f 1272 1273 1446
f 1447 1272 1446
f 1449 1272 1447
f 1218 1272 1416
f 1416 1272 1449
f 1443 1274 1271
f 1445 1450 1443
f 1450 1274 1443
f 1450 1276 1274
f 1277 1276 1450
f 1277 1450 1451
f 1448 1446 1279
f 1280 1448 1279
f 1452 1448 1280
f 1279 1446 1273
f 1454 1281 1453
f 1281 1451 1453
f 1281 1277 1451
f 1455 1454 1453
f 1282 1452 1280
f 1282 1456 1452
f 1454 1283 1281
f 1285 1283 1454
f 1455 1285 1454
f 1457 1285 1455
f 1286 1456 1282
f 1286 1458 1456
f 1457 1288 1285
f 1459 1288 1457
f 1289 1458 1286
f 1289 1460 1458
f 1459 1291 1288
f 1461 1291 1459
f 1292 1460 1289
f 1292 1462 1460
f 1461 1294 1291
f 1463 1294 1461
f 1295 1462 1292
f 1295 1464 1462
f 1463 1297 1294
f 1465 1297 1463
f 1298 1464 1295
f 1298 1466 1464
f 1465 1300 1297
f 1467 1300 1465
f 1301 1466 1298
f 1301 1468 1466
f 1467 1303 1300
f 1469 1303 1467
f 1304 1468 1301
f 1304 1470 1468
f 1469 1306 1303
f 1471 1306 1469
f 1307 1470 1304
f 1307 1472 1470
f 1471 1309 1306
f 1473 1309 1471
f 1310 1472 1307
f 1310 1474 1472
f 1473 1312 1309
f 1475 1312 1473
f 1313 1474 1310
f 1313 1476 1474
f 1475 1315 1312
f 1477 1315 1475
f 1316 1476 1313
f 1316 1478 1476
f 1477 1318 1315
f 1479 1318 1477
f 1320 1478 1316
f 1320 1480 1478
f 1479 1322 1318
f 1481 1322 1479
f 1324 1480 1320
f 1324 1482 1480
f 1481 1326 1322
f 1483 1326 1481
f 1328 1482 1324
f 1328 1484 1482
f 1483 1330 1326
f 1485 1330 1483
f 1332 1484 1328
f 1332 1486 1484
f 1487 1333 1334
f 1488 1487 1334
f 1330 1488 1334
f 1485 1488 1330
f 1336 1486 1332
f 1336 1489 1486
f 1490 1337 1487
f 1487 1337 1333
f 1487 1488 1491
f 1487 1491 1490
f 1339 1489 1336
f 1339 1492 1489
f 1490 1340 1337
f 1342 1340 1490
f 1491 1342 1490
f 1493 1342 1491
f 1344 1492 1339
f 1344 1494 1492
f 1493 1346 1342
f 1495 1346 1493
f 1348 1494 1344
f 1348 1496 1494
f 1495 1350 1346
f 1497 1350 1495
f 1351 1496 1348
f 1351 1498 1496
f 1497 1353 1350
f 1499 1353 1497
f 1355 1498 1351
f 1355 1500 1498
f 1499 1357 1353
f 1501 1357 1499
f 1359 1500 1355
f 1359 1502 1500
f 1501 1360 1357
f 1503 1360 1501
f 1362 1502 1359
f 1362 1504 1502
f 1503 1363 1360
f 1505 1363 1503
f 1364 1504 1362
f 1364 1506 1504
f 1505 1365 1363
f 1507 1365 1505
f 1366 1506 1364
f 1366 1508 1506
f 1507 1367 1365
f 1509 1367 1507
f 1369 1508 1366
f 1369 1510 1508
f 1509 1371 1367
f 1511 1371 1509
f 1512 1510 1369
f 1512 1369 1372
f 1372 1373 1512
f 1512 1373 1513
f 1514 1374 1375
f 1515 1514 1375
f 1371 1515 1375
f 1511 1515 1371
f 1516 1513 1373
f 1516 1373 1376
f 1376 1378 1516
f 1516 1378 1517
f 1519 1518 1386
f 1386 1518 1385
f 1386 1374 1514
f 1520 1386 1514
f 1519 1386 1520
f 1520 1514 1515
f 1521 1517 1378
f 1521 1378 1387
f 1522 1387 1388
f 1522 1521 1387
f 1523 1388 1389
f 1523 1522 1388
f 1524 1389 1390
f 1524 1523 1389
f 1525 1390 1391
f 1525 1524 1390
f 1526 1391 1392
f 1526 1525 1391
f 1527 1392 1393
f 1527 1526 1392
f 1528 1393 1394
f 1528 1527 1393
f 1529 1394 1395
f 1529 1528 1394
f 1530 1395 1396
f 1530 1529 1395
f 1531 1396 1397
f 1531 1530 1396
f 1532 1397 1398
f 1532 1531 1397
f 1533 1398 1399
f 1533 1532 1398
f 1534 1399 1400
f 1534 1533 1399
f 1535 1400 1401
f 1535 1534 1400
f 1536 1401 1402
f 1536 1535 1401
f 1537 1402 1403
f 1537 1536 1402
f 1538 1403 1404
f 1538 1537 1403
f 1539 1404 1405
f 1539 1538 1404
f 1540 1405 1406
f 1540 1539 1405
f 1541 1406 1407
f 1541 1540 1406
f 1542 1407 1408
f 1542 1541 1407
f 1543 1408 1409
f 1543 1542 1408
f 1544 1409 1410
f 1544 1543 1409
f 1545 1410 1411
f 1545 1544 1410
f 1546 1411 1412
f 1546 1545 1411
f 1547 1412 1413
f 1547 1546 1412
f 1548 1413 1414
f 1548 1547 1413
f 1414 1385 1518
f 1414 1518 1548
f 1551 1550 1549
f 1415 1416 1549
f 1550 1415 1549
f 1552 1415 1550
f 1415 1553 1417
f 1552 1553 1415
f 1417 1554 1418
f 1553 1554 1417
f 1418 1555 1419
f 1554 1555 1418
f 1419 1556 1420
f 1555 1556 1419
f 1420 1557 1421
f 1556 1557 1420
f 1421 1558 1422
f 1557 1558 1421
f 1422 1559 1423
f 1558 1559 1422
f 1423 1560 1424
f 1559 1560 1423
f 1424 1561 1425
f 1560 1561 1424
f 1425 1562 1426
f 1561 1562 1425
f 1426 1563 1427
f 1562 1563 1426
f 1427 1564 1428
f 1563 1564 1427
f 1428 1565 1429
f 1564 1565 1428
f 1429 1566 1430
f 1565 1566 1429
f 1430 1567 1431
f 1566 1567 1430
f 1431 1568 1432
f 1567 1568 1431
f 1432 1569 1433
f 1568 1569 1432
f 1433 1570 1434
f 1569 1570 1433
f 1434 1571 1435
f 1570 1571 1434
f 1435 1572 1436
f 1571 1572 1435
f 1436 1573 1437
f 1572 1573 1436
f 1437 1574 1438
f 1573 1574 1437
f 1438 1575 1439
f 1574 1575 1438
f 1439 1576 1440
f 1575 1576 1439
f 1440 1577 1441
f 1576 1577 1440
f 1441 1578 1442
f 1577 1578 1441
f 1442 1579 1444
f 1578 1579 1442
f 1445 1444 1579
f 1445 1579 1580
f 1582 1581 1447
f 1582 1447 1448
f 1549 1449 1551
f 1449 1581 1551
f 1449 1447 1581
f 1449 1549 1416
f 1580 1583 1445
f 1445 1583 1450
f 1451 1450 1583
f 1451 1583 1584
f 1452 1582 1448
f 1452 1585 1582
f 1584 1586 1451
f 1451 1586 1453
f 1455 1453 1586
f 1455 1586 1587
f 1456 1585 1452
f 1456 1588 1585
f 1587 1457 1455
f 1589 1457 1587
f 1458 1588 1456
f 1458 1590 1588
f 1589 1459 1457
f 1591 1459 1589
f 1460 1590 1458
f 1460 1592 1590
f 1591 1461 1459
f 1593 1461 1591
f 1462 1592 1460
f 1462 1594 1592
f 1593 1463 1461
f 1595 1463 1593
f 1464 1594 1462
f 1464 1596 1594
f 1595 1465 1463
f 1597 1465 1595
f 1466 1596 1464
f 1466 1598 1596
f 1597 1467 1465
f 1599 1467 1597
f 1468 1598 1466
f 1468 1600 1598
f 1599 1469 1467
f 1601 1469 1599
f 1470 1600 1468
f 1470 1602 1600
f 1601 1471 1469
f 1603 1471 1601
f 1472 1602 1470
f 1472 1604 1602
f 1603 1473 1471
f 1605 1473 1603
f 1474 1604 1472
f 1474 1606 1604
f 1605 1475 1473
f 1607 1475 1605
f 1476 1606 1474
f 1476 1608 1606
f 1607 1477 1475
f 1609 1477 1607
f 1478 1608 1476
f 1478 1610 1608
f 1609 1479 1477
f 1611 1479 1609
f 1480 1610 1478
f 1480 1612 1610
f 1611 1481 1479
f 1613 1481 1611
f 1482 1612 1480
f 1482 1614 1612
f 1613 1483 1481
f 1615 1483 1613
f 1484 1614 1482
f 1484 1616 1614
f 1615 1485 1483
f 1617 1485 1615
f 1486 1616 1484
f 1486 1618 1616
f 1617 1488 1485
f 1619 1488 1617
f 1489 1618 1486
f 1489 1620 1618
f 1619 1491 1488
f 1621 1491 1619
f 1492 1620 1489
f 1492 1622 1620
f 1621 1493 1491
f 1623 1493 1621
f 1494 1622 1492
f 1494 1624 1622
f 1623 1495 1493
f 1625 1495 1623
f 1496 1624 1494
f 1496 1626 1624
f 1625 1497 1495
f 1627 1497 1625
f 1498 1626 1496
f 1498 1628 1626
f 1627 1499 1497
f 1629 1499 1627
f 1500 1628 1498
f 1500 1630 1628
f 1629 1501 1499
f 1631 1501 1629
f 1502 1630 1500
f 1502 1632 1630
f 1631 1503 1501
f 1633 1503 1631
f 1504 1632 1502
f 1504 1634 1632
f 1633 1505 1503
f 1635 1505 1633
f 1506 1634 1504
f 1506 1636 1634
f 1635 1507 1505
f 1637 1507 1635
f 1508 1636 1506
f 1508 1638 1636
f 1637 1509 1507
f 1639 1509 1637
f 1510 1638 1508
f 1510 1640 1638
f 1639 1511 1509
f 1641 1511 1639
f 1642 1640 1510
f 1642 1510 1512
f 1512 1513 1642
f 1642 1513 1643
f 1641 1515 1511
f 1644 1515 1641
f 1645 1643 1513
f 1645 1513 1516
f 1516 1517 1645
f 1645 1517 1646
f 1648 1647 1519
f 1519 1647 1518
f 1649 1519 1520
f 1649 1648 1519
f 1520 1515 1644
f 1520 1644 1649
f 1650 1646 1517
f 1650 1517 1521
f 1651 1521 1522
f 1651 1650 1521
f 1652 1522 1523
f 1652 1651 1522
f 1653 1523 1524
f 1653 1652 1523
f 1654 1524 1525
f 1654 1653 1524
f 1655 1525 1526
f 1655 1654 1525
f 1656 1526 1527
f 1656 1655 1526
f 1657 1527 1528
f 1657 1656 1527
f 1658 1528 1529
f 1658 1657 1528
f 1659 1529 1530
f 1659 1658 1529
f 1660 1530 1531
f 1660 1659 1530
f 1661 1531 1532
f 1661 1660 1531
f 1662 1532 1533
f 1662 1661 1532
f 1663 1533 1534
f 1663 1662 1533
f 1664 1534 1535
f 1664 1663 1534
f 1665 1535 1536
f 1665 1664 1535
f 1666 1536 1537
f 1666 1665 1536
f 1667 1537 1538
f 1667 1666 1537
f 1668 1538 1539
f 1668 1667 1538
f 1669 1539 1540
f 1669 1668 1539
f 1670 1540 1541
f 1670 1669 1540
f 1671 1541 1542
f 1671 1670 1541
f 1672 1542 1543
f 1672 1671 1542
f 1673 1543 1544
f 1673 1672 1543
f 1674 1544 1545
f 1674 1673 1544
f 1675 1545 1546
f 1675 1674 1545
f 1676 1546 1547
f 1676 1675 1546
f 1677 1547 1548
f 1677 1676 1547
f 1548 1518 1647
f 1548 1647 1677
f 1679 1678 1550
f 1679 1550 1551
f 1550 1680 1552
f 1678 1680 1550
f 1552 1681 1553
f 1680 1681 1552
f 1553 1682 1554
f 1681 1682 1553
f 1554 1683 1555
f 1682 1683 1554
f 1555 1684 1556
f 1683 1684 1555
f 1556 1685 1557
f 1684 1685 1556
f 1557 1686 1558
f 1685 1686 1557
f 1558 1687 1559
f 1686 1687 1558
f 1559 1688 1560
f 1687 1688 1559
f 1560 1689 1561
f 1688 1689 1560
f 1561 1690 1562
f 1689 1690 1561
f 1562 1691 1563
f 1690 1691 1562
f 1563 1692 1564
f 1691 1692 1563
f 1564 1693 1565
f 1692 1693 1564
f 1565 1694 1566
f 1693 1694 1565
f 1566 1695 1567
f 1694 1695 1566
f 1567 1696 1568
f 1695 1696 1567
f 1568 1697 1569
f 1696 1697 1568
f 1569 1698 1570
f 1697 1698 1569
f 1570 1699 1571
f 1698 1699 1570
f 1571 1700 1572
f 1699 1700 1571
f 1572 1701 1573
f 1700 1701 1572
f 1573 1702 1574
f 1701 1702 1573
f 1574 1703 1575
f 1702 1703 1574
f 1575 1704 1576
f 1703 1704 1575
f 1576 1705 1577
f 1704 1705 1576
f 1577 1706 1578
f 1705 1706 1577
f 1578 1707 1579
f 1706 1707 1578
f 1709 1708 1580
f 1579 1709 1580
f 1707 1709 1579
f 1710 1708 1709
f 1712 1711 1581
f 1712 1581 1582
f 1551 1581 1679
f 1679 1581 1711
f 1708 1583 1580
f 1584 1583 1708
f 1710 1584 1708
f 1713 1584 1710
f 1585 1712 1582
f 1585 1714 1712
f 1713 1715 1584
f 1584 1715 1586
f 1587 1586 1715
f 1587 1715 1716
f 1588 1714 1585
f 1588 1717 1714
f 1716 1589 1587
f 1718 1589 1716
f 1590 1717 1588
f 1590 1719 1717
f 1718 1591 1589
f 1720 1591 1718
f 1592 1719 1590
f 1592 1721 1719
f 1720 1593 1591
f 1722 1593 1720
f 1594 1721 1592
f 1594 1723 1721
f 1722 1595 1593
f 1724 1595 1722
f 1596 1723 1594
f 1596 1725 1723
f 1724 1597 1595
f 1726 1597 1724
f 1598 1725 1596
f 1598 1727 1725
f 1726 1599 1597
f 1728 1599 1726
f 1600 1727 1598
f 1600 1729 1727
f 1728 1601 1599
f 1730 1601 1728
f 1602 1729 1600
f 1602 1731 1729
f 1730 1603 1601
f 1732 1603 1730
f 1604 1731 1602
f 1604 1733 1731
f 1732 1605 1603
f 1734 1605 1732
f 1606 1733 1604
f 1606 1735 1733
f 1734 1607 1605
f 1736 1607 1734
f 1608 1735 1606
f 1608 1737 1735
f 1736 1609 1607
f 1738 1609 1736
f 1610 1737 1608
f 1610 1739 1737
f 1738 1611 1609
f 1740 1611 1738
f 1612 1739 1610
f 1612 1741 1739
f 1740 1613 1611
f 1742 1613 1740
f 1614 1741 1612
f 1614 1743 1741
f 1742 1615 1613
f 1744 1615 1742
f 1616 1743 1614
f 1616 1745 1743
f 1744 1617 1615
f 1746 1617 1744
f 1618 1745 1616
f 1618 1747 1745
f 1746 1619 1617
f 1748 1619 1746
f 1620 1747 1618
f 1620 1749 1747
f 1748 1621 1619
f 1750 1621 1748
f 1622 1749 1620
f 1622 1751 1749
f 1750 1623 1621
f 1752 1623 1750
f 1624 1751 1622
f 1624 1753 1751
f 1752 1625 1623
f 1754 1625 1752
f 1626 1753 1624
f 1626 1755 1753
f 1754 1627 1625
f 1756 1627 1754
f 1628 1755 1626
f 1628 1757 1755
f 1756 1629 1627
f 1758 1629 1756
f 1630 1757 1628
f 1630 1759 1757
f 1758 1631 1629
f 1760 1631 1758
f 1632 1759 1630
f 1632 1761 1759
f 1760 1633 1631
f 1762 1633 1760
f 1634 1761 1632
f 1634 1763 1761
f 1762 1635 1633
f 1764 1635 1762
f 1636 1763 1634
f 1636 1765 1763
f 1764 1637 1635
f 1766 1637 1764
f 1638 1765 1636
f 1638 1767 1765
f 1766 1639 1637
f 1768 1639 1766
f 1640 1767 1638
f 1640 1769 1767
f 1768 1641 1639
f 1770 1641 1768
f 1771 1769 1640
f 1771 1640 1642
f 1642 1643 1771
f 1771 1643 1772
f 1770 1644 1641
f 1773 1644 1770
f 1774 1772 1643
f 1774 1643 1645
f 1645 1646 1774
f 1774 1646 1775
f 1777 1776 1648
f 1648 1776 1647
f 1778 1648 1649
f 1778 1777 1648
f 1649 1644 1773
f 1649 1773 1778
f 1779 1775 1646
f 1779 1646 1650
f 1780 1650 1651
f 1780 1779 1650
f 1781 1651 1652
f 1781 1780 1651
f 1782 1652 1653
f 1782 1781 1652
f 1783 1653 1654
f 1783 1782 1653
f 1784 1654 1655
f 1784 1783 1654
f 1785 1655 1656
f 1785 1784 1655
f 1786 1656 1657
f 1786 1785 1656
f 1787 1657 1658
f 1787 1786 1657
f 1788 1658 1659
f 1788 1787 1658
f 1789 1659 1660
f 1789 1788 1659
f 1790 1660 1661
f 1790 1789 1660
f 1791 1661 1662
f 1791 1790 1661
f 1792 1662 1663
f 1792 1791 1662
f 1793 1663 1664
f 1793 1792 1663
f 1794 1664 1665
f 1794 1793 1664
f 1795 1665 1666
f 1795 1794 1665
f 1796 1666 1667
f 1796 1795 1666
f 1797 1667 1668
f 1797 1796 1667
f 1798 1668 1669
f 1798 1797 1668
f 1799 1669 1670
f 1799 1798 1669
f 1800 1670 1671
f 1800 1799 1670
f 1801 1671 1672
f 1801 1800 1671
f 1802 1672 1673
f 1802 1801 1672
f 1803 1673 1674
f 1803 1802 1673
f 1804 1674 1675
f 1804 1803 1674
f 1805 1675 1676
f 1805 1804 1675
f 1806 1676 1677
f 1806 1805 1676
f 1677 1647 1776
f 1677 1776 1806
f 1808 1807 1678
f 1808 1678 1679
f 1678 1809 1680
f 1807 1809 1678
f 1680 1810 1681
f 1809 1810 1680
f 1681 1811 1682
f 1810 1811 1681
f 1682 1812 1683
f 1811 1812 1682
f 1683 1813 1684
f 1812 1813 1683
f 1684 1814 1685
f 1813 1814 1684
f 1685 1815 1686
f 1814 1815 1685
f 1686 1816 1687
f 1815 1816 1686
f 1687 1817 1688
f 1816 1817 1687
f 1688 1818 1689
f 1817 1818 1688
f 1689 1819 1690
f 1818 1819 1689
f 1690 1820 1691
f 1819 1820 1690
f 1691 1821 1692
f 1820 1821 1691
f 1692 1822 1693
f 1821 1822 1692
f 1693 1823 1694
f 1822 1823 1693
f 1694 1824 1695
f 1823 1824 1694
f 1695 1825 1696
f 1824 1825 1695
f 1696 1826 1697
f 1825 1826 1696
f 1697 1827 1698
f 1826 1827 1697
f 1698 1828 1699
f 1827 1828 1698
f 1699 1829 1700
f 1828 1829 1699
f 1700 1830 1701
f 1829 1830 1700
f 1701 1831 1702
f 1830 1831 1701
f 1702 1832 1703
f 1831 1832 1702
f 1703 1833 1704
f 1832 1833 1703
f 1704 1834 1705
f 1833 1834 1704
f 1705 1835 1706
f 1834 1835 1705
f 1706 1836 1707
f 1835 1836 1706
f 1707 1837 1709
f 1836 1837 1707
f 1710 1709 1837
f 1710 1837 1838
f 1840 1839 1711
f 1840 1711 1712
f 1679 1711 1808
f 1808 1711 1839
f 1838 1713 1710
f 1841 1713 1838
f 1714 1840 1712
f 1714 1842 1840
f 1841 1843 1713
f 1713 1843 1715
f 1716 1715 1843
f 1716 1843 1844
f 1717 1842 1714
f 1717 1845 1842
f 1844 1718 1716
f 1846 1718 1844
f 1719 1845 1717
f 1719 1847 1845
f 1846 1720 1718
f 1848 1720 1846
f 1721 1847 1719
f 1721 1849 1847
f 1848 1722 1720
f 1850 1722 1848
f 1723 1849 1721
f 1723 1851 1849
f 1850 1724 1722
f 1852 1724 1850
f 1725 1851 1723
f 1725 1853 1851
f 1852 1726 1724
f 1854 1726 1852
f 1727 1853 1725
f 1727 1855 1853
f 1854 1728 1726
f 1856 1728 1854
f 1729 1855 1727
f 1729 1857 1855
f 1856 1730 1728
f 1858 1730 1856
f 1731 1857 1729
f 1731 1859 1857
f 1858 1732 1730
f 1860 1732 1858
f 1733 1859 1731
f 1733 1861 1859
f 1860 1734 1732
f 1862 1734 1860
f 1735 1861 1733
f 1735 1863 1861
f 1862 1736 1734
f 1864 1736 1862
f 1737 1863 1735
f 1737 1865 1863
f 1864 1738 1736
f 1866 1738 1864
f 1739 1865 1737
f 1739 1867 1865
f 1866 1740 1738
f 1868 1740 1866
f 1741 1867 1739
f 1741 1869 1867
f 1868 1742 1740
f 1870 1742 1868
f 1743 1869 1741
f 1743 1871 1869
f 1870 1744 1742
f 1872 1744 1870
f 1745 1871 1743
f 1745 1873 1871
f 1872 1746 1744
f 1874 1746 1872
f 1747 1873 1745
f 1747 1875 1873
f 1874 1748 1746
f 1876 1748 1874
f 1749 1875 1747
f 1749 1877 1875
f 1876 1750 1748
f 1878 1750 1876
f 1751 1877 1749
f 1751 1879 1877
f 1878 1752 1750
f 1880 1752 1878
f 1753 1879 1751
f 1753 1881 1879
f 1880 1754 1752
f 1882 1754 1880
f 1755 1881 1753
f 1755 1883 1881
f 1882 1756 1754
f 1884 1756 1882
f 1757 1883 1755
f 1757 1885 1883
f 1884 1758 1756
f 1886 1758 1884
f 1759 1885 1757
f 1759 1887 1885
f 1886 1760 1758
f 1888 1760 1886
f 1761 1887 1759
f 1761 1889 1887
f 1888 1762 1760
f 1890 1762 1888
f 1763 1889 1761
f 1763 1891 1889
f 1890 1764 1762
f 1892 1764 1890
f 1765 1891 1763
f 1765 1893 1891
f 1892 1766 1764
f 1894 1766 1892
f 1767 1893 1765
f 1767 1895 1893
f 1894 1768 1766
f 1896 1768 1894
f 1769 1895 1767
f 1769 1897 1895
f 1896 1770 1768
f 1898 1770 1896
f 1899 1897 1769
f 1899 1769 1771
f 1771 1772 1899
f 1899 1772 1900
f 1898 1773 1770
f 1901 1773 1898
f 1902 1900 1772
f 1902 1772 1774
f 1774 1775 1902
f 1902 1775 1903
f 1905 1904 1777
f 1777 1904 1776
f 1906 1777 1778
f 1906 1905 1777
f 1778 1773 1901
f 1778 1901 1906
f 1907 1903 1775
f 1907 1775 1779
f 1908 1779 1780
f 1908 1907 1779
f 1909 1780 1781
f 1909 1908 1780
f 1910 1781 1782
f 1910 1909 1781
f 1911 1782 1783
f 1911 1910 1782
f 1912 1783 1784
f 1912 1911 1783
f 1913 1784 1785
f 1913 1912 1784
f 1914 1785 1786
f 1914 1913 1785
f 1915 1786 1787
f 1915 1914 1786
f 1916 1787 1788
f 1916 1915 1787
f 1917 1788 1789
f 1917 1916 1788
f 1918 1789 1790
f 1918 1917 1789
f 1919 1790 1791
f 1919 1918 1790
f 1920 1791 1792
f 1920 1919 1791
f 1921 1792 1793
f 1921 1920 1792
f 1922 1793 1794
f 1922 1921 1793
f 1923 1794 1795
f 1923 1922 1794
f 1924 1795 1796
f 1924 1923 1795
f 1925 1796 1797
f 1925 1924 1796
f 1926 1797 1798
f 1926 1925 1797
f 1927 1798 1799
f 1927 1926 1798
f 1928 1799 1800
f 1928 1927 1799
f 1929 1800 1801
f 1929 1928 1800
f 1930 1801 1802
f 1930 1929 1801
f 1931 1802 1803
f 1931 1930 1802
f 1932 1803 1804
f 1932 1931 1803
f 1933 1804 1805
f 1933 1932 1804
f 1934 1805 1806
f 1934 1933 1805
f 1806 1776 1904
f 1806 1904 1934
f 1936 1935 1807
f 1936 1807 1808
f 1807 1937 1809
f 1935 1937 1807
f 1809 1938 1810
f 1937 1938 1809
f 1810 1939 1811
f 1938 1939 1810
f 1811 1940 1812
f 1939 1940 1811
f 1812 1941 1813
f 1940 1941 1812
f 1813 1942 1814
f 1941 1942 1813
f 1814 1943 1815
f 1942 1943 1814
f 1815 1944 1816
f 1943 1944 1815
f 1816 1945 1817
f 1944 1945 1816
f 1817 1946 1818
f 1945 1946 1817
f 1818 1947 1819
f 1946 1947 1818
f 1819 1948 1820
f 1947 1948 1819
f 1820 1949 1821
f 1948 1949 1820
f 1821 1950 1822
f 1949 1950 1821
f 1822 1951 1823
f 1950 1951 1822
f 1823 1952 1824
f 1951 1952 1823
f 1824 1953 1825
f 1952 1953 1824
f 1825 1954 1826
f 1953 1954 1825
f 1826 1955 1827
f 1954 1955 1826
f 1827 1956 1828
f 1955 1956 1827
f 1828 1957 1829
f 1956 1957 1828
f 1829 1958 1830
f 1957 1958 1829
f 1830 1959 1831
f 1958 1959 1830
f 1831 1960 1832
f 1959 1960 1831
f 1832 1961 1833
f 1960 1961 1832
f 1833 1962 1834
f 1961 1962 1833
f 1834 1963 1835
f 1962 1963 1834
f 1835 1964 1836
f 1963 1964 1835
f 1836 1965 1837
f 1964 1965 1836
f 1838 1837 1965
f 1838 1965 1966
f 1840 1967 1839
f 1967 1968 1839
f 1968 1808 1839
f 1968 1936 1808
f 1966 1841 1838
f 1969 1841 1966
f 1971 1970 1967
f 1840 1971 1967
f 1842 1971 1840
f 1967 1970 1968
f 1969 1972 1841
f 1841 1972 1843
f 1844 1843 1972
f 1844 1972 1973
f 1845 1971 1842
f 1845 1974 1971
f 1973 1846 1844
f 1975 1846 1973
f 1847 1974 1845
f 1847 1976 1974
f 1975 1848 1846
f 1977 1848 1975
f 1849 1976 1847
f 1849 1978 1976
f 1977 1850 1848
f 1979 1850 1977
f 1851 1978 1849
f 1851 1980 1978
f 1979 1852 1850
f 1981 1852 1979
f 1853 1980 1851
f 1853 1982 1980
f 1981 1854 1852
f 1983 1854 1981
f 1855 1982 1853
f 1855 1984 1982
f 1983 1856 1854
f 1985 1856 1983
f 1857 1984 1855
f 1857 1986 1984
f 1985 1858 1856
f 1987 1858 1985
f 1859 1986 1857
f 1859 1988 1986
f 1987 1860 1858
f 1989 1860 1987
f 1861 1988 1859
f 1861 1990 1988
f 1989 1862 1860
f 1991 1862 1989
f 1863 1990 1861
f 1863 1992 1990
f 1991 1864 1862
f 1993 1864 1991
f 1865 1992 1863
f 1865 1994 1992
f 1993 1866 1864
f 1995 1866 1993
f 1867 1994 1865
f 1867 1996 1994
f 1995 1868 1866
f 1997 1868 1995
f 1869 1996 1867
f 1869 1998 1996
f 1997 1870 1868
f 1999 1870 1997
f 1871 1998 1869
f 1871 2000 1998
f 1999 1872 1870
f 2001 1872 1999
f 1873 2000 1871
f 1873 2002 2000
f 2001 1874 1872
f 2003 1874 2001
f 1875 2002 1873
f 1875 2004 2002
f 2003 1876 1874
f 2005 1876 2003
f 1877 2004 1875
f 1877 2006 2004
f 2005 1878 1876
f 2007 1878 2005
f 1879 2006 1877
f 1879 2008 2006
f 2007 1880 1878
f 2009 1880 2007
f 1881 2008 1879
f 1881 2010 2008
f 2009 1882 1880
f 2011 1882 2009
f 1883 2010 1881
f 1883 2012 2010
f 2011 1884 1882
f 2013 1884 2011
f 1885 2012 1883
f 1885 2014 2012
f 2013 1886 1884
f 2015 1886 2013
f 1887 2014 1885
f 1887 2016 2014
f 2015 1888 1886
f 2017 1888 2015
f 1889 2016 1887
f 1889 2018 2016
f 2017 1890 1888
f 2019 1890 2017
f 1891 2018 1889
f 1891 2020 2018
f 2019 1892 1890
f 2021 1892 2019
f 1893 2020 1891
f 1893 2022 2020
f 2021 1894 1892
f 2023 1894 2021
f 1895 2022 1893
f 1895 2024 2022
f 2023 1896 1894
f 2025 1896 2023
f 1897 2024 1895
f 1897 2026 2024
f 2025 1898 1896
f 2027 1898 2025
f 2028 2026 1897
f 2028 1897 1899
f 1899 1900 2028
f 2028 1900 2029
f 2032 2031 2030
f 2027 2032 2030
f 1901 2027 2030
f 1898 2027 1901
f 2033 2029 1900
f 2033 1900 1902
f 1902 1903 2033
f 2033 1903 2034
f 2036 2035 1905
f 1905 2035 1904
f 1906 2030 2031
f 2036 1906 2031
f 1905 1906 2036
f 2030 1906 1901
f 2037 2034 1903
f 2037 1903 1907
f 2038 1907 1908
f 2038 2037 1907
f 2039 1908 1909
f 2039 2038 1908
f 2040 1909 1910
f 2040 2039 1909
f 2041 1910 1911
f 2041 2040 1910
f 2042 1911 1912
f 2042 2041 1911
f 2043 1912 1913
f 2043 2042 1912
f 2044 1913 1914
f 2044 2043 1913
f 2045 1914 1915
f 2045 2044 1914
f 2046 1915 1916
f 2046 2045 1915
f 2047 1916 1917
f 2047 2046 1916
f 2048 1917 1918
f 2048 2047 1917
f 2049 1918 1919
f 2049 2048 1918
f 2050 1919 1920
f 2050 2049 1919
f 2051 1920 1921
f 2051 2050 1920
f 2052 1921 1922
f 2052 2051 1921
f 2053 1922 1923
f 2053 2052 1922
f 2054 1923 1924
f 2054 2053 1923
f 2055 1924 1925
f 2055 2054 1924
f 2056 1925 1926
f 2056 2055 1925
f 2057 1926 1927
f 2057 2056 1926
f 2058 1927 1928
f 2058 2057 1927
f 2059 1928 1929
f 2059 2058 1928
f 2060 1929 1930
f 2060 2059 1929
f 2061 1930 1931
f 2061 2060 1930
f 2062 1931 1932
f 2062 2061 1931
f 2063 1932 1933
f 2063 2062 1932
f 2064 1933 1934
f 2064 2063 1933
f 1934 1904 2035
f 1934 2035 2064
f 2066 2065 1935
f 2066 1935 1936
f 1935 2067 1937
f 2065 2067 1935
f 1937 2068 1938
f 2067 2068 1937
f 1938 2069 1939
f 2068 2069 1938
f 1939 2070 1940
f 2069 2070 1939
f 1940 2071 1941
f 2070 2071 1940
f 1941 2072 1942
f 2071 2072 1941
f 1942 2073 1943
f 2072 2073 1942
f 1943 2074 1944
f 2073 2074 1943
f 1944 2075 1945
f 2074 2075 1944
f 1945 2076 1946
f 2075 2076 1945
f 1946 2077 1947
f 2076 2077 1946
f 1947 2078 1948
f 2077 2078 1947
f 1948 2079 1949
f 2078 2079 1948
f 1949 2080 1950
f 2079 2080 1949
f 1950 2081 1951
f 2080 2081 1950
f 1951 2082 1952
f 2081 2082 1951
f 1952 2083 1953
f 2082 2083 1952
f 1953 2084 1954
f 2083 2084 1953
f 1954 2085 1955
f 2084 2085 1954
f 1955 2086 1956
f 2085 2086 1955
f 1956 2087 1957
f 2086 2087 1956
f 1957 2088 1958
f 2087 2088 1957
f 1958 2089 1959
f 2088 2089 1958
f 1959 2090 1960
f 2089 2090 1959
f 1960 2091 1961
f 2090 2091 1960
f 1961 2092 1962
f 2091 2092 1961
f 1962 2093 1963
f 2092 2093 1962
f 1963 2094 1964
f 2093 2094 1963
f 1964 2095 1965
f 2094 2095 1964
f 1966 1965 2095
f 1966 2095 2096
f 1968 2066 1936
f 1968 2097 2066
f 2096 1969 1966
f 2098 1969 2096
f 2100 2099 1970
f 2100 1970 1971
f 1968 1970 2097
f 2097 1970 2099
f 1972 1969 2101
f 1969 2102 2101
f 1969 2098 2102
f 2101 1973 1972
f 1974 2100 1971
f 1974 2103 2100
f 2102 2104 2101
f 1973 2101 2104
f 2105 1973 2104
f 1975 1973 2105
f 1976 2103 1974
f 1976 2106 2103
f 2105 1977 1975
f 2107 1977 2105
f 1978 2106 1976
f 1978 2108 2106
f 2107 1979 1977
f 2109 1979 2107
f 1980 2108 1978
f 1980 2110 2108
f 2109 1981 1979
f 2111 1981 2109
f 1982 2110 1980
f 1982 2112 2110
f 2111 1983 1981
f 2113 1983 2111
f 1984 2112 1982
f 1984 2114 2112
f 2113 1985 1983
f 2115 1985 2113
f 1986 2114 1984
f 1986 2116 2114
f 2115 1987 1985
f 2117 1987 2115
f 1988 2116 1986
f 1988 2118 2116
f 2117 1989 1987
f 2119 1989 2117
f 1990 2118 1988
f 1990 2120 2118
f 2119 1991 1989
f 2121 1991 2119
f 1992 2120 1990
f 1992 2122 2120
f 2121 1993 1991
f 2123 1993 2121
f 1994 2122 1992
f 1994 2124 2122
f 2123 1995 1993
f 2125 1995 2123
f 1996 2124 1994
f 1996 2126 2124
f 2125 1997 1995
f 2127 1997 2125
f 1998 2126 1996
f 1998 2128 2126
f 2127 1999 1997
f 2129 1999 2127
f 2000 2128 1998
f 2000 2130 2128
f 2129 2001 1999
f 2131 2001 2129
f 2002 2130 2000
f 2002 2132 2130
f 2131 2003 2001
f 2133 2003 2131
f 2004 2132 2002
f 2004 2134 2132
f 2133 2005 2003
f 2135 2005 2133
f 2006 2134 2004
f 2006 2136 2134
f 2135 2007 2005
f 2137 2007 2135
f 2008 2136 2006
f 2008 2138 2136
f 2137 2009 2007
f 2139 2009 2137
f 2010 2138 2008
f 2010 2140 2138
f 2139 2011 2009
f 2141 2011 2139
f 2012 2140 2010
f 2012 2142 2140
f 2141 2013 2011
f 2143 2013 2141
f 2014 2142 2012
f 2014 2144 2142
f 2143 2015 2013
f 2145 2015 2143
f 2016 2144 2014
f 2016 2146 2144
f 2145 2017 2015
f 2147 2017 2145
f 2018 2146 2016
f 2018 2148 2146
f 2147 2019 2017
f 2149 2019 2147
f 2020 2148 2018
f 2020 2150 2148
f 2149 2021 2019
f 2151 2021 2149
f 2022 2150 2020
f 2022 2152 2150
f 2151 2023 2021
f 2153 2023 2151
f 2024 2152 2022
f 2024 2154 2152
f 2153 2025 2023
f 2155 2025 2153
f 2026 2154 2024
f 2026 2156 2154
f 2155 2027 2025
f 2157 2027 2155
f 2158 2156 2026
f 2158 2026 2028
f 2028 2029 2158
f 2158 2029 2159
f 2161 2160 2032
f 2032 2160 2031
f 2032 2027 2157
f 2032 2157 2161
f 2162 2159 2029
f 2162 2029 2033
f 2033 2034 2162
f 2162 2034 2163
f 2165 2164 2036
f 2036 2164 2035
f 2036 2031 2160
f 2036 2160 2165
f 2166 2163 2034
f 2166 2034 2037
f 2167 2037 2038
f 2167 2166 2037
f 2168 2038 2039
f 2168 2167 2038
f 2169 2039 2040
f 2169 2168 2039
f 2170 2040 2041
f 2170 2169 2040
f 2171 2041 2042
f 2171 2170 2041
f 2172 2042 2043
f 2172 2171 2042
f 2173 2043 2044
f 2173 2172 2043
f 2174 2044 2045
f 2174 2173 2044
f 2175 2045 2046
f 2175 2174 2045
f 2176 2046 2047
f 2176 2175 2046
f 2177 2047 2048
f 2177 2176 2047
f 2178 2048 2049
f 2178 2177 2048
f 2179 2049 2050
f 2179 2178 2049
f 2180 2050 2051
f 2180 2179 2050
f 2181 2051 2052
f 2181 2180 2051
f 2182 2052 2053
f 2182 2181 2052
f 2183 2053 2054
f 2183 2182 2053
f 2184 2054 2055
f 2184 2183 2054
f 2185 2055 2056
f 2185 2184 2055
f 2186 2056 2057
f 2186 2185 2056
f 2187 2057 2058
f 2187 2186 2057
f 2188 2058 2059
f 2188 2187 2058
f 2189 2059 2060
f 2189 2188 2059
f 2190 2060 2061
f 2190 2189 2060
f 2191 2061 2062
f 2191 2190 2061
f 2192 2062 2063
f 2192 2191 2062
f 2193 2063 2064
f 2193 2192 2063
f 2064 2035 2164
f 2064 2164 2193
f 2195 2194 2065
f 2195 2065 2066
f 2065 2196 2067
f 2194 2196 2065
f 2067 2197 2068
f 2196 2197 2067
f 2068 2198 2069
f 2197 2198 2068
f 2069 2199 2070
f 2198 2199 2069
f 2070 2200 2071
f 2199 2200 2070
f 2071 2201 2072
f 2200 2201 2071
f 2072 2202 2073
f 2201 2202 2072
f 2073 2203 2074
f 2202 2203 2073
f 2074 2204 2075
f 2203 2204 2074
f 2075 2205 2076
f 2204 2205 2075
f 2076 2206 2077
f 2205 2206 2076
f 2077 2207 2078
f 2206 2207 2077
f 2078 2208 2079
f 2207 2208 2078
f 2079 2209 2080
f 2208 2209 2079
f 2080 2210 2081
f 2209 2210 2080
f 2081 2211 2082
f 2210 2211 2081
f 2082 2212 2083
f 2211 2212 2082
f 2083 2213 2084
f 2212 2213 2083
f 2084 2214 2085
f 2213 2214 2084
f 2085 2215 2086
f 2214 2215 2085
f 2086 2216 2087
f 2215 2216 2086
f 2087 2217 2088
f 2216 2217 2087
f 2088 2218 2089
f 2217 2218 2088
f 2089 2219 2090
f 2218 2219 2089
f 2090 2220 2091
f 2219 2220 2090
f 2091 2221 2092
f 2220 2221 2091
f 2092 2222 2093
f 2221 2222 2092
f 2093 2223 2094
f 2222 2223 2093
f 2094 2224 2095
f 2223 2224 2094
f 2096 2095 2224
f 2096 2224 2225
f 2097 2195 2066
f 2097 2226 2195
f 2225 2098 2096
f 2227 2098 2225
f 2229 2228 2099
f 2229 2099 2100
f 2097 2099 2226
f 2226 2099 2228
f 2227 2102 2098
f 2230 2102 2227
f 2103 2229 2100
f 2103 2231 2229
f 2230 2232 2102
f 2102 2232 2104
f 2105 2104 2232
f 2105 2232 2233
f 2106 2231 2103
f 2106 2234 2231
f 2233 2107 2105
f 2235 2107 2233
f 2108 2234 2106
f 2108 2236 2234
f 2235 2109 2107
f 2237 2109 2235
f 2110 2236 2108
f 2110 2238 2236
f 2237 2111 2109
f 2239 2111 2237
f 2112 2238 2110
f 2112 2240 2238
f 2239 2113 2111
f 2241 2113 2239
f 2114 2240 2112
f 2114 2242 2240
f 2241 2115 2113
f 2243 2115 2241
f 2116 2242 2114
f 2116 2244 2242
f 2243 2117 2115
f 2245 2117 2243
f 2118 2244 2116
f 2118 2246 2244
f 2245 2119 2117
f 2247 2119 2245
f 2120 2246 2118
f 2120 2248 2246
f 2247 2121 2119
f 2249 2121 2247
f 2122 2248 2120
f 2122 2250 2248
f 2249 2123 2121
f 2251 2123 2249
f 2124 2250 2122
f 2124 2252 2250
f 2251 2125 2123
f 2253 2125 2251
f 2126 2252 2124
f 2126 2254 2252
f 2253 2127 2125
f 2255 2127 2253
f 2128 2254 2126
f 2128 2256 2254
f 2255 2129 2127
f 2257 2129 2255
f 2130 2256 2128
f 2130 2258 2256
f 2257 2131 2129
f 2259 2131 2257
f 2132 2258 2130
f 2132 2260 2258
f 2259 2133 2131
f 2261 2133 2259
f 2134 2260 2132
f 2134 2262 2260
f 2261 2135 2133
f 2263 2135 2261
f 2136 2262 2134
f 2136 2264 2262
f 2263 2137 2135
f 2265 2137 2263
f 2138 2264 2136
f 2138 2266 2264
f 2265 2139 2137
f 2267 2139 2265
f 2140 2266 2138
f 2140 2268 2266
f 2267 2141 2139
f 2269 2141 2267
f 2142 2268 2140
f 2142 2270 2268
f 2269 2143 2141
f 2271 2143 2269
f 2144 2270 2142
f 2144 2272 2270
f 2271 2145 2143
f 2273 2145 2271
f 2146 2272 2144
f 2146 2274 2272
f 2273 2147 2145
f 2275 2147 2273
f 2148 2274 2146
f 2148 2276 2274
f 2275 2149 2147
f 2277 2149 2275
f 2150 2276 2148
f 2150 2278 2276
f 2277 2151 2149
f 2279 2151 2277
f 2152 2278 2150
f 2152 2280 2278
f 2279 2153 2151
f 2281 2153 2279
f 2154 2280 2152
f 2154 2282 2280
f 2281 2155 2153
f 2283 2155 2281
f 2156 2282 2154
f 2156 2284 2282
f 2283 2157 2155
f 2285 2157 2283
f 2286 2284 2156
f 2286 2156 2158
f 2158 2159 2286
f 2286 2159 2287
f 2289 2288 2161
f 2161 2288 2160
f 2161 2157 2285
f 2161 2285 2289
f 2290 2287 2159
f 2290 2159 2162
f 2162 2163 2290
f 2290 2163 2291
f 2293 2292 2165
f 2165 2292 2164
f 2165 2160 2288
f 2165 2288 2293
f 2294 2291 2163
f 2294 2163 2166
f 2295 2166 2167
f 2295 2294 2166
f 2296 2167 2168
f 2296 2295 2167
f 2297 2168 2169
f 2297 2296 2168
f 2298 2169 2170
f 2298 2297 2169
f 2299 2170 2171
f 2299 2298 2170
f 2300 2171 2172
f 2300 2299 2171
f 2301 2172 2173
f 2301 2300 2172
f 2302 2173 2174
f 2302 2301 2173
f 2303 2174 2175
f 2303 2302 2174
f 2304 2175 2176
f 2304 2303 2175
f 2305 2176 2177
f 2305 2304 2176
f 2306 2177 2178
f 2306 2305 2177
f 2307 2178 2179
f 2307 2306 2178
f 2308 2179 2180
f 2308 2307 2179
f 2309 2180 2181
f 2309 2308 2180
f 2310 2181 2182
f 2310 2309 2181
f 2311 2182 2183
f 2311 2310 2182
f 2312 2183 2184
f 2312 2311 2183
f 2313 2184 2185
f 2313 2312 2184
f 2314 2185 2186
f 2314 2313 2185
f 2315 2186 2187
f 2315 2314 2186
f 2316 2187 2188
f 2316 2315 2187
f 2317 2188 2189
f 2317 2316 2188
f 2318 2189 2190
f 2318 2317 2189
f 2319 2190 2191
f 2319 2318 2190
f 2320 2191 2192
f 2320 2319 2191
f 2321 2192 2193
f 2321 2320 2192
f 2193 2164 2292
f 2193 2292 2321
f 2323 2322 2194
f 2323 2194 2195
f 2194 2324 2196
f 2322 2324 2194
f 2196 2325 2197
f 2324 2325 2196
f 2197 2326 2198
f 2325 2326 2197
f 2198 2327 2199
f 2326 2327 2198
f 2199 2328 2200
f 2327 2328 2199
f 2200 2329 2201
f 2328 2329 2200
f 2201 2330 2202
f 2329 2330 2201
f 2202 2331 2203
f 2330 2331 2202
f 2203 2332 2204
f 2331 2332 2203
f 2204 2333 2205
f 2332 2333 2204
f 2205 2334 2206
f 2333 2334 2205
f 2206 2335 2207
f 2334 2335 2206
f 2207 2336 2208
f 2335 2336 2207
f 2208 2337 2209
f 2336 2337 2208
f 2209 2338 2210
f 2337 2338 2209
f 2210 2339 2211
f 2338 2339 2210
f 2211 2340 2212
f 2339 2340 2211
f 2212 2341 2213
f 2340 2341 2212
f 2213 2342 2214
f 2341 2342 2213
f 2214 2343 2215
f 2342 2343 2214
f 2215 2344 2216
f 2343 2344 2215
f 2216 2345 2217
f 2344 2345 2216
f 2217 2346 2218
f 2345 2346 2217
f 2218 2347 2219
f 2346 2347 2218
f 2219 2348 2220
f 2347 2348 2219
f 2220 2349 2221
f 2348 2349 2220
f 2221 2350 2222
f 2349 2350 2221
f 2222 2351 2223
f 2350 2351 2222
f 2351 2353 2352
f 2224 2351 2352
f 2223 2351 2224
f 2352 2225 2224
f 2226 2323 2195
f 2226 2354 2323
f 2353 2355 2352
f 2225 2352 2355
f 2356 2225 2355
f 2227 2225 2356
f 2358 2357 2228
f 2358 2228 2229
f 2226 2228 2354
f 2354 2228 2357
f 2356 2230 2227
f 2359 2230 2356
f 2231 2358 2229
f 2231 2360 2358
f 2359 2361 2230
f 2230 2361 2232
f 2233 2232 2361
f 2233 2361 2362
f 2234 2360 2231
f 2234 2363 2360
f 2362 2235 2233
f 2364 2235 2362
f 2236 2363 2234
f 2236 2365 2363
f 2364 2237 2235
f 2366 2237 2364
f 2238 2365 2236
f 2238 2367 2365
f 2366 2239 2237
f 2368 2239 2366
f 2240 2367 2238
f 2240 2369 2367
f 2368 2241 2239
f 2370 2241 2368
f 2242 2369 2240
f 2242 2371 2369
f 2370 2243 2241
f 2372 2243 2370
f 2244 2371 2242
f 2244 2373 2371
f 2372 2245 2243
f 2374 2245 2372
f 2246 2373 2244
f 2246 2375 2373
f 2374 2247 2245
f 2376 2247 2374
f 2248 2375 2246
f 2248 2377 2375
f 2376 2249 2247
f 2378 2249 2376
f 2250 2377 2248
f 2250 2379 2377
f 2378 2251 2249
f 2380 2251 2378
f 2252 2379 2250
f 2252 2381 2379
f 2380 2253 2251
f 2382 2253 2380
f 2254 2381 2252
f 2254 2383 2381
f 2382 2255 2253
f 2384 2255 2382
f 2256 2383 2254
f 2256 2385 2383
f 2384 2257 2255
f 2386 2257 2384
f 2258 2385 2256
f 2258 2387 2385
f 2386 2259 2257
f 2388 2259 2386
f 2260 2387 2258
f 2260 2389 2387
f 2388 2261 2259
f 2390 2261 2388
f 2262 2389 2260
f 2262 2391 2389
f 2390 2263 2261
f 2392 2263 2390
f 2264 2391 2262
f 2264 2393 2391
f 2392 2265 2263
f 2394 2265 2392
f 2266 2393 2264
f 2266 2395 2393
f 2394 2267 2265
f 2396 2267 2394
f 2268 2395 2266
f 2268 2397 2395
f 2396 2269 2267
f 2398 2269 2396
f 2270 2397 2268
f 2270 2399 2397
f 2398 2271 2269
f 2400 2271 2398
f 2272 2399 2270
f 2272 2401 2399
f 2400 2273 2271
f 2402 2273 2400
f 2274 2401 2272
f 2274 2403 2401
f 2402 2275 2273
f 2404 2275 2402
f 2276 2403 2274
f 2276 2405 2403
f 2404 2277 2275
f 2406 2277 2404
f 2278 2405 2276
f 2278 2407 2405
f 2406 2279 2277
f 2408 2279 2406
f 2280 2407 2278
f 2280 2409 2407
f 2408 2281 2279
f 2410 2281 2408
f 2282 2409 2280
f 2282 2411 2409
f 2410 2283 2281
f 2412 2283 2410
f 2284 2411 2282
f 2284 2413 2411
f 2412 2285 2283
f 2414 2285 2412
f 2415 2413 2284
f 2415 2284 2286
f 2286 2287 2415
f 2415 2287 2416
f 2418 2417 2289
f 2289 2417 2288
f 2289 2285 2414
f 2289 2414 2418
f 2419 2416 2287
f 2419 2287 2290
f 2290 2291 2419
f 2419 2291 2420
f 2422 2421 2293
f 2293 2421 2292
f 2293 2288 2417
f 2293 2417 2422
f 2423 2420 2291
f 2423 2291 2294
f 2424 2294 2295
f 2424 2423 2294
f 2425 2295 2296
f 2425 2424 2295
f 2426 2296 2297
f 2426 2425 2296
f 2427 2297 2298
f 2427 2426 2297
f 2428 2298 2299
f 2428 2427 2298
f 2429 2299 2300
f 2429 2428 2299
f 2430 2300 2301
f 2430 2429 2300
f 2431 2301 2302
f 2431 2430 2301
f 2432 2302 2303
f 2432 2431 2302
f 2433 2303 2304
f 2433 2432 2303
f 2434 2304 2305
f 2434 2433 2304
f 2435 2305 2306
f 2435 2434 2305
f 2436 2306 2307
f 2436 2435 2306
f 2437 2307 2308
f 2437 2436 2307
f 2438 2308 2309
f 2438 2437 2308
f 2439 2309 2310
f 2439 2438 2309
f 2440 2310 2311
f 2440 2439 2310
f 2441 2311 2312
f 2441 2440 2311
f 2442 2312 2313
f 2442 2441 2312
f 2443 2313 2314
f 2443 2442 2313
f 2444 2314 2315
f 2444 2443 2314
f 2445 2315 2316
f 2445 2444 2315
f 2446 2316 2317
f 2446 2445 2316
f 2447 2317 2318
f 2447 2446 2317
f 2448 2318 2319
f 2448 2447 2318
f 2449 2319 2320
f 2449 2448 2319
f 2450 2320 2321
f 2450 2449 2320
f 2321 2292 2421
f 2321 2421 2450
f 2452 2451 2322
f 2452 2322 2323
f 2322 2453 2324
f 2451 2453 2322
f 2324 2454 2325
f 2453 2454 2324
f 2325 2455 2326
f 2454 2455 2325
f 2326 2456 2327
f 2455 2456 2326
f 2327 2457 2328
f 2456 2457 2327
f 2328 2458 2329
f 2457 2458 2328
f 2329 2459 2330
f 2458 2459 2329
f 2330 2460 2331
f 2459 2460 2330
f 2331 2461 2332
f 2460 2461 2331
f 2332 2462 2333
f 2461 2462 2332
f 2333 2463 2334
f 2462 2463 2333
f 2334 2464 2335
f 2463 2464 2334
f 2335 2465 2336
f 2464 2465 2335
f 2336 2466 2337
f 2465 2466 2336
f 2337 2467 2338
f 2466 2467 2337
f 2338 2468 2339
f 2467 2468 2338
f 2339 2469 2340
f 2468 2469 2339
f 2340 2470 2341
f 2469 2470 2340
f 2341 2471 2342
f 2470 2471 2341
f 2342 2472 2343
f 2471 2472 2342
f 2343 2473 2344
f 2472 2473 2343
f 2344 2474 2345
f 2473 2474 2344
f 2345 2475 2346
f 2474 2475 2345
f 2346 2476 2347
f 2475 2476 2346
f 2347 2477 2348
f 2476 2477 2347
f 2348 2478 2349
f 2477 2478 2348
f 2349 2479 2350
f 2478 2479 2349
f 2350 2480 2351
f 2479 2480 2350
f 2353 2351 2480
f 2353 2480 2481
f 2354 2452 2323
f 2354 2482 2452
f 2481 2483 2353
f 2353 2483 2355
f 2356 2355 2483
f 2356 2483 2484
f 2486 2485 2357
f 2486 2357 2358
f 2354 2357 2482
f 2482 2357 2485
f 2484 2359 2356
f 2487 2359 2484
f 2360 2486 2358
f 2360 2488 2486
f 2487 2489 2359
f 2359 2489 2361
f 2362 2361 2489
f 2362 2489 2490
f 2363 2488 2360
f 2363 2491 2488
f 2490 2364 2362
f 2492 2364 2490
f 2365 2491 2363
f 2365 2493 2491
f 2492 2366 2364
f 2494 2366 2492
f 2367 2493 2365
f 2367 2495 2493
f 2494 2368 2366
f 2496 2368 2494
f 2369 2495 2367
f 2369 2497 2495
f 2496 2370 2368
f 2498 2370 2496
f 2371 2497 2369
f 2371 2499 2497
f 2498 2372 2370
f 2500 2372 2498
f 2373 2499 2371
f 2373 2501 2499
f 2500 2374 2372
f 2502 2374 2500
f 2375 2501 2373
f 2375 2503 2501
f 2502 2376 2374
f 2504 2376 2502
f 2377 2503 2375
f 2377 2505 2503
f 2504 2378 2376
f 2506 2378 2504
f 2379 2505 2377
f 2379 2507 2505
f 2506 2380 2378
f 2508 2380 2506
f 2381 2507 2379
f 2381 2509 2507
f 2508 2382 2380
f 2510 2382 2508
f 2383 2509 2381
f 2383 2511 2509
f 2510 2384 2382
f 2512 2384 2510
f 2385 2511 2383
f 2385 2513 2511
f 2512 2386 2384
f 2514 2386 2512
f 2387 2513 2385
f 2387 2515 2513
f 2514 2388 2386
f 2516 2388 2514
f 2389 2515 2387
f 2389 2517 2515
f 2516 2390 2388
f 2518 2390 2516
f 2391 2517 2389
f 2391 2519 2517
f 2518 2392 2390
f 2520 2392 2518
f 2393 2519 2391
f 2393 2521 2519
f 2520 2394 2392
f 2522 2394 2520
f 2395 2521 2393
f 2395 2523 2521
f 2522 2396 2394
f 2524 2396 2522
f 2397 2523 2395
f 2397 2525 2523
f 2524 2398 2396
f 2526 2398 2524
f 2399 2525 2397
f 2399 2527 2525
f 2526 2400 2398
f 2528 2400 2526
f 2401 2527 2399
f 2401 2529 2527
f 2528 2402 2400
f 2530 2402 2528
f 2403 2529 2401
f 2403 2531 2529
f 2530 2404 2402
f 2532 2404 2530
f 2405 2531 2403
f 2405 2533 2531
f 2532 2406 2404
f 2534 2406 2532
f 2407 2533 2405
f 2407 2535 2533
f 2534 2408 2406
f 2536 2408 2534
f 2409 2535 2407
f 2409 2537 2535
f 2536 2410 2408
f 2538 2410 2536
f 2411 2537 2409
f 2411 2539 2537
f 2538 2412 2410
f 2540 2412 2538
f 2413 2539 2411
f 2413 2541 2539
f 2540 2414 2412
f 2542 2414 2540
f 2543 2541 2413
f 2543 2413 2415
f 2415 2416 2543
f 2543 2416 2544
f 2546 2545 2418
f 2418 2545 2417
f 2418 2414 2542
f 2418 2542 2546
f 2416 2419 2547
f 2548 2416 2547
f 2544 2416 2548
f 2420 2547 2419
f 2550 2549 2422
f 2422 2549 2421
f 2422 2417 2545
f 2422 2545 2550
f 2551 2548 2547
f 2551 2547 2420
f 2423 2551 2420
f 2552 2551 2423
f 2553 2423 2424
f 2553 2552 2423
f 2554 2424 2425
f 2554 2553 2424
f 2555 2425 2426
f 2555 2554 2425
f 2556 2426 2427
f 2556 2555 2426
f 2557 2427 2428
f 2557 2556 2427
f 2558 2428 2429
f 2558 2557 2428
f 2559 2429 2430
f 2559 2558 2429
f 2560 2430 2431
f 2560 2559 2430
f 2561 2431 2432
f 2561 2560 2431
f 2562 2432 2433
f 2562 2561 2432
f 2563 2433 2434
f 2563 2562 2433
f 2564 2434 2435
f 2564 2563 2434
f 2565 2435 2436
f 2565 2564 2435
f 2566 2436 2437
f 2566 2565 2436
f 2567 2437 2438
f 2567 2566 2437
f 2568 2438 2439
f 2568 2567 2438
f 2569 2439 2440
f 2569 2568 2439
f 2570 2440 2441
f 2570 2569 2440
f 2571 2441 2442
f 2571 2570 2441
f 2572 2442 2443
f 2572 2571 2442
f 2573 2443 2444
f 2573 2572 2443
f 2574 2444 2445
f 2574 2573 2444
f 2575 2445 2446
f 2575 2574 2445
f 2576 2446 2447
f 2576 2575 2446
f 2577 2447 2448
f 2577 2576 2447
f 2578 2448 2449
f 2578 2577 2448
f 2579 2449 2450
f 2579 2578 2449
f 2450 2421 2549
f 2450 2549 2579
f 2581 2580 2451
f 2581 2451 2452
f 2451 2582 2453
f 2580 2582 2451
f 2453 2583 2454
f 2582 2583 2453
f 2454 2584 2455
f 2583 2584 2454
f 2455 2585 2456
f 2584 2585 2455
f 2456 2586 2457
f 2585 2586 2456
f 2457 2587 2458
f 2586 2587 2457
f 2458 2588 2459
f 2587 2588 2458
f 2459 2589 2460
f 2588 2589 2459
f 2460 2590 2461
f 2589 2590 2460
f 2461 2591 2462
f 2590 2591 2461
f 2462 2592 2463
f 2591 2592 2462
f 2463 2593 2464
f 2592 2593 2463
f 2464 2594 2465
f 2593 2594 2464
f 2465 2595 2466
f 2594 2595 2465
f 2466 2596 2467
f 2595 2596 2466
f 2467 2597 2468
f 2596 2597 2467
f 2468 2598 2469
f 2597 2598 2468
f 2469 2599 2470
f 2598 2599 2469
f 2470 2600 2471
f 2599 2600 2470
f 2471 2601 2472
f 2600 2601 2471
f 2472 2602 2473
f 2601 2602 2472
f 2473 2603 2474
f 2602 2603 2473
f 2474 2604 2475
f 2603 2604 2474
f 2475 2605 2476
f 2604 2605 2475
f 2476 2606 2477
f 2605 2606 2476
f 2477 2607 2478
f 2606 2607 2477
f 2478 2608 2479
f 2607 2608 2478
f 2479 2609 2480
f 2608 2609 2479
f 2481 2480 2609
f 2481 2609 2610
f 2482 2581 2452
f 2482 2611 2581
f 2610 2612 2481
f 2481 2612 2483
f 2484 2483 2612
f 2484 2612 2613
f 2615 2614 2485
f 2615 2485 2486
f 2482 2485 2611
f 2611 2485 2614
f 2617 2487 2616
f 2487 2613 2616
f 2487 2484 2613
f 2618 2617 2616
f 2488 2615 2486
f 2488 2619 2615
f 2617 2489 2487
f 2490 2489 2617
f 2618 2490 2617
f 2620 2490 2618
f 2491 2619 2488
f 2491 2621 2619
f 2620 2492 2490
f 2622 2492 2620
f 2493 2621 2491
f 2493 2623 2621
f 2622 2494 2492
f 2624 2494 2622
f 2495 2623 2493
f 2495 2625 2623
f 2624 2496 2494
f 2626 2496 2624
f 2497 2625 2495
f 2497 2627 2625
f 2626 2498 2496
f 2628 2498 2626
f 2499 2627 2497
f 2499 2629 2627
f 2628 2500 2498
f 2630 2500 2628
f 2501 2629 2499
f 2501 2631 2629
f 2630 2502 2500
f 2632 2502 2630
f 2503 2631 2501
f 2503 2633 2631
f 2632 2504 2502
f 2634 2504 2632
f 2505 2633 2503
f 2505 2635 2633
f 2634 2506 2504
f 2636 2506 2634
f 2507 2635 2505
f 2507 2637 2635
f 2636 2508 2506
f 2638 2508 2636
f 2509 2637 2507
f 2509 2639 2637
f 2638 2510 2508
f 2640 2510 2638
f 2511 2639 2509
f 2511 2641 2639
f 2640 2512 2510
f 2642 2512 2640
f 2513 2641 2511
f 2513 2643 2641
f 2642 2514 2512
f 2644 2514 2642
f 2515 2643 2513
f 2515 2645 2643
f 2644 2516 2514
f 2646 2516 2644
f 2517 2645 2515
f 2517 2647 2645
f 2646 2518 2516
f 2648 2518 2646
f 2519 2647 2517
f 2519 2649 2647
f 2648 2520 2518
f 2650 2520 2648
f 2521 2649 2519
f 2521 2651 2649
f 2650 2522 2520
f 2652 2522 2650
f 2523 2651 2521
f 2523 2653 2651
f 2652 2524 2522
f 2654 2524 2652
f 2525 2653 2523
f 2525 2655 2653
f 2654 2526 2524
f 2656 2526 2654
f 2527 2655 2525
f 2527 2657 2655
f 2656 2528 2526
f 2658 2528 2656
f 2529 2657 2527
f 2529 2659 2657
f 2658 2530 2528
f 2660 2530 2658
f 2531 2659 2529
f 2531 2661 2659
f 2660 2532 2530
f 2662 2532 2660
f 2533 2661 2531
f 2533 2663 2661
f 2662 2534 2532
f 2664 2534 2662
f 2535 2663 2533
f 2535 2665 2663
f 2664 2536 2534
f 2666 2536 2664
f 2537 2665 2535
f 2537 2667 2665
f 2666 2538 2536
f 2668 2538 2666
f 2539 2667 2537
f 2539 2669 2667
f 2668 2540 2538
f 2670 2540 2668
f 2541 2669 2539
f 2541 2671 2669
f 2670 2542 2540
f 2672 2542 2670
f 2673 2671 2541
f 2673 2541 2543
f 2543 2544 2673
f 2673 2544 2674
f 2676 2675 2546
f 2546 2675 2545
f 2546 2542 2672
f 2546 2672 2676
f 2548 2674 2544
f 2548 2677 2674
f 2678 2549 2550
f 2679 2678 2550
f 2545 2679 2550
f 2675 2679 2545
f 2680 2677 2548
f 2680 2548 2551
f 2681 2551 2552
f 2681 2680 2551
f 2682 2552 2553
f 2682 2681 2552
f 2683 2553 2554
f 2683 2682 2553
f 2684 2554 2555
f 2684 2683 2554
f 2685 2555 2556
f 2685 2684 2555
f 2686 2556 2557
f 2686 2685 2556
f 2687 2557 2558
f 2687 2686 2557
f 2688 2558 2559
f 2688 2687 2558
f 2689 2559 2560
f 2689 2688 2559
f 2690 2560 2561
f 2690 2689 2560
f 2691 2561 2562
f 2691 2690 2561
f 2692 2562 2563
f 2692 2691 2562
f 2693 2563 2564
f 2693 2692 2563
f 2694 2564 2565
f 2694 2693 2564
f 2695 2565 2566
f 2695 2694 2565
f 2696 2566 2567
f 2696 2695 2566
f 2697 2567 2568
f 2697 2696 2567
f 2698 2568 2569
f 2698 2697 2568
f 2699 2569 2570
f 2699 2698 2569
f 2700 2570 2571
f 2700 2699 2570
f 2701 2571 2572
f 2701 2700 2571
f 2702 2572 2573
f 2702 2701 2572
f 2703 2573 2574
f 2703 2702 2573
f 2704 2574 2575
f 2704 2703 2574
f 2705 2575 2576
f 2705 2704 2575
f 2706 2576 2577
f 2706 2705 2576
f 2707 2577 2578
f 2707 2706 2577
f 2708 2578 2579
f 2708 2707 2578
f 2579 2549 2678
f 2709 2579 2678
f 2708 2579 2709
f 2709 2678 2679
f 2711 2710 2580
f 2711 2580 2581
f 2580 2712 2582
f 2710 2712 2580
f 2582 2713 2583
f 2712 2713 2582
f 2583 2714 2584
f 2713 2714 2583
f 2584 2715 2585
f 2714 2715 2584
f 2585 2716 2586
f 2715 2716 2585
f 2586 2717 2587
f 2716 2717 2586
f 2587 2718 2588
f 2717 2718 2587
f 2588 2719 2589
f 2718 2719 2588
f 2589 2720 2590
f 2719 2720 2589
f 2590 2721 2591
f 2720 2721 2590
f 2591 2722 2592
f 2721 2722 2591
f 2592 2723 2593
f 2722 2723 2592
f 2593 2724 2594
f 2723 2724 2593
f 2594 2725 2595
f 2724 2725 2594
f 2595 2726 2596
f 2725 2726 2595
f 2596 2727 2597
f 2726 2727 2596
f 2597 2728 2598
f 2727 2728 2597
f 2598 2729 2599
f 2728 2729 2598
f 2599 2730 2600
f 2729 2730 2599
f 2600 2731 2601
f 2730 2731 2600
f 2601 2732 2602
f 2731 2732 2601
f 2602 2733 2603
f 2732 2733 2602
f 2603 2734 2604
f 2733 2734 2603
f 2604 2735 2605
f 2734 2735 2604
f 2605 2736 2606
f 2735 2736 2605
f 2606 2737 2607
f 2736 2737 2606
f 2607 2738 2608
f 2737 2738 2607
f 2608 2739 2609
f 2738 2739 2608
f 2610 2609 2739
f 2610 2739 2740
f 2611 2711 2581
f 2611 2741 2711
f 2740 2742 2610
f 2610 2742 2612
f 2613 2612 2742
f 2613 2742 2743
f 2745 2744 2614
f 2745 2614 2615
f 2611 2614 2741
f 2741 2614 2744
f 2743 2746 2613
f 2613 2746 2616
f 2618 2616 2746
f 2618 2746 2747
f 2619 2745 2615
f 2619 2748 2745
f 2747 2620 2618
f 2749 2620 2747
f 2621 2748 2619
f 2621 2750 2748
f 2749 2622 2620
f 2751 2622 2749
f 2623 2750 2621
f 2623 2752 2750
f 2751 2624 2622
f 2753 2624 2751
f 2625 2752 2623
f 2625 2754 2752
f 2753 2626 2624
f 2755 2626 2753
f 2627 2754 2625
f 2627 2756 2754
f 2755 2628 2626
f 2757 2628 2755
f 2629 2756 2627
f 2629 2758 2756
f 2757 2630 2628
f 2759 2630 2757
f 2631 2758 2629
f 2631 2760 2758
f 2759 2632 2630
f 2761 2632 2759
f 2633 2760 2631
f 2633 2762 2760
f 2761 2634 2632
f 2763 2634 2761
f 2635 2762 2633
f 2635 2764 2762
f 2763 2636 2634
f 2765 2636 2763
f 2637 2764 2635
f 2637 2766 2764
f 2765 2638 2636
f 2767 2638 2765
f 2639 2766 2637
f 2639 2768 2766
f 2767 2640 2638
f 2769 2640 2767
f 2641 2768 2639
f 2641 2770 2768
f 2769 2642 2640
f 2771 2642 2769
f 2643 2770 2641
f 2643 2772 2770
f 2771 2644 2642
f 2773 2644 2771
f 2645 2772 2643
f 2645 2774 2772
f 2773 2646 2644
f 2775 2646 2773
f 2647 2774 2645
f 2647 2776 2774
f 2775 2648 2646
f 2777 2648 2775
f 2649 2776 2647
f 2649 2778 2776
f 2777 2650 2648
f 2779 2650 2777
f 2651 2778 2649
f 2651 2780 2778
f 2779 2652 2650
f 2781 2652 2779
f 2653 2780 2651
f 2653 2782 2780
f 2781 2654 2652
f 2783 2654 2781
f 2655 2782 2653
f 2655 2784 2782
f 2783 2656 2654
f 2785 2656 2783
f 2657 2784 2655
f 2657 2786 2784
f 2785 2658 2656
f 2787 2658 2785
f 2659 2786 2657
f 2659 2788 2786
f 2787 2660 2658
f 2789 2660 2787
f 2661 2788 2659
f 2661 2790 2788
f 2789 2662 2660
f 2791 2662 2789
f 2663 2790 2661
f 2663 2792 2790
f 2791 2664 2662
f 2793 2664 2791
f 2665 2792 2663
f 2665 2794 2792
f 2793 2666 2664
f 2795 2666 2793
f 2667 2794 2665
f 2667 2796 2794
f 2795 2668 2666
f 2797 2668 2795
f 2669 2796 2667
f 2669 2798 2796
f 2797 2670 2668
f 2799 2670 2797
f 2671 2798 2669
f 2671 2800 2798
f 2799 2672 2670
f 2801 2672 2799
f 2802 2800 2671
f 2802 2671 2673
f 2673 2674 2802
f 2802 2674 2803
f 2805 2804 2676
f 2676 2804 2675
f 2676 2672 2801
f 2676 2801 2805
f 2677 2803 2674
f 2677 2806 2803
f 2809 2808 2807
f 2811 2810 2807
f 2807 2810 2809
f 2811 2812 2810
f 2804 2679 2675
f 2813 2679 2804
f 2814 2806 2677
f 2814 2677 2680
f 2815 2680 2681
f 2815 2814 2680
f 2816 2681 2682
f 2816 2815 2681
f 2817 2682 2683
f 2817 2816 2682
f 2818 2683 2684
f 2818 2817 2683
f 2819 2684 2685
f 2819 2818 2684
f 2820 2685 2686
f 2820 2819 2685
f 2821 2686 2687
f 2821 2820 2686
f 2822 2687 2688
f 2822 2821 2687
f 2823 2688 2689
f 2823 2822 2688
f 2824 2689 2690
f 2824 2823 2689
f 2825 2690 2691
f 2825 2824 2690
f 2826 2691 2692
f 2826 2825 2691
f 2827 2692 2693
f 2827 2826 2692
f 2694 2807 2808
f 2827 2694 2808
f 2693 2694 2827
f 2807 2694 2695
f 2807 2695 2811
f 2828 2812 2811
f 2695 2828 2811
f 2696 2828 2695
f 2829 2696 2697
f 2829 2828 2696
f 2830 2697 2698
f 2830 2829 2697
f 2831 2698 2699
f 2831 2830 2698
f 2832 2699 2700
f 2832 2831 2699
f 2833 2700 2701
f 2833 2832 2700
f 2834 2701 2702
f 2834 2833 2701
f 2835 2702 2703
f 2835 2834 2702
f 2836 2703 2704
f 2836 2835 2703
f 2837 2704 2705
f 2837 2836 2704
f 2838 2705 2706
f 2838 2837 2705
f 2839 2706 2707
f 2839 2838 2706
f 2840 2707 2708
f 2840 2839 2707
f 2841 2708 2709
f 2841 2840 2708
f 2709 2679 2813
f 2709 2813 2841
f 2843 2842 2710
f 2843 2710 2711
f 2710 2844 2712
f 2842 2844 2710
f 2712 2845 2713
f 2844 2845 2712
f 2713 2846 2714
f 2845 2846 2713
f 2714 2847 2715
f 2846 2847 2714
f 2715 2848 2716
f 2847 2848 2715
f 2716 2849 2717
f 2848 2849 2716
f 2717 2850 2718
f 2849 2850 2717
f 2718 2851 2719
f 2850 2851 2718
f 2719 2852 2720
f 2851 2852 2719
f 2720 2853 2721
f 2852 2853 2720
f 2721 2854 2722
f 2853 2854 2721
f 2722 2855 2723
f 2854 2855 2722
f 2723 2856 2724
f 2855 2856 2723
f 2724 2857 2725
f 2856 2857 2724
f 2725 2858 2726
f 2857 2858 2725
f 2726 2859 2727
f 2858 2859 2726
f 2727 2860 2728
f 2859 2860 2727
f 2728 2861 2729
f 2860 2861 2728
f 2729 2862 2730
f 2861 2862 2729
f 2730 2863 2731
f 2862 2863 2730
f 2731 2864 2732
f 2863 2864 2731
f 2732 2865 2733
f 2864 2865 2732
f 2733 2866 2734
f 2865 2866 2733
f 2734 2867 2735
f 2866 2867 2734
f 2735 2868 2736
f 2867 2868 2735
f 2736 2869 2737
f 2868 2869 2736
f 2737 2870 2738
f 2869 2870 2737
f 2738 2871 2739
f 2870 2871 2738
f 2740 2739 2871
f 2740 2871 2872
f 2741 2843 2711
f 2741 2873 2843
f 2872 2874 2740
f 2740 2874 2742
f 2743 2742 2874
f 2743 2874 2875
f 2877 2876 2744
f 2877 2744 2745
f 2741 2744 2873
f 2873 2744 2876
f 2875 2878 2743
f 2743 2878 2746
f 2747 2746 2878
f 2747 2878 2879
f 2748 2877 2745
f 2748 2880 2877
f 2879 2749 2747
f 2881 2749 2879
f 2750 2880 2748
f 2750 2882 2880
f 2881 2751 2749
f 2883 2751 2881
f 2752 2882 2750
f 2752 2884 2882
f 2883 2753 2751
f 2885 2753 2883
f 2754 2884 2752
f 2754 2886 2884
f 2885 2755 2753
f 2887 2755 2885
f 2756 2886 2754
f 2756 2888 2886
f 2887 2757 2755
f 2889 2757 2887
f 2758 2888 2756
f 2758 2890 2888
f 2889 2759 2757
f 2891 2759 2889
f 2760 2890 2758
f 2760 2892 2890
f 2891 2761 2759
f 2893 2761 2891
f 2762 2892 2760
f 2762 2894 2892
f 2893 2763 2761
f 2895 2763 2893
f 2764 2894 2762
f 2764 2896 2894
f 2895 2765 2763
f 2897 2765 2895
f 2766 2896 2764
f 2766 2898 2896
f 2897 2767 2765
f 2899 2767 2897
f 2768 2898 2766
f 2768 2900 2898
f 2899 2769 2767
f 2901 2769 2899
f 2770 2900 2768
f 2770 2902 2900
f 2901 2771 2769
f 2903 2771 2901
f 2772 2902 2770
f 2772 2904 2902
f 2903 2773 2771
f 2905 2773 2903
f 2774 2904 2772
f 2774 2906 2904
f 2905 2775 2773
f 2907 2775 2905
f 2776 2906 2774
f 2776 2908 2906
f 2907 2777 2775
f 2909 2777 2907
f 2778 2908 2776
f 2778 2910 2908
f 2909 2779 2777
f 2911 2779 2909
f 2780 2910 2778
f 2780 2912 2910
f 2911 2781 2779
f 2913 2781 2911
f 2782 2912 2780
f 2782 2914 2912
f 2913 2783 2781
f 2915 2783 2913
f 2784 2914 2782
f 2784 2916 2914
f 2915 2785 2783
f 2917 2785 2915
f 2786 2916 2784
f 2786 2918 2916
f 2917 2787 2785
f 2919 2787 2917
f 2788 2918 2786
f 2788 2920 2918
f 2919 2789 2787
f 2921 2789 2919
f 2790 2920 2788
f 2790 2922 2920
f 2921 2791 2789
f 2923 2791 2921
f 2792 2922 2790
f 2792 2924 2922
f 2923 2793 2791
f 2925 2793 2923
f 2794 2924 2792
f 2794 2926 2924
f 2925 2795 2793
f 2927 2795 2925
f 2796 2926 2794
f 2796 2928 2926
f 2927 2797 2795
f 2929 2797 2927
f 2798 2928 2796
f 2798 2930 2928
f 2929 2799 2797
f 2931 2799 2929
f 2800 2930 2798
f 2800 2932 2930
f 2931 2801 2799
f 2933 2801 2931
f 2934 2932 2800
f 2934 2800 2802
f 2802 2803 2934
f 2934 2803 2935
f 2937 2936 2805
f 2805 2936 2804
f 2805 2801 2933
f 2805 2933 2937
f 2806 2939 2938
f 2935 2806 2938
f 2803 2806 2935
f 2939 2940 2938
f 2942 2941 2809
f 2809 2941 2808
f 2943 2809 2810
f 2943 2942 2809
f 2945 2944 2812
f 2944 2810 2812
f 2944 2943 2810
f 2945 2946 2944
f 2936 2813 2804
f 2947 2813 2936
f 2814 2939 2806
f 2948 2940 2939
f 2814 2948 2939
f 2815 2948 2814
f 2949 2815 2816
f 2949 2948 2815
f 2950 2816 2817
f 2950 2949 2816
f 2951 2817 2818
f 2951 2950 2817
f 2952 2818 2819
f 2952 2951 2818
f 2953 2819 2820
f 2953 2952 2819
f 2954 2820 2821
f 2954 2953 2820
f 2955 2821 2822
f 2955 2954 2821
f 2956 2822 2823
f 2956 2955 2822
f 2957 2823 2824
f 2957 2956 2823
f 2958 2824 2825
f 2958 2957 2824
f 2959 2825 2826
f 2959 2958 2825
f 2960 2826 2827
f 2960 2959 2826
f 2827 2808 2941
f 2827 2941 2960
f 2828 2945 2812
f 2961 2946 2945
f 2828 2961 2945
f 2829 2961 2828
f 2962 2829 2830
f 2962 2961 2829
f 2963 2830 2831
f 2963 2962 2830
f 2964 2831 2832
f 2964 2963 2831
f 2965 2832 2833
f 2965 2964 2832
f 2966 2833 2834
f 2966 2965 2833
f 2967 2834 2835
f 2967 2966 2834
f 2968 2835 2836
f 2968 2967 2835
f 2969 2836 2837
f 2969 2968 2836
f 2970 2837 2838
f 2970 2969 2837
f 2971 2838 2839
f 2971 2970 2838
f 2972 2839 2840
f 2972 2971 2839
f 2973 2840 2841
f 2973 2972 2840
f 2841 2813 2947
f 2841 2947 2973
f 2975 2974 2842
f 2975 2842 2843
f 2842 2976 2844
f 2974 2976 2842
f 2844 2977 2845
f 2976 2977 2844
f 2845 2978 2846
f 2977 2978 2845
f 2846 2979 2847
f 2978 2979 2846
f 2847 2980 2848
f 2979 2980 2847
f 2848 2981 2849
f 2980 2981 2848
f 2849 2982 2850
f 2981 2982 2849
f 2850 2983 2851
f 2982 2983 2850
f 2851 2984 2852
f 2983 2984 2851
f 2852 2985 2853
f 2984 2985 2852
f 2853 2986 2854
f 2985 2986 2853
f 2854 2987 2855
f 2986 2987 2854
f 2855 2988 2856
f 2987 2988 2855
f 2856 2989 2857
f 2988 2989 2856
f 2857 2990 2858
f 2989 2990 2857
f 2858 2991 2859
f 2990 2991 2858
f 2859 2992 2860
f 2991 2992 2859
f 2860 2993 2861
f 2992 2993 2860
f 2861 2994 2862
f 2993 2994 2861
f 2862 2995 2863
f 2994 2995 2862
f 2863 2996 2864
f 2995 2996 2863
f 2864 2997 2865
f 2996 2997 2864
f 2865 2998 2866
f 2997 2998 2865
f 2866 2999 2867
f 2998 2999 2866
f 2867 3000 2868
f 2999 3000 2867
f 2868 3001 2869
f 3000 3001 2868
f 2869 3002 2870
f 3001 3002 2869
f 2870 3003 2871
f 3002 3003 2870
f 2872 2871 3003
f 2872 3003 3004
f 2873 2975 2843
f 2873 3005 2975
f 3004 3006 2872
f 2872 3006 2874
f 2875 2874 3006
f 2875 3006 3007
f 3009 3008 2876
f 3009 2876 2877
f 2873 2876 3005
f 3005 2876 3008
f 3007 3010 2875
f 2875 3010 2878
f 2879 2878 3010
f 2879 3010 3011
f 2880 3009 2877
f 2880 3012 3009
f 3011 2881 2879
f 3013 2881 3011
f 2882 3012 2880
f 2882 3014 3012
f 3013 2883 2881
f 3015 2883 3013
f 2884 3014 2882
f 2884 3016 3014
f 3015 2885 2883
f 3017 2885 3015
f 2886 3016 2884
f 2886 3018 3016
f 3017 2887 2885
f 3019 2887 3017
f 2888 3018 2886
f 2888 3020 3018
f 3019 2889 2887
f 3021 2889 3019
f 2890 3020 2888
f 2890 3022 3020
f 3021 2891 2889
f 3023 2891 3021
f 2892 3022 2890
f 2892 3024 3022
f 3023 2893 2891
f 3025 2893 3023
f 2894 3024 2892
f 2894 3026 3024
f 3025 2895 2893
f 3027 2895 3025
f 2896 3026 2894
f 2896 3028 3026
f 3027 2897 2895
f 3029 2897 3027
f 2898 3028 2896
f 2898 3030 3028
f 3029 2899 2897
f 3031 2899 3029
f 2900 3030 2898
f 2900 3032 3030
f 3031 2901 2899
f 3033 2901 3031
f 2902 3032 2900
f 2902 3034 3032
f 3033 2903 2901
f 3035 2903 3033
f 2904 3034 2902
f 2904 3036 3034
f 3035 2905 2903
f 3037 2905 3035
f 2906 3036 2904
f 2906 3038 3036
f 3037 2907 2905
f 3039 2907 3037
f 2908 3038 2906
f 2908 3040 3038
f 3039 2909 2907
f 3041 2909 3039
f 2910 3040 2908
f 2910 3042 3040
f 3041 2911 2909
f 3043 2911 3041
f 2912 3042 2910
f 2912 3044 3042
f 3043 2913 2911
f 3045 2913 3043
f 2914 3044 2912
f 2914 3046 3044
f 3045 2915 2913
f 3047 2915 3045
f 2916 3046 2914
f 2916 3048 3046
f 3047 2917 2915
f 3049 2917 3047
f 2918 3048 2916
f 2918 3050 3048
f 3049 2919 2917
f 3051 2919 3049
f 2920 3050 2918
f 2920 3052 3050
f 3051 2921 2919
f 3053 2921 3051
f 2922 3052 2920
f 2922 3054 3052
f 3053 2923 2921
f 3055 2923 3053
f 2924 3054 2922
f 2924 3056 3054
f 3055 2925 2923
f 3057 2925 3055
f 2926 3056 2924
f 2926 3058 3056
f 3057 2927 2925
f 3059 2927 3057
f 2928 3058 2926
f 2928 3060 3058
f 3059 2929 2927
f 3061 2929 3059
f 2930 3060 2928
f 2930 3062 3060
f 3061 2931 2929
f 3063 2931 3061
f 2932 3062 2930
f 2932 3064 3062
f 3063 2933 2931
f 3065 2933 3063
f 3066 3064 2932
f 3066 2932 2934
f 2934 2935 3066
f 3066 2935 3067
f 3069 3068 2937
f 2937 3068 2936
f 2937 2933 3065
f 2937 3065 3069
f 3070 3067 2935
f 3070 2935 2938
f 2938 2940 3070
f 3070 2940 3071
f 3073 3072 2942
f 2942 3072 2941
f 3074 2942 2943
f 3074 3073 2942
f 3075 2943 2944
f 3075 3074 2943
f 2944 2946 3075
f 3075 2946 3076
f 3068 2947 2936
f 3077 2947 3068
f 3078 3071 2940
f 3078 2940 2948
f 3079 2948 2949
f 3079 3078 2948
f 3080 2949 2950
f 3080 3079 2949
f 3081 2950 2951
f 3081 3080 2950
f 3082 2951 2952
f 3082 3081 2951
f 3083 2952 2953
f 3083 3082 2952
f 3084 2953 2954
f 3084 3083 2953
f 3085 2954 2955
f 3085 3084 2954
f 3086 2955 2956
f 3086 3085 2955
f 3087 2956 2957
f 3087 3086 2956
f 3088 2957 2958
f 3088 3087 2957
f 3089 2958 2959
f 3089 3088 2958
f 3090 2959 2960
f 3090 3089 2959
f 2960 2941 3072
f 2960 3072 3090
f 3091 3076 2946
f 3091 2946 2961
f 3092 2961 2962
f 3092 3091 2961
f 3093 2962 2963
f 3093 3092 2962
f 3094 2963 2964
f 3094 3093 2963
f 3095 2964 2965
f 3095 3094 2964
f 3096 2965 2966
f 3096 3095 2965
f 3097 2966 2967
f 3097 3096 2966
f 3098 2967 2968
f 3098 3097 2967
f 3099 2968 2969
f 3099 3098 2968
f 3100 2969 2970
f 3100 3099 2969
f 3101 2970 2971
f 3101 3100 2970
f 3102 2971 2972
f 3102 3101 2971
f 3103 2972 2973
f 3103 3102 2972
f 2973 2947 3077
f 2973 3077 3103
f 2975 3104 2974
f 2974 3104 3105
f 3106 2974 3105
f 2976 2974 3106
f 2976 3107 2977
f 3106 3107 2976
f 2977 3108 2978
f 3107 3108 2977
f 2978 3109 2979
f 3108 3109 2978
f 2979 3110 2980
f 3109 3110 2979
f 2980 3111 2981
f 3110 3111 2980
f 2981 3112 2982
f 3111 3112 2981
f 2982 3113 2983
f 3112 3113 2982
f 2983 3114 2984
f 3113 3114 2983
f 2984 3115 2985
f 3114 3115 2984
f 2985 3116 2986
f 3115 3116 2985
f 2986 3117 2987
f 3116 3117 2986
f 2987 3118 2988
f 3117 3118 2987
f 2988 3119 2989
f 3118 3119 2988
f 2989 3120 2990
f 3119 3120 2989
f 2990 3121 2991
f 3120 3121 2990
f 2991 3122 2992
f 3121 3122 2991
f 3122 3124 3123
f 2993 3122 3123
f 2992 3122 2993
f 3125 2994 2993
f 3125 2993 3123
f 2994 3125 3126
f 3127 2994 3126
f 2995 2994 3127
f 2995 3128 2996
f 3127 3128 2995
f 2996 3129 2997
f 3128 3129 2996
f 2997 3130 2998
f 3129 3130 2997
f 2998 3131 2999
f 3130 3131 2998
f 2999 3132 3000
f 3131 3132 2999
f 3000 3133 3001
f 3132 3133 3000
f 3001 3134 3002
f 3133 3134 3001
f 3002 3135 3003
f 3134 3135 3002
f 3004 3003 3135
f 3004 3135 3136
f 3138 3137 3104
f 2975 3138 3104
f 3005 3138 2975
f 3104 3137 3105
f 3124 3139 3123
f 3123 3139 3125
f 3125 3139 3140
f 3125 3140 3126
f 3136 3141 3004
f 3004 3141 3006
f 3007 3006 3141
f 3007 3141 3142
f 3144 3143 3008
f 3144 3008 3009
f 3005 3008 3138
f 3138 3008 3143
f 3142 3145 3007
f 3007 3145 3010
f 3011 3010 3145
f 3011 3145 3146
f 3012 3144 3009
f 3012 3147 3144
f 3146 3013 3011
f 3148 3013 3146
f 3014 3147 3012
f 3014 3149 3147
f 3148 3015 3013
f 3150 3015 3148
f 3016 3149 3014
f 3016 3151 3149
f 3150 3017 3015
f 3152 3017 3150
f 3018 3151 3016
f 3018 3153 3151
f 3152 3019 3017
f 3154 3019 3152
f 3020 3153 3018
f 3020 3155 3153
f 3154 3021 3019
f 3156 3021 3154
f 3022 3155 3020
f 3022 3157 3155
f 3156 3023 3021
f 3158 3023 3156
f 3024 3157 3022
f 3024 3159 3157
f 3158 3025 3023
f 3160 3025 3158
f 3026 3159 3024
f 3026 3161 3159
f 3160 3027 3025
f 3162 3027 3160
f 3028 3161 3026
f 3028 3163 3161
f 3162 3029 3027
f 3164 3029 3162
f 3030 3163 3028
f 3030 3165 3163
f 3164 3031 3029
f 3166 3031 3164
f 3032 3165 3030
f 3032 3167 3165
f 3166 3033 3031
f 3168 3033 3166
f 3034 3167 3032
f 3034 3169 3167
f 3168 3035 3033
f 3170 3035 3168
f 3036 3169 3034
f 3036 3171 3169
f 3170 3037 3035
f 3172 3037 3170
f 3038 3171 3036
f 3038 3173 3171
f 3172 3039 3037
f 3174 3039 3172
f 3040 3173 3038
f 3040 3175 3173
f 3174 3041 3039
f 3176 3041 3174
f 3042 3175 3040
f 3042 3177 3175
f 3176 3043 3041
f 3178 3043 3176
f 3044 3177 3042
f 3044 3179 3177
f 3178 3045 3043
f 3180 3045 3178
f 3046 3179 3044
f 3046 3181 3179
f 3180 3047 3045
f 3182 3047 3180
f 3048 3181 3046
f 3048 3183 3181
f 3182 3049 3047
f 3184 3049 3182
f 3050 3183 3048
f 3050 3185 3183
f 3184 3051 3049
f 3186 3051 3184
f 3052 3185 3050
f 3052 3187 3185
f 3186 3053 3051
f 3188 3053 3186
f 3054 3187 3052
f 3054 3189 3187
f 3188 3055 3053
f 3190 3055 3188
f 3056 3189 3054
f 3056 3191 3189
f 3190 3057 3055
f 3192 3057 3190
f 3058 3191 3056
f 3058 3193 3191
f 3192 3059 3057
f 3194 3059 3192
f 3060 3193 3058
f 3060 3195 3193
f 3194 3061 3059
f 3196 3061 3194
f 3062 3195 3060
f 3062 3197 3195
f 3196 3063 3061
f 3198 3063 3196
f 3064 3197 3062
f 3064 3199 3197
f 3198 3065 3063
f 3200 3065 3198
f 3201 3199 3064
f 3201 3064 3066
f 3066 3067 3201
f 3201 3067 3202
f 3204 3203 3069
f 3069 3203 3068
f 3069 3065 3200
f 3069 3200 3204
f 3205 3202 3067
f 3205 3067 3070
f 3070 3071 3205
f 3205 3071 3206
f 3209 3208 3207
f 3211 3210 3207
f 3207 3210 3209
f 3213 3212 3211
f 3211 3212 3210
f 3215 3214 3213
f 3213 3214 3212
f 3217 3216 3215
f 3215 3216 3214
f 3072 3073 3217
f 3073 3216 3217
f 3073 3218 3216
f 3219 3073 3074
f 3219 3218 3073
f 3220 3074 3075
f 3220 3219 3074
f 3222 3221 3076
f 3221 3075 3076
f 3221 3220 3075
f 3222 3223 3221
f 3203 3077 3068
f 3224 3077 3203
f 3225 3206 3071
f 3225 3071 3078
f 3226 3078 3079
f 3226 3225 3078
f 3227 3079 3080
f 3227 3226 3079
f 3228 3080 3081
f 3228 3227 3080
f 3229 3081 3082
f 3229 3228 3081
f 3230 3082 3083
f 3230 3229 3082
f 3231 3083 3084
f 3231 3230 3083
f 3232 3084 3085
f 3232 3231 3084
f 3086 3207 3208
f 3232 3086 3208
f 3085 3086 3232
f 3207 3086 3087
f 3207 3087 3211
f 3211 3087 3088
f 3211 3088 3213
f 3213 3088 3089
f 3213 3089 3215
f 3215 3089 3090
f 3215 3090 3217
f 3217 3090 3072
f 3091 3222 3076
f 3233 3223 3222
f 3091 3233 3222
f 3092 3233 3091
f 3234 3092 3093
f 3234 3233 3092
f 3235 3093 3094
f 3235 3234 3093
f 3236 3094 3095
f 3236 3235 3094
f 3237 3095 3096
f 3237 3236 3095
f 3238 3096 3097
f 3238 3237 3096
f 3239 3097 3098
f 3239 3238 3097
f 3240 3098 3099
f 3240 3239 3098
f 3241 3099 3100
f 3241 3240 3099
f 3242 3100 3101
f 3242 3241 3100
f 3243 3101 3102
f 3243 3242 3101
f 3244 3102 3103
f 3244 3243 3102
f 3103 3077 3224
f 3103 3224 3244
f 3246 3245 3106
f 3246 3106 3105
f 3106 3247 3107
f 3245 3247 3106
f 3107 3248 3108
f 3247 3248 3107
f 3108 3249 3109
f 3248 3249 3108
f 3109 3250 3110
f 3249 3250 3109
f 3110 3251 3111
f 3250 3251 3110
f 3111 3252 3112
f 3251 3252 3111
f 3112 3253 3113
f 3252 3253 3112
f 3113 3254 3114
f 3253 3254 3113
f 3114 3255 3115
f 3254 3255 3114
f 3255 3257 3256
f 3116 3255 3256
f 3115 3255 3116
f 3258 3117 3116
f 3258 3116 3256
f 3259 3118 3117
f 3259 3117 3258
f 3260 3119 3118
f 3260 3118 3259
f 3261 3120 3119
f 3261 3119 3260
f 3262 3121 3120
f 3262 3120 3261
f 3263 3122 3121
f 3263 3121 3262
f 3263 3124 3122
f 3265 3264 3127
f 3265 3127 3126
f 3127 3266 3128
f 3264 3266 3127
f 3128 3267 3129
f 3266 3267 3128
f 3129 3268 3130
f 3267 3268 3129
f 3130 3269 3131
f 3268 3269 3130
f 3131 3270 3132
f 3269 3270 3131
f 3132 3271 3133
f 3270 3271 3132
f 3133 3272 3134
f 3271 3272 3133
f 3134 3273 3135
f 3272 3273 3134
f 3136 3135 3273
f 3136 3273 3274
f 3276 3275 3137
f 3276 3137 3138
f 3105 3137 3246
f 3246 3137 3275
f 3257 3277 3256
f 3256 3277 3258
f 3258 3277 3278
f 3258 3278 3259
f 3259 3278 3279
f 3259 3279 3260
f 3260 3279 3280
f 3260 3280 3261
f 3261 3280 3281
f 3261 3281 3262
f 3262 3281 3282
f 3262 3282 3263
f 3263 3282 3283
f 3263 3283 3124
f 3283 3139 3124
f 3283 3284 3139
f 3139 3285 3140
f 3284 3285 3139
f 3126 3140 3265
f 3265 3140 3285
f 3274 3286 3136
f 3136 3286 3141
f 3142 3141 3286
f 3142 3286 3287
f 3289 3288 3143
f 3289 3143 3144
f 3138 3143 3276
f 3276 3143 3288
f 3287 3290 3142
f 3142 3290 3145
f 3146 3145 3290
f 3146 3290 3291
f 3147 3289 3144
f 3147 3292 3289
f 3291 3148 3146
f 3293 3148 3291
f 3149 3292 3147
f 3149 3294 3292
f 3293 3150 3148
f 3295 3150 3293
f 3151 3294 3149
f 3151 3296 3294
f 3295 3152 3150
f 3297 3152 3295
f 3153 3296 3151
f 3153 3298 3296
f 3297 3154 3152
f 3299 3154 3297
f 3155 3298 3153
f 3155 3300 3298
f 3299 3156 3154
f 3301 3156 3299
f 3157 3300 3155
f 3157 3302 3300
f 3301 3158 3156
f 3303 3158 3301
f 3159 3302 3157
f 3159 3304 3302
f 3303 3160 3158
f 3305 3160 3303
f 3161 3304 3159
f 3161 3306 3304
f 3305 3162 3160
f 3307 3162 3305
f 3163 3306 3161
f 3163 3308 3306
f 3307 3164 3162
f 3309 3164 3307
f 3165 3308 3163
f 3165 3310 3308
f 3309 3166 3164
f 3311 3166 3309
f 3167 3310 3165
f 3167 3312 3310
f 3311 3168 3166
f 3313 3168 3311
f 3169 3312 3167
f 3169 3314 3312
f 3313 3170 3168
f 3315 3170 3313
f 3171 3314 3169
f 3171 3316 3314
f 3315 3172 3170
f 3317 3172 3315
f 3173 3316 3171
f 3173 3318 3316
f 3317 3174 3172
f 3319 3174 3317
f 3175 3318 3173
f 3175 3320 3318
f 3319 3176 3174
f 3321 3176 3319
f 3177 3323 3322
f 3320 3177 3322
f 3175 3177 3320
f 3323 3324 3322
f 3321 3178 3176
f 3325 3178 3321
f 3179 3326 3323
f 3179 3323 3177
f 3324 3323 3327
f 3327 3323 3326
f 3325 3180 3178
f 3328 3180 3325
f 3330 3329 3326
f 3179 3330 3326
f 3181 3330 3179
f 3326 3329 3327
f 3328 3182 3180
f 3331 3182 3328
f 3183 3330 3181
f 3183 3332 3330
f 3331 3184 3182
f 3333 3184 3331
f 3185 3332 3183
f 3185 3334 3332
f 3333 3186 3184
f 3335 3186 3333
f 3187 3334 3185
f 3187 3336 3334
f 3335 3188 3186
f 3337 3188 3335
f 3189 3336 3187
f 3189 3338 3336
f 3337 3190 3188
f 3339 3190 3337
f 3191 3338 3189
f 3191 3340 3338
f 3339 3192 3190
f 3341 3192 3339
f 3193 3340 3191
f 3193 3342 3340
f 3341 3194 3192
f 3343 3194 3341
f 3195 3342 3193
f 3195 3344 3342
f 3343 3196 3194
f 3345 3196 3343
f 3197 3344 3195
f 3197 3346 3344
f 3345 3198 3196
f 3347 3198 3345
f 3199 3346 3197
f 3199 3348 3346
f 3347 3200 3198
f 3349 3200 3347
f 3350 3348 3199
f 3350 3199 3201
f 3201 3202 3350
f 3350 3202 3351
f 3353 3352 3204
f 3204 3352 3203
f 3204 3200 3349
f 3204 3349 3353
f 3354 3351 3202
f 3354 3202 3205
f 3205 3206 3354
f 3354 3206 3355
f 3357 3356 3209
f 3209 3356 3208
f 3358 3209 3210
f 3358 3357 3209
f 3359 3210 3212
f 3359 3358 3210
f 3360 3212 3214
f 3360 3359 3212
f 3361 3214 3216
f 3361 3360 3214
f 3362 3216 3218
f 3362 3361 3216
f 3363 3218 3219
f 3363 3362 3218
f 3364 3219 3220
f 3364 3363 3219
f 3365 3220 3221
f 3365 3364 3220
f 3221 3223 3365
f 3365 3223 3366
f 3369 3368 3367
f 3352 3369 3367
f 3224 3352 3367
f 3203 3352 3224
f 3370 3355 3206
f 3370 3206 3225
f 3371 3225 3226
f 3371 3370 3225
f 3372 3226 3227
f 3372 3371 3226
f 3373 3227 3228
f 3373 3372 3227
f 3374 3228 3229
f 3374 3373 3228
f 3375 3229 3230
f 3375 3374 3229
f 3376 3230 3231
f 3376 3375 3230
f 3377 3231 3232
f 3377 3376 3231
f 3232 3208 3356
f 3232 3356 3377
f 3378 3366 3223
f 3378 3223 3233
f 3379 3233 3234
f 3379 3378 3233
f 3380 3234 3235
f 3380 3379 3234
f 3381 3235 3236
f 3381 3380 3235
f 3382 3236 3237
f 3382 3381 3236
f 3383 3237 3238
f 3383 3382 3237
f 3384 3238 3239
f 3384 3383 3238
f 3385 3239 3240
f 3385 3384 3239
f 3386 3240 3241
f 3386 3385 3240
f 3387 3241 3242
f 3387 3386 3241
f 3388 3242 3243
f 3388 3387 3242
f 3244 3367 3368
f 3388 3244 3368
f 3243 3244 3388
f 3367 3244 3224
f 3390 3389 3245
f 3390 3245 3246
f 3245 3391 3247
f 3389 3391 3245
f 3247 3392 3248
f 3391 3392 3247
f 3248 3393 3249
f 3392 3393 3248
f 3249 3394 3250
f 3393 3394 3249
f 3250 3395 3251
f 3394 3395 3250
f 3251 3396 3252
f 3395 3396 3251
f 3396 3398 3397
f 3253 3396 3397
f 3252 3396 3253
f 3399 3254 3253
f 3399 3253 3397
f 3400 3255 3254
f 3400 3254 3399
f 3400 3257 3255
f 3403 3402 3401
f 3264 3265 3401
f 3402 3264 3401
f 3404 3264 3402
f 3264 3405 3266
f 3404 3405 3264
f 3266 3406 3267
f 3405 3406 3266
f 3267 3407 3268
f 3406 3407 3267
f 3268 3408 3269
f 3407 3408 3268
f 3269 3409 3270
f 3408 3409 3269
f 3270 3410 3271
f 3409 3410 3270
f 3271 3411 3272
f 3410 3411 3271
f 3272 3412 3273
f 3411 3412 3272
f 3274 3273 3412
f 3274 3412 3413
f 3415 3414 3275
f 3415 3275 3276
f 3246 3275 3390
f 3390 3275 3414
f 3398 3416 3397
f 3397 3416 3399
f 3399 3416 3417
f 3399 3417 3400
f 3400 3417 3418
f 3400 3418 3257
f 3418 3277 3257
f 3418 3419 3277
f 3277 3420 3278
f 3419 3420 3277
f 3278 3421 3279
f 3420 3421 3278
f 3279 3422 3280
f 3421 3422 3279
f 3280 3423 3281
f 3422 3423 3280
f 3281 3424 3282
f 3423 3424 3281
f 3282 3425 3283
f 3424 3425 3282
f 3283 3426 3284
f 3425 3426 3283
f 3401 3285 3403
f 3285 3426 3403
f 3285 3284 3426
f 3285 3401 3265
f 3413 3427 3274
f 3274 3427 3286
f 3287 3286 3427
f 3287 3427 3428
f 3430 3429 3288
f 3430 3288 3289
f 3276 3288 3415
f 3415 3288 3429
f 3428 3431 3287
f 3287 3431 3290
f 3291 3290 3431
f 3291 3431 3432
f 3292 3430 3289
f 3292 3433 3430
f 3432 3293 3291
f 3434 3293 3432
f 3294 3433 3292
f 3294 3435 3433
f 3434 3295 3293
f 3436 3295 3434
f 3296 3435 3294
f 3296 3437 3435
f 3436 3297 3295
f 3438 3297 3436
f 3298 3437 3296
f 3298 3439 3437
f 3438 3299 3297
f 3440 3299 3438
f 3300 3439 3298
f 3300 3441 3439
f 3440 3301 3299
f 3442 3301 3440
f 3302 3441 3300
f 3302 3443 3441
f 3442 3303 3301
f 3444 3303 3442
f 3304 3443 3302
f 3304 3445 3443
f 3444 3305 3303
f 3446 3305 3444
f 3306 3445 3304
f 3306 3447 3445
f 3446 3307 3305
f 3448 3307 3446
f 3308 3447 3306
f 3308 3449 3447
f 3448 3309 3307
f 3450 3309 3448
f 3310 3449 3308
f 3310 3451 3449
f 3454 3453 3452
f 3450 3454 3452
f 3311 3450 3452
f 3309 3450 3311
f 3312 3451 3310
f 3312 3455 3451
f 3452 3453 3456
f 3456 3453 3457
f 3456 3313 3311
f 3456 3311 3452
f 3314 3455 3312
f 3314 3458 3455
f 3456 3457 3459
f 3459 3457 3460
f 3459 3315 3313
f 3459 3313 3456
f 3316 3458 3314
f 3316 3461 3458
f 3460 3462 3459
f 3315 3459 3462
f 3463 3315 3462
f 3317 3315 3463
f 3318 3461 3316
f 3318 3464 3461
f 3463 3319 3317
f 3465 3319 3463
f 3320 3467 3466
f 3464 3320 3466
f 3318 3320 3464
f 3467 3468 3466
f 3465 3321 3319
f 3469 3321 3465
f 3322 3467 3320
f 3322 3324 3467
f 3324 3468 3467
f 3324 3470 3468
f 3469 3325 3321
f 3471 3325 3469
f 3327 3470 3324
f 3327 3472 3470
f 3471 3328 3325
f 3473 3328 3471
f 3475 3474 3329
f 3475 3329 3330
f 3327 3329 3472
f 3472 3329 3474
f 3473 3331 3328
f 3476 3331 3473
f 3332 3475 3330
f 3332 3477 3475
f 3476 3333 3331
f 3478 3333 3476
f 3334 3477 3332
f 3334 3479 3477
f 3478 3335 3333
f 3480 3335 3478
f 3336 3479 3334
f 3336 3481 3479
f 3480 3337 3335
f 3482 3337 3480
f 3338 3481 3336
f 3338 3483 3481
f 3482 3339 3337
f 3484 3339 3482
f 3340 3483 3338
f 3340 3485 3483
f 3484 3341 3339
f 3486 3341 3484
f 3342 3485 3340
f 3342 3487 3485
f 3486 3343 3341
f 3488 3343 3486
f 3344 3487 3342
f 3344 3489 3487
f 3488 3345 3343
f 3490 3345 3488
f 3346 3489 3344
f 3346 3491 3489
f 3490 3347 3345
f 3492 3347 3490
f 3348 3491 3346
f 3348 3493 3491
f 3492 3349 3347
f 3494 3349 3492
f 3495 3493 3348
f 3495 3348 3350
f 3350 3351 3495
f 3495 3351 3496
f 3498 3497 3353
f 3353 3497 3352
f 3353 3349 3494
f 3353 3494 3498
f 3499 3496 3351
f 3499 3351 3354
f 3354 3355 3499
f 3499 3355 3500
f 3503 3502 3501
f 3356 3357 3501
f 3357 3503 3501
f 3357 3504 3503
f 3505 3357 3358
f 3505 3504 3357
f 3506 3358 3359
f 3506 3505 3358
f 3507 3359 3360
f 3507 3506 3359
f 3508 3360 3361
f 3508 3507 3360
f 3509 3361 3362
f 3509 3508 3361
f 3510 3362 3363
f 3510 3509 3362
f 3511 3363 3364
f 3511 3510 3363
f 3512 3364 3365
f 3512 3511 3364
f 3365 3366 3512
f 3512 3366 3513
f 3515 3514 3369
f 3369 3514 3368
f 3369 3352 3497
f 3369 3497 3515
f 3516 3500 3355
f 3516 3355 3370
f 3517 3370 3371
f 3517 3516 3370
f 3518 3371 3372
f 3518 3517 3371
f 3519 3372 3373
f 3519 3518 3372
f 3520 3373 3374
f 3520 3519 3373
f 3521 3374 3375
f 3521 3520 3374
f 3522 3375 3376
f 3522 3521 3375
f 3377 3501 3502
f 3522 3377 3502
f 3376 3377 3522
f 3501 3377 3356
f 3523 3513 3366
f 3523 3366 3378
f 3524 3378 3379
f 3524 3523 3378
f 3525 3379 3380
f 3525 3524 3379
f 3526 3380 3381
f 3526 3525 3380
f 3527 3381 3382
f 3527 3526 3381
f 3528 3382 3383
f 3528 3527 3382
f 3529 3383 3384
f 3529 3528 3383
f 3530 3384 3385
f 3530 3529 3384
f 3531 3385 3386
f 3531 3530 3385
f 3532 3386 3387
f 3532 3531 3386
f 3533 3387 3388
f 3533 3532 3387
f 3388 3368 3514
f 3388 3514 3533
f 3535 3534 3389
f 3535 3389 3390
f 3389 3536 3391
f 3534 3536 3389
f 3391 3537 3392
f 3536 3537 3391
f 3392 3538 3393
f 3537 3538 3392
f 3393 3539 3394
f 3538 3539 3393
f 3394 3540 3395
f 3539 3540 3394
f 3395 3541 3396
f 3540 3541 3395
f 3398 3396 3541
f 3398 3541 3542
f 3545 3544 3543
f 3402 3403 3543
f 3544 3402 3543
f 3546 3402 3544
f 3402 3547 3404
f 3546 3547 3402
f 3404 3548 3405
f 3547 3548 3404
f 3405 3549 3406
f 3548 3549 3405
f 3406 3550 3407
f 3549 3550 3406
f 3407 3551 3408
f 3550 3551 3407
f 3408 3552 3409
f 3551 3552 3408
f 3409 3553 3410
f 3552 3553 3409
f 3410 3554 3411
f 3553 3554 3410
f 3411 3555 3412
f 3554 3555 3411
f 3413 3412 3555
f 3413 3555 3556
f 3558 3557 3414
f 3558 3414 3415
f 3390 3414 3535
f 3535 3414 3557
f 3542 3559 3398
f 3398 3559 3416
f 3416 3560 3417
f 3559 3560 3416
f 3417 3561 3418
f 3560 3561 3417
f 3418 3562 3419
f 3561 3562 3418
f 3419 3563 3420
f 3562 3563 3419
f 3420 3564 3421
f 3563 3564 3420
f 3421 3565 3422
f 3564 3565 3421
f 3422 3566 3423
f 3565 3566 3422
f 3423 3567 3424
f 3566 3567 3423
f 3424 3568 3425
f 3567 3568 3424
f 3543 3426 3545
f 3426 3568 3545
f 3426 3425 3568
f 3426 3543 3403
f 3556 3569 3413
f 3413 3569 3427
f 3428 3427 3569
f 3428 3569 3570
f 3572 3571 3429
f 3572 3429 3430
f 3415 3429 3558
f 3558 3429 3571
f 3570 3573 3428
f 3428 3573 3431
f 3432 3431 3573
f 3432 3573 3574
f 3433 3572 3430
f 3433 3575 3572
f 3574 3434 3432
f 3576 3434 3574
f 3435 3575 3433
f 3435 3577 3575
f 3576 3436 3434
f 3578 3436 3576
f 3437 3577 3435
f 3437 3579 3577
f 3578 3438 3436
f 3580 3438 3578
f 3439 3579 3437
f 3439 3581 3579
f 3580 3440 3438
f 3582 3440 3580
f 3441 3581 3439
f 3441 3583 3581
f 3582 3442 3440
f 3584 3442 3582
f 3443 3583 3441
f 3443 3585 3583
f 3584 3444 3442
f 3586 3444 3584
f 3445 3585 3443
f 3445 3587 3585
f 3586 3446 3444
f 3588 3446 3586
f 3447 3587 3445
f 3447 3589 3587
f 3588 3448 3446
f 3590 3448 3588
f 3449 3589 3447
f 3449 3591 3589
f 3594 3593 3592
f 3590 3594 3592
f 3450 3590 3592
f 3448 3590 3450
f 3451 3591 3449
f 3451 3595 3591
f 3592 3593 3454
f 3593 3453 3454
f 3593 3596 3453
f 3592 3454 3450
f 3455 3595 3451
f 3455 3597 3595
f 3596 3457 3453
f 3598 3457 3596
f 3458 3597 3455
f 3458 3599 3597
f 3598 3460 3457
f 3600 3460 3598
f 3461 3599 3458
f 3461 3601 3599
f 3600 3602 3460
f 3460 3602 3462
f 3463 3462 3602
f 3463 3602 3603
f 3464 3601 3461
f 3464 3604 3601
f 3603 3465 3463
f 3605 3465 3603
f 3606 3604 3464
f 3606 3464 3466
f 3466 3468 3606
f 3606 3468 3607
f 3605 3469 3465
f 3608 3469 3605
f 3470 3607 3468
f 3470 3609 3607
f 3608 3471 3469
f 3610 3471 3608
f 3613 3612 3611
f 3612 3609 3611
f 3609 3472 3611
f 3609 3470 3472
f 3610 3473 3471
f 3614 3473 3610
f 3613 3611 3474
f 3475 3613 3474
f 3615 3613 3475
f 3474 3611 3472
f 3614 3476 3473
f 3616 3476 3614
f 3477 3615 3475
f 3477 3617 3615
f 3616 3478 3476
f 3618 3478 3616
f 3479 3617 3477
f 3479 3619 3617
f 3618 3480 3478
f 3620 3480 3618
f 3481 3619 3479
f 3481 3621 3619
f 3620 3482 3480
f 3622 3482 3620
f 3483 3621 3481
f 3483 3623 3621
f 3622 3484 3482
f 3624 3484 3622
f 3485 3623 3483
f 3485 3625 3623
f 3624 3486 3484
f 3626 3486 3624
f 3487 3625 3485
f 3487 3627 3625
f 3626 3488 3486
f 3628 3488 3626
f 3489 3627 3487
f 3489 3629 3627
f 3628 3490 3488
f 3630 3490 3628
f 3491 3629 3489
f 3491 3631 3629
f 3630 3492 3490
f 3632 3492 3630
f 3493 3631 3491
f 3493 3633 3631
f 3632 3494 3492
f 3634 3494 3632
f 3635 3633 3493
f 3635 3493 3495
f 3495 3496 3635
f 3635 3496 3636
f 3638 3637 3498
f 3498 3637 3497
f 3498 3494 3634
f 3498 3634 3638
f 3639 3636 3496
f 3639 3496 3499
f 3499 3500 3639
f 3639 3500 3640
f 3642 3641 3503
f 3503 3641 3502
f 3643 3503 3504
f 3643 3642 3503
f 3644 3504 3505
f 3644 3643 3504
f 3645 3505 3506
f 3645 3644 3505
f 3646 3506 3507
f 3646 3645 3506
f 3647 3507 3508
f 3647 3646 3507
f 3648 3508 3509
f 3648 3647 3508
f 3649 3509 3510
f 3649 3648 3509
f 3650 3510 3511
f 3650 3649 3510
f 3651 3511 3512
f 3651 3650 3511
f 3653 3652 3513
f 3652 3512 3513
f 3652 3651 3512
f 3653 3654 3652
f 3656 3655 3515
f 3515 3655 3514
f 3515 3497 3637
f 3515 3637 3656
f 3657 3640 3500
f 3657 3500 3516
f 3658 3516 3517
f 3658 3657 3516
f 3659 3517 3518
f 3659 3658 3517
f 3660 3518 3519
f 3660 3659 3518
f 3661 3519 3520
f 3661 3660 3519
f 3662 3520 3521
f 3662 3661 3520
f 3663 3521 3522
f 3663 3662 3521
f 3522 3502 3641
f 3522 3641 3663
f 3523 3653 3513
f 3664 3654 3653
f 3523 3664 3653
f 3524 3664 3523
f 3665 3524 3525
f 3665 3664 3524
f 3666 3525 3526
f 3666 3665 3525
f 3667 3526 3527
f 3667 3666 3526
f 3668 3527 3528
f 3668 3667 3527
f 3669 3528 3529
f 3669 3668 3528
f 3670 3529 3530
f 3670 3669 3529
f 3671 3530 3531
f 3671 3670 3530
f 3672 3531 3532
f 3672 3671 3531
f 3673 3532 3533
f 3673 3672 3532
f 3533 3514 3655
f 3533 3655 3673
f 3675 3674 3534
f 3675 3534 3535
f 3534 3676 3536
f 3674 3676 3534
f 3536 3677 3537
f 3676 3677 3536
f 3537 3678 3538
f 3677 3678 3537
f 3538 3679 3539
f 3678 3679 3538
f 3539 3680 3540
f 3679 3680 3539
f 3540 3681 3541
f 3680 3681 3540
f 3542 3541 3681
f 3542 3681 3682
f 3685 3684 3683
f 3687 3686 3683
f 3687 3683 3684
f 3688 3686 3687
f 3691 3690 3689
f 3693 3692 3689
f 3693 3689 3690
f 3695 3694 3692
f 3695 3692 3693
f 3544 3545 3694
f 3695 3544 3694
f 3696 3544 3695
f 3544 3697 3546
f 3696 3697 3544
f 3546 3698 3547
f 3697 3698 3546
f 3547 3699 3548
f 3698 3699 3547
f 3548 3700 3549
f 3699 3700 3548
f 3549 3701 3550
f 3700 3701 3549
f 3550 3702 3551
f 3701 3702 3550
f 3551 3703 3552
f 3702 3703 3551
f 3552 3704 3553
f 3703 3704 3552
f 3553 3705 3554
f 3704 3705 3553
f 3554 3706 3555
f 3705 3706 3554
f 3556 3555 3706
f 3556 3706 3707
f 3709 3708 3557
f 3709 3557 3558
f 3535 3557 3675
f 3675 3557 3708
f 3682 3710 3542
f 3542 3710 3559
f 3683 3560 3685
f 3560 3710 3685
f 3560 3559 3710
f 3560 3683 3561
f 3561 3683 3686
f 3688 3711 3686
f 3711 3561 3686
f 3711 3562 3561
f 3562 3712 3563
f 3711 3712 3562
f 3563 3713 3564
f 3712 3713 3563
f 3564 3714 3565
f 3713 3714 3564
f 3689 3566 3691
f 3566 3714 3691
f 3566 3565 3714
f 3566 3689 3567
f 3567 3689 3692
f 3567 3692 3568
f 3568 3692 3694
f 3568 3694 3545
f 3707 3715 3556
f 3556 3715 3569
f 3570 3569 3715
f 3570 3715 3716
f 3718 3717 3571
f 3718 3571 3572
f 3558 3571 3709
f 3709 3571 3717
f 3716 3719 3570
f 3570 3719 3573
f 3574 3573 3719
f 3574 3719 3720
f 3575 3718 3572
f 3575 3721 3718
f 3720 3576 3574
f 3722 3576 3720
f 3577 3721 3575
f 3577 3723 3721
f 3722 3578 3576
f 3724 3578 3722
f 3579 3723 3577
f 3579 3725 3723
f 3724 3580 3578
f 3726 3580 3724
f 3581 3725 3579
f 3581 3727 3725
f 3726 3582 3580
f 3728 3582 3726
f 3583 3727 3581
f 3583 3729 3727
f 3728 3584 3582
f 3730 3584 3728
f 3585 3729 3583
f 3585 3731 3729
f 3730 3586 3584
f 3732 3586 3730
f 3587 3731 3585
f 3587 3733 3731
f 3732 3588 3586
f 3734 3588 3732
f 3589 3733 3587
f 3589 3735 3733
f 3734 3590 3588
f 3736 3590 3734
f 3591 3735 3589
f 3591 3737 3735
f 3739 3738 3594
f 3594 3738 3593
f 3594 3590 3736
f 3594 3736 3739
f 3595 3737 3591
f 3595 3740 3737
f 3738 3596 3593
f 3741 3596 3738
f 3597 3740 3595
f 3597 3742 3740
f 3741 3598 3596
f 3743 3598 3741
f 3599 3742 3597
f 3599 3744 3742
f 3743 3600 3598
f 3745 3600 3743
f 3601 3744 3599
f 3601 3746 3744
f 3745 3747 3600
f 3600 3747 3602
f 3603 3602 3747
f 3603 3747 3748
f 3604 3750 3749
f 3746 3604 3749
f 3601 3604 3746
f 3750 3751 3749
f 3748 3605 3603
f 3752 3605 3748
f 3750 3604 3606
f 3755 3754 3753
f 3754 3755 3607
f 3755 3751 3607
f 3750 3606 3607
f 3750 3607 3751
f 3752 3608 3605
f 3756 3608 3752
f 3753 3754 3757
f 3753 3757 3758
f 3609 3757 3607
f 3607 3757 3754
f 3756 3610 3608
f 3759 3610 3756
f 3758 3757 3612
f 3613 3758 3612
f 3760 3758 3613
f 3612 3757 3609
f 3759 3614 3610
f 3761 3614 3759
f 3615 3760 3613
f 3615 3762 3760
f 3761 3616 3614
f 3763 3616 3761
f 3617 3762 3615
f 3617 3764 3762
f 3763 3618 3616
f 3765 3618 3763
f 3619 3764 3617
f 3619 3766 3764
f 3765 3620 3618
f 3767 3620 3765
f 3621 3766 3619
f 3621 3768 3766
f 3767 3622 3620
f 3769 3622 3767
f 3623 3768 3621
f 3623 3770 3768
f 3769 3624 3622
f 3771 3624 3769
f 3625 3770 3623
f 3625 3772 3770
f 3771 3626 3624
f 3773 3626 3771
f 3627 3772 3625
f 3627 3774 3772
f 3773 3628 3626
f 3775 3628 3773
f 3629 3774 3627
f 3629 3776 3774
f 3775 3630 3628
f 3777 3630 3775
f 3631 3776 3629
f 3631 3778 3776
f 3777 3632 3630
f 3779 3632 3777
f 3633 3778 3631
f 3633 3780 3778
f 3779 3634 3632
f 3781 3634 3779
f 3782 3780 3633
f 3782 3633 3635
f 3635 3636 3782
f 3782 3636 3783
f 3785 3784 3638
f 3638 3784 3637
f 3638 3634 3781
f 3638 3781 3785
f 3786 3783 3636
f 3786 3636 3639
f 3639 3640 3786
f 3786 3640 3787
f 3789 3788 3642
f 3642 3788 3641
f 3790 3642 3643
f 3790 3789 3642
f 3791 3643 3644
f 3791 3790 3643
f 3792 3644 3645
f 3792 3791 3644
f 3793 3645 3646
f 3793 3792 3645
f 3794 3646 3647
f 3794 3793 3646
f 3795 3647 3648
f 3795 3794 3647
f 3796 3648 3649
f 3796 3795 3648
f 3797 3649 3650
f 3797 3796 3649
f 3798 3650 3651
f 3798 3797 3650
f 3799 3651 3652
f 3799 3798 3651
f 3652 3654 3799
f 3799 3654 3800
f 3801 3655 3656
f 3802 3801 3656
f 3637 3802 3656
f 3784 3802 3637
f 3803 3787 3640
f 3803 3640 3657
f 3804 3657 3658
f 3804 3803 3657
f 3805 3658 3659
f 3805 3804 3658
f 3806 3659 3660
f 3806 3805 3659
f 3807 3660 3661
f 3807 3806 3660
f 3808 3661 3662
f 3808 3807 3661
f 3809 3662 3663
f 3809 3808 3662
f 3663 3641 3788
f 3663 3788 3809
f 3810 3800 3654
f 3810 3654 3664
f 3811 3664 3665
f 3811 3810 3664
f 3812 3665 3666
f 3812 3811 3665
f 3813 3666 3667
f 3813 3812 3666
f 3814 3667 3668
f 3814 3813 3667
f 3815 3668 3669
f 3815 3814 3668
f 3816 3669 3670
f 3816 3815 3669
f 3817 3670 3671
f 3817 3816 3670
f 3818 3671 3672
f 3818 3817 3671
f 3819 3672 3673
f 3819 3818 3672
f 3673 3655 3801
f 3820 3673 3801
f 3819 3673 3820
f 3820 3801 3802
f 3822 3821 3674
f 3822 3674 3675
f 3674 3823 3676
f 3821 3823 3674
f 3676 3824 3677
f 3823 3824 3676
f 3677 3825 3678
f 3824 3825 3677
f 3678 3826 3679
f 3825 3826 3678
f 3679 3827 3680
f 3826 3827 3679
f 3680 3828 3681
f 3827 3828 3680
f 3830 3829 3682
f 3681 3830 3682
f 3828 3830 3681
f 3684 3685 3829
f 3830 3684 3829
f 3831 3684 3830
f 3684 3832 3687
f 3831 3832 3684
f 3834 3833 3688
f 3687 3834 3688
f 3832 3834 3687
f 3835 3833 3834
f 3838 3837 3836
f 3840 3839 3836
f 3840 3836 3837
f 3690 3691 3839
f 3840 3690 3839
f 3841 3690 3840
f 3690 3842 3693
f 3841 3842 3690
f 3693 3843 3695
f 3842 3843 3693
f 3695 3844 3696
f 3843 3844 3695
f 3696 3845 3697
f 3844 3845 3696
f 3697 3846 3698
f 3845 3846 3697
f 3698 3847 3699
f 3846 3847 3698
f 3699 3848 3700
f 3847 3848 3699
f 3700 3849 3701
f 3848 3849 3700
f 3701 3850 3702
f 3849 3850 3701
f 3702 3851 3703
f 3850 3851 3702
f 3703 3852 3704
f 3851 3852 3703
f 3704 3853 3705
f 3852 3853 3704
f 3705 3854 3706
f 3853 3854 3705
f 3707 3706 3854
f 3707 3854 3855
f 3858 3857 3856
f 3708 3709 3856
f 3857 3708 3856
f 3859 3708 3857
f 3675 3708 3822
f 3822 3708 3859
f 3829 3710 3682
f 3710 3829 3685
f 3833 3711 3688
f 3835 3860 3833
f 3860 3711 3833
f 3860 3712 3711
f 3836 3713 3838
f 3713 3860 3838
f 3713 3712 3860
f 3713 3836 3714
f 3714 3836 3839
f 3714 3839 3691
f 3855 3861 3707
f 3707 3861 3715
f 3716 3715 3861
f 3716 3861 3862
f 3858 3856 3717
f 3718 3858 3717
f 3863 3858 3718
f 3717 3856 3709
f 3862 3864 3716
f 3716 3864 3719
f 3720 3719 3864
f 3720 3864 3865
f 3721 3863 3718
f 3721 3866 3863
f 3865 3722 3720
f 3867 3722 3865
f 3723 3866 3721
f 3723 3868 3866
f 3867 3724 3722
f 3869 3724 3867
f 3725 3868 3723
f 3725 3870 3868
f 3869 3726 3724
f 3871 3726 3869
f 3727 3870 3725
f 3727 3872 3870
f 3871 3728 3726
f 3873 3728 3871
f 3729 3872 3727
f 3729 3874 3872
f 3873 3730 3728
f 3875 3730 3873
f 3731 3874 3729
f 3731 3876 3874
f 3875 3732 3730
f 3877 3732 3875
f 3733 3876 3731
f 3733 3878 3876
f 3877 3734 3732
f 3879 3734 3877
f 3735 3878 3733
f 3735 3880 3878
f 3879 3736 3734
f 3881 3736 3879
f 3737 3880 3735
f 3737 3882 3880
f 3883 3738 3739
f 3884 3883 3739
f 3736 3884 3739
f 3881 3884 3736
f 3740 3882 3737
f 3740 3885 3882
f 3886 3741 3883
f 3883 3741 3738
f 3883 3884 3887
f 3883 3887 3886
f 3742 3885 3740
f 3742 3888 3885
f 3890 3889 3886
f 3889 3741 3886
f 3889 3743 3741
f 3890 3886 3887
f 3744 3888 3742
f 3744 3891 3888
f 3889 3745 3743
f 3892 3745 3889
f 3746 3891 3744
f 3746 3893 3891
f 3892 3894 3745
f 3745 3894 3747
f 3748 3747 3894
f 3748 3894 3895
f 3746 3749 3896
f 3897 3746 3896
f 3893 3746 3897
f 3751 3896 3749
f 3895 3752 3748
f 3898 3752 3895
f 3897 3896 3755
f 3753 3897 3755
f 3899 3897 3753
f 3755 3896 3751
f 3898 3756 3752
f 3900 3756 3898
f 3758 3899 3753
f 3758 3901 3899
f 3900 3759 3756
f 3902 3759 3900
f 3760 3901 3758
f 3760 3903 3901
f 3902 3761 3759
f 3904 3761 3902
f 3762 3903 3760
f 3762 3905 3903
f 3904 3763 3761
f 3906 3763 3904
f 3764 3905 3762
f 3764 3907 3905
f 3906 3765 3763
f 3908 3765 3906
f 3766 3907 3764
f 3766 3909 3907
f 3908 3767 3765
f 3910 3767 3908
f 3768 3909 3766
f 3768 3911 3909
f 3910 3769 3767
f 3912 3769 3910
f 3770 3911 3768
f 3770 3913 3911
f 3912 3771 3769
f 3914 3771 3912
f 3772 3913 3770
f 3772 3915 3913
f 3914 3773 3771
f 3916 3773 3914
f 3774 3915 3772
f 3774 3917 3915
f 3916 3775 3773
f 3918 3775 3916
f 3776 3917 3774
f 3776 3919 3917
f 3918 3777 3775
f 3920 3777 3918
f 3778 3919 3776
f 3778 3921 3919
f 3920 3779 3777
f 3922 3779 3920
f 3780 3921 3778
f 3780 3923 3921
f 3922 3781 3779
f 3924 3781 3922
f 3925 3923 3780
f 3925 3780 3782
f 3782 3783 3925
f 3925 3783 3926
f 3928 3927 3785
f 3785 3927 3784
f 3785 3781 3924
f 3785 3924 3928
f 3929 3926 3783
f 3929 3783 3786
f 3786 3787 3929
f 3929 3787 3930
f 3932 3931 3789
f 3789 3931 3788
f 3933 3789 3790
f 3933 3932 3789
f 3934 3790 3791
f 3934 3933 3790
f 3935 3791 3792
f 3935 3934 3791
f 3936 3792 3793
f 3936 3935 3792
f 3937 3793 3794
f 3937 3936 3793
f 3939 3937 3938
f 3937 3795 3938
f 3937 3794 3795
f 3796 3940 3795
f 3795 3940 3938
f 3797 3941 3796
f 3796 3941 3940
f 3798 3942 3797
f 3797 3942 3941
f 3799 3943 3798
f 3798 3943 3942
f 3800 3943 3799
f 3927 3802 3784
f 3944 3802 3927
f 3945 3930 3787
f 3945 3787 3803
f 3946 3803 3804
f 3946 3945 3803
f 3947 3804 3805
f 3947 3946 3804
f 3948 3805 3806
f 3948 3947 3805
f 3949 3806 3807
f 3949 3948 3806
f 3950 3807 3808
f 3950 3949 3807
f 3951 3808 3809
f 3951 3950 3808
f 3809 3788 3931
f 3809 3931 3951
f 3952 3939 3938
f 3952 3938 3940
f 3952 3940 3953
f 3953 3940 3941
f 3953 3941 3954
f 3954 3941 3942
f 3954 3942 3955
f 3955 3942 3943
f 3955 3943 3956
f 3956 3943 3800
f 3810 3956 3800
f 3957 3956 3810
f 3958 3810 3811
f 3958 3957 3810
f 3959 3811 3812
f 3959 3958 3811
f 3960 3812 3813
f 3960 3959 3812
f 3961 3813 3814
f 3961 3960 3813
f 3962 3814 3815
f 3962 3961 3814
f 3963 3815 3816
f 3963 3962 3815
f 3964 3816 3817
f 3964 3963 3816
f 3965 3817 3818
f 3965 3964 3817
f 3966 3818 3819
f 3966 3965 3818
f 3967 3819 3820
f 3967 3966 3819
f 3820 3802 3944
f 3820 3944 3967
f 3970 3969 3968
f 3821 3822 3968
f 3969 3821 3968
f 3971 3821 3969
f 3821 3972 3823
f 3971 3972 3821
f 3823 3973 3824
f 3972 3973 3823
f 3824 3974 3825
f 3973 3974 3824
f 3825 3975 3826
f 3974 3975 3825
f 3826 3976 3827
f 3975 3976 3826
f 3827 3977 3828
f 3976 3977 3827
f 3828 3978 3830
f 3977 3978 3828
f 3830 3979 3831
f 3978 3979 3830
f 3831 3980 3832
f 3979 3980 3831
f 3832 3981 3834
f 3980 3981 3832
f 3983 3982 3835
f 3834 3983 3835
f 3981 3983 3834
f 3837 3838 3982
f 3983 3837 3982
f 3984 3837 3983
f 3837 3985 3840
f 3984 3985 3837
f 3840 3986 3841
f 3985 3986 3840
f 3841 3987 3842
f 3986 3987 3841
f 3842 3988 3843
f 3987 3988 3842
f 3843 3989 3844
f 3988 3989 3843
f 3844 3990 3845
f 3989 3990 3844
f 3845 3991 3846
f 3990 3991 3845
f 3846 3992 3847
f 3991 3992 3846
f 3847 3993 3848
f 3992 3993 3847
f 3848 3994 3849
f 3993 3994 3848
f 3849 3995 3850
f 3994 3995 3849
f 3850 3996 3851
f 3995 3996 3850
f 3851 3997 3852
f 3996 3997 3851
f 3852 3998 3853
f 3997 3998 3852
f 3853 3999 3854
f 3998 3999 3853
f 3855 3854 3999
f 3855 3999 4000
f 4002 4001 3857
f 4002 3857 3858
f 3968 3859 3970
f 3859 4001 3970
f 3859 3857 4001
f 3859 3968 3822
f 3982 3860 3835
f 3860 3982 3838
f 4000 4003 3855
f 3855 4003 3861
f 3862 3861 4003
f 3862 4003 4004
f 3863 4002 3858
f 3863 4005 4002
f 4004 4006 3862
f 3862 4006 3864
f 3865 3864 4006
f 3865 4006 4007
f 3866 4005 3863
f 3866 4008 4005
f 4007 3867 3865
f 4009 3867 4007
f 3868 4008 3866
f 3868 4010 4008
f 4009 3869 3867
f 4011 3869 4009
f 3870 4010 3868
f 3870 4012 4010
f 4011 3871 3869
f 4013 3871 4011
f 3872 4012 3870
f 3872 4014 4012
f 4013 3873 3871
f 4015 3873 4013
f 3874 4014 3872
f 3874 4016 4014
f 4015 3875 3873
f 4017 3875 4015
f 3876 4016 3874
f 3876 4018 4016
f 4017 3877 3875
f 4019 3877 4017
f 3878 4018 3876
f 3878 4020 4018
f 4019 3879 3877
f 4021 3879 4019
f 3880 4020 3878
f 3880 4022 4020
f 4021 3881 3879
f 4023 3881 4021
f 3882 4022 3880
f 3882 4024 4022
f 4023 3884 3881
f 4025 3884 4023
f 3885 4024 3882
f 3885 4026 4024
f 4025 3887 3884
f 4027 3887 4025
f 3888 4026 3885
f 3888 4028 4026
f 4029 3889 3890
f 4030 4029 3890
f 3887 4030 3890
f 4027 4030 3887
f 3891 4028 3888
f 3891 4031 4028
f 4032 3892 4029
f 4029 3892 3889
f 4029 4030 4033
f 4029 4033 4032
f 3893 4031 3891
f 3893 4034 4031
f 4032 3894 3892
f 3895 3894 4032
f 4033 3895 4032
f 4035 3895 4033
f 3897 4034 3893
f 3897 4036 4034
f 4035 3898 3895
f 4037 3898 4035
f 3899 4036 3897
f 3899 4038 4036
f 4037 3900 3898
f 4039 3900 4037
f 3901 4038 3899
f 3901 4040 4038
f 4039 3902 3900
f 4041 3902 4039
f 3903 4040 3901
f 3903 4042 4040
f 4041 3904 3902
f 4043 3904 4041
f 3905 4042 3903
f 3905 4044 4042
f 4043 3906 3904
f 4045 3906 4043
f 3907 4044 3905
f 3907 4046 4044
f 4045 3908 3906
f 4047 3908 4045
f 3909 4046 3907
f 3909 4048 4046
f 4047 3910 3908
f 4049 3910 4047
f 3911 4048 3909
f 3911 4050 4048
f 4049 3912 3910
f 4051 3912 4049
f 3913 4050 3911
f 3913 4052 4050
f 4051 3914 3912
f 4053 3914 4051
f 3915 4052 3913
f 3915 4054 4052
f 4053 3916 3914
f 4055 3916 4053
f 3917 4054 3915
f 3917 4056 4054
f 4055 3918 3916
f 4057 3918 4055
f 3919 4056 3917
f 3919 4058 4056
f 4057 3920 3918
f 4059 3920 4057
f 3921 4058 3919
f 3921 4060 4058
f 4059 3922 3920
f 4061 3922 4059
f 3923 4060 3921
f 3923 4062 4060
f 4061 3924 3922
f 4063 3924 4061
f 4064 4062 3923
f 4064 3923 3925
f 3925 3926 4064
f 4064 3926 4065
f 4067 4066 3928
f 3928 4066 3927
f 3928 3924 4063
f 3928 4063 4067
f 4068 4065 3926
f 4068 3926 3929
f 3929 3930 4068
f 4068 3930 4069
f 4070 3931 3932
f 3933 4071 3932
f 3932 4071 4070
f 3934 4072 3933
f 3933 4072 4071
f 3935 4073 3934
f 3934 4073 4072
f 3936 4074 3935
f 3935 4074 4073
f 3937 4075 3936
f 3936 4075 4074
f 3939 4075 3937
f 4078 4077 4076
f 4066 4078 4076
f 3944 4066 4076
f 3927 4066 3944
f 4079 4069 3930
f 4079 3930 3945
f 4080 3945 3946
f 4080 4079 3945
f 4081 3946 3947
f 4081 4080 3946
f 4082 3947 3948
f 4082 4081 3947
f 4083 3948 3949
f 4083 4082 3948
f 4084 3949 3950
f 4084 4083 3949
f 4085 3950 3951
f 4085 4084 3950
f 3951 3931 4070
f 4086 3951 4070
f 4085 3951 4086
f 4086 4070 4071
f 4086 4071 4087
f 4087 4071 4072
f 4087 4072 4088
f 4088 4072 4073
f 4088 4073 4089
f 4089 4073 4074
f 4089 4074 4090
f 4090 4074 4075
f 4090 4075 4091
f 4091 4075 3939
f 3952 4091 3939
f 4092 4091 3952
f 4093 3952 3953
f 4093 4092 3952
f 4094 3953 3954
f 4094 4093 3953
f 4095 3954 3955
f 4095 4094 3954
f 4096 3955 3956
f 4096 4095 3955
f 4097 3956 3957
f 4097 4096 3956
f 4098 3957 3958
f 4098 4097 3957
f 4099 3958 3959
f 4099 4098 3958
f 4100 3959 3960
f 4100 4099 3959
f 4101 3960 3961
f 4101 4100 3960
f 4102 3961 3962
f 4102 4101 3961
f 4103 3962 3963
f 4103 4102 3962
f 4104 3963 3964
f 4104 4103 3963
f 4105 3964 3965
f 4105 4104 3964
f 4106 3965 3966
f 4106 4105 3965
f 3967 4076 4077
f 4106 3967 4077
f 3966 3967 4106
f 4076 3967 3944
f 4108 4107 3969
f 4108 3969 3970
f 3969 4109 3971
f 4107 4109 3969
f 3971 4110 3972
f 4109 4110 3971
f 3972 4111 3973
f 4110 4111 3972
f 3973 4112 3974
f 4111 4112 3973
f 3974 4113 3975
f 4112 4113 3974
f 3975 4114 3976
f 4113 4114 3975
f 3976 4115 3977
f 4114 4115 3976
f 3977 4116 3978
f 4115 4116 3977
f 3978 4117 3979
f 4116 4117 3978
f 3979 4118 3980
f 4117 4118 3979
f 3980 4119 3981
f 4118 4119 3980
f 3981 4120 3983
f 4119 4120 3981
f 3983 4121 3984
f 4120 4121 3983
f 3984 4122 3985
f 4121 4122 3984
f 3985 4123 3986
f 4122 4123 3985
f 3986 4124 3987
f 4123 4124 3986
f 3987 4125 3988
f 4124 4125 3987
f 3988 4126 3989
f 4125 4126 3988
f 3989 4127 3990
f 4126 4127 3989
f 3990 4128 3991
f 4127 4128 3990
f 3991 4129 3992
f 4128 4129 3991
f 3992 4130 3993
f 4129 4130 3992
f 3993 4131 3994
f 4130 4131 3993
f 3994 4132 3995
f 4131 4132 3994
f 3995 4133 3996
f 4132 4133 3995
f 3996 4134 3997
f 4133 4134 3996
f 3997 4135 3998
f 4134 4135 3997
f 3998 4136 3999
f 4135 4136 3998
f 4000 3999 4136
f 4000 4136 4137
f 4139 4138 4001
f 4139 4001 4002
f 3970 4001 4108
f 4108 4001 4138
f 4137 4140 4000
f 4000 4140 4003
f 4004 4003 4140
f 4004 4140 4141
f 4005 4139 4002
f 4005 4142 4139
f 4141 4143 4004
f 4004 4143 4006
f 4007 4006 4143
f 4007 4143 4144
f 4008 4142 4005
f 4008 4145 4142
f 4144 4009 4007
f 4146 4009 4144
f 4010 4145 4008
f 4010 4147 4145
f 4146 4011 4009
f 4148 4011 4146
f 4012 4147 4010
f 4012 4149 4147
f 4148 4013 4011
f 4150 4013 4148
f 4014 4149 4012
f 4014 4151 4149
f 4150 4015 4013
f 4152 4015 4150
f 4016 4151 4014
f 4016 4153 4151
f 4152 4017 4015
f 4154 4017 4152
f 4018 4153 4016
f 4018 4155 4153
f 4154 4019 4017
f 4156 4019 4154
f 4020 4155 4018
f 4020 4157 4155
f 4156 4021 4019
f 4158 4021 4156
f 4022 4157 4020
f 4022 4159 4157
f 4158 4023 4021
f 4160 4023 4158
f 4024 4159 4022
f 4024 4161 4159
f 4160 4025 4023
f 4162 4025 4160
f 4026 4161 4024
f 4026 4163 4161
f 4162 4027 4025
f 4164 4027 4162
f 4028 4163 4026
f 4028 4165 4163
f 4164 4030 4027
f 4166 4030 4164
f 4031 4165 4028
f 4031 4167 4165
f 4166 4033 4030
f 4168 4033 4166
f 4034 4167 4031
f 4034 4169 4167
f 4168 4035 4033
f 4170 4035 4168
f 4036 4169 4034
f 4036 4171 4169
f 4170 4037 4035
f 4172 4037 4170
f 4038 4171 4036
f 4038 4173 4171
f 4172 4039 4037
f 4174 4039 4172
f 4040 4173 4038
f 4040 4175 4173
f 4174 4041 4039
f 4176 4041 4174
f 4042 4175 4040
f 4042 4177 4175
f 4176 4043 4041
f 4178 4043 4176
f 4044 4177 4042
f 4044 4179 4177
f 4178 4045 4043
f 4180 4045 4178
f 4046 4179 4044
f 4046 4181 4179
f 4180 4047 4045
f 4182 4047 4180
f 4048 4181 4046
f 4048 4183 4181
f 4182 4049 4047
f 4184 4049 4182
f 4050 4183 4048
f 4050 4185 4183
f 4184 4051 4049
f 4186 4051 4184
f 4052 4185 4050
f 4052 4187 4185
f 4186 4053 4051
f 4188 4053 4186
f 4054 4187 4052
f 4054 4189 4187
f 4188 4055 4053
f 4190 4055 4188
f 4056 4189 4054
f 4056 4191 4189
f 4190 4057 4055
f 4192 4057 4190
f 4058 4191 4056
f 4058 4193 4191
f 4192 4059 4057
f 4194 4059 4192
f 4060 4193 4058
f 4060 4195 4193
f 4194 4061 4059
f 4196 4061 4194
f 4062 4195 4060
f 4062 4197 4195
f 4196 4063 4061
f 4198 4063 4196
f 4199 4197 4062
f 4199 4062 4064
f 4064 4065 4199
f 4199 4065 4200
f 4202 4201 4067
f 4067 4201 4066
f 4067 4063 4198
f 4067 4198 4202
f 4203 4200 4065
f 4203 4065 4068
f 4068 4069 4203
f 4203 4069 4204
f 4206 4205 4078
f 4078 4205 4077
f 4078 4066 4201
f 4078 4201 4206
f 4207 4204 4069
f 4207 4069 4079
f 4208 4079 4080
f 4208 4207 4079
f 4209 4080 4081
f 4209 4208 4080
f 4210 4081 4082
f 4210 4209 4081
f 4211 4082 4083
f 4211 4210 4082
f 4212 4083 4084
f 4212 4211 4083
f 4213 4084 4085
f 4213 4212 4084
f 4214 4085 4086
f 4214 4213 4085
f 4215 4086 4087
f 4215 4214 4086
f 4216 4087 4088
f 4216 4215 4087
f 4217 4088 4089
f 4217 4216 4088
f 4218 4089 4090
f 4218 4217 4089
f 4219 4090 4091
f 4219 4218 4090
f 4220 4091 4092
f 4220 4219 4091
f 4221 4092 4093
f 4221 4220 4092
f 4222 4093 4094
f 4222 4221 4093
f 4223 4094 4095
f 4223 4222 4094
f 4224 4095 4096
f 4224 4223 4095
f 4225 4096 4097
f 4225 4224 4096
f 4226 4097 4098
f 4226 4225 4097
f 4227 4098 4099
f 4227 4226 4098
f 4228 4099 4100
f 4228 4227 4099
f 4229 4100 4101
f 4229 4228 4100
f 4230 4101 4102
f 4230 4229 4101
f 4231 4102 4103
f 4231 4230 4102
f 4232 4103 4104
f 4232 4231 4103
f 4233 4104 4105
f 4233 4232 4104
f 4234 4105 4106
f 4234 4233 4105
f 4106 4077 4205
f 4106 4205 4234
f 4236 4235 4107
f 4236 4107 4108
f 4107 4237 4109
f 4235 4237 4107
f 4109 4238 4110
f 4237 4238 4109
f 4110 4239 4111
f 4238 4239 4110
f 4111 4240 4112
f 4239 4240 4111
f 4112 4241 4113
f 4240 4241 4112
f 4113 4242 4114
f 4241 4242 4113
f 4114 4243 4115
f 4242 4243 4114
f 4115 4244 4116
f 4243 4244 4115
f 4116 4245 4117
f 4244 4245 4116
f 4117 4246 4118
f 4245 4246 4117
f 4118 4247 4119
f 4246 4247 4118
f 4119 4248 4120
f 4247 4248 4119
f 4120 4249 4121
f 4248 4249 4120
f 4121 4250 4122
f 4249 4250 4121
f 4122 4251 4123
f 4250 4251 4122
f 4123 4252 4124
f 4251 4252 4123
f 4124 4253 4125
f 4252 4253 4124
f 4125 4254 4126
f 4253 4254 4125
f 4126 4255 4127
f 4254 4255 4126
f 4127 4256 4128
f 4255 4256 4127
f 4128 4257 4129
f 4256 4257 4128
f 4129 4258 4130
f 4257 4258 4129
f 4130 4259 4131
f 4258 4259 4130
f 4131 4260 4132
f 4259 4260 4131
f 4132 4261 4133
f 4260 4261 4132
f 4133 4262 4134
f 4261 4262 4133
f 4134 4263 4135
f 4262 4263 4134
f 4135 4264 4136
f 4263 4264 4135
f 4266 4265 4137
f 4136 4266 4137
f 4264 4266 4136
f 4267 4265 4266
f 4269 4268 4138
f 4269 4138 4139
f 4108 4138 4236
f 4236 4138 4268
f 4265 4140 4137
f 4271 4270 4141
f 4271 4141 4140
f 4267 4271 4140
f 4265 4267 4140
f 4272 4270 4271
f 4142 4269 4139
f 4142 4273 4269
f 4270 4143 4141
f 4144 4143 4270
f 4272 4144 4270
f 4274 4144 4272
f 4145 4273 4142
f 4145 4275 4273
f 4274 4146 4144
f 4276 4146 4274
f 4147 4275 4145
f 4147 4277 4275
f 4276 4148 4146
f 4278 4148 4276
f 4149 4277 4147
f 4149 4279 4277
f 4278 4150 4148
f 4280 4150 4278
f 4151 4279 4149
f 4151 4281 4279
f 4280 4152 4150
f 4282 4152 4280
f 4153 4281 4151
f 4153 4283 4281
f 4282 4154 4152
f 4284 4154 4282
f 4155 4283 4153
f 4155 4285 4283
f 4284 4156 4154
f 4286 4156 4284
f 4157 4285 4155
f 4157 4287 4285
f 4286 4158 4156
f 4288 4158 4286
f 4159 4287 4157
f 4159 4289 4287
f 4288 4160 4158
f 4290 4160 4288
f 4161 4289 4159
f 4161 4291 4289
f 4290 4162 4160
f 4292 4162 4290
f 4163 4291 4161
f 4163 4293 4291
f 4292 4164 4162
f 4294 4164 4292
f 4165 4293 4163
f 4165 4295 4293
f 4294 4166 4164
f 4296 4166 4294
f 4167 4295 4165
f 4167 4297 4295
f 4296 4168 4166
f 4298 4168 4296
f 4169 4297 4167
f 4169 4299 4297
f 4298 4170 4168
f 4300 4170 4298
f 4171 4299 4169
f 4171 4301 4299
f 4300 4172 4170
f 4302 4172 4300
f 4173 4301 4171
f 4173 4303 4301
f 4302 4174 4172
f 4304 4174 4302
f 4175 4303 4173
f 4175 4305 4303
f 4304 4176 4174
f 4306 4176 4304
f 4177 4305 4175
f 4177 4307 4305
f 4306 4178 4176
f 4308 4178 4306
f 4179 4307 4177
f 4179 4309 4307
f 4308 4180 4178
f 4310 4180 4308
f 4181 4309 4179
f 4181 4311 4309
f 4310 4182 4180
f 4312 4182 4310
f 4183 4311 4181
f 4183 4313 4311
f 4312 4184 4182
f 4314 4184 4312
f 4185 4313 4183
f 4185 4315 4313
f 4314 4186 4184
f 4316 4186 4314
f 4187 4315 4185
f 4187 4317 4315
f 4316 4188 4186
f 4318 4188 4316
f 4189 4317 4187
f 4189 4319 4317
f 4318 4190 4188
f 4320 4190 4318
f 4191 4319 4189
f 4191 4321 4319
f 4320 4192 4190
f 4322 4192 4320
f 4193 4321 4191
f 4193 4323 4321
f 4322 4194 4192
f 4324 4194 4322
f 4195 4323 4193
f 4195 4325 4323
f 4324 4196 4194
f 4326 4196 4324
f 4197 4325 4195
f 4197 4327 4325
f 4326 4198 4196
f 4328 4198 4326
f 4329 4327 4197
f 4329 4197 4199
f 4199 4200 4329
f 4329 4200 4330
f 4332 4331 4202
f 4202 4331 4201
f 4202 4198 4328
f 4202 4328 4332
f 4333 4330 4200
f 4333 4200 4203
f 4203 4204 4333
f 4333 4204 4334
f 4336 4335 4206
f 4206 4335 4205
f 4206 4201 4331
f 4206 4331 4336
f 4337 4334 4204
f 4337 4204 4207
f 4338 4207 4208
f 4338 4337 4207
f 4339 4208 4209
f 4339 4338 4208
f 4340 4209 4210
f 4340 4339 4209
f 4341 4210 4211
f 4341 4340 4210
f 4342 4211 4212
f 4342 4341 4211
f 4343 4212 4213
f 4343 4342 4212
f 4344 4213 4214
f 4344 4343 4213
f 4345 4214 4215
f 4345 4344 4214
f 4346 4215 4216
f 4346 4345 4215
f 4347 4216 4217
f 4347 4346 4216
f 4348 4217 4218
f 4348 4347 4217
f 4349 4218 4219
f 4349 4348 4218
f 4350 4219 4220
f 4350 4349 4219
f 4351 4220 4221
f 4351 4350 4220
f 4352 4221 4222
f 4352 4351 4221
f 4353 4222 4223
f 4353 4352 4222
f 4354 4223 4224
f 4354 4353 4223
f 4355 4224 4225
f 4355 4354 4224
f 4356 4225 4226
f 4356 4355 4225
f 4357 4226 4227
f 4357 4356 4226
f 4358 4227 4228
f 4358 4357 4227
f 4359 4228 4229
f 4359 4358 4228
f 4360 4229 4230
f 4360 4359 4229
f 4361 4230 4231
f 4361 4360 4230
f 4362 4231 4232
f 4362 4361 4231
f 4363 4232 4233
f 4363 4362 4232
f 4364 4233 4234
f 4364 4363 4233
f 4234 4205 4335
f 4234 4335 4364
f 4366 4365 4235
f 4366 4235 4236
f 4235 4367 4237
f 4365 4367 4235
f 4237 4368 4238
f 4367 4368 4237
f 4238 4369 4239
f 4368 4369 4238
f 4239 4370 4240
f 4369 4370 4239
f 4240 4371 4241
f 4370 4371 4240
f 4241 4372 4242
f 4371 4372 4241
f 4242 4373 4243
f 4372 4373 4242
f 4243 4374 4244
f 4373 4374 4243
f 4244 4375 4245
f 4374 4375 4244
f 4245 4376 4246
f 4375 4376 4245
f 4246 4377 4247
f 4376 4377 4246
f 4247 4378 4248
f 4377 4378 4247
f 4248 4379 4249
f 4378 4379 4248
f 4249 4380 4250
f 4379 4380 4249
f 4250 4381 4251
f 4380 4381 4250
f 4251 4382 4252
f 4381 4382 4251
f 4252 4383 4253
f 4382 4383 4252
f 4253 4384 4254
f 4383 4384 4253
f 4254 4385 4255
f 4384 4385 4254
f 4255 4386 4256
f 4385 4386 4255
f 4256 4387 4257
f 4386 4387 4256
f 4257 4388 4258
f 4387 4388 4257
f 4258 4389 4259
f 4388 4389 4258
f 4259 4390 4260
f 4389 4390 4259
f 4260 4391 4261
f 4390 4391 4260
f 4261 4392 4262
f 4391 4392 4261
f 4262 4393 4263
f 4392 4393 4262
f 4263 4394 4264
f 4393 4394 4263
f 4264 4395 4266
f 4394 4395 4264
f 4267 4266 4395
f 4267 4395 4396
f 4398 4397 4268
f 4398 4268 4269
f 4236 4268 4366
f 4366 4268 4397
f 4396 4399 4267
f 4267 4399 4271
f 4272 4271 4399
f 4272 4399 4400
f 4273 4398 4269
f 4273 4401 4398
f 4400 4274 4272
f 4402 4274 4400
f 4275 4401 4273
f 4275 4403 4401
f 4402 4276 4274
f 4404 4276 4402
f 4277 4403 4275
f 4277 4405 4403
f 4404 4278 4276
f 4406 4278 4404
f 4279 4405 4277
f 4279 4407 4405
f 4406 4280 4278
f 4408 4280 4406
f 4281 4407 4279
f 4281 4409 4407
f 4408 4282 4280
f 4410 4282 4408
f 4283 4409 4281
f 4283 4411 4409
f 4410 4284 4282
f 4412 4284 4410
f 4285 4411 4283
f 4285 4413 4411
f 4412 4286 4284
f 4414 4286 4412
f 4287 4413 4285
f 4287 4415 4413
f 4414 4288 4286
f 4416 4288 4414
f 4289 4415 4287
f 4289 4417 4415
f 4416 4290 4288
f 4418 4290 4416
f 4291 4417 4289
f 4291 4419 4417
f 4418 4292 4290
f 4420 4292 4418
f 4293 4419 4291
f 4293 4421 4419
f 4420 4294 4292
f 4422 4294 4420
f 4295 4421 4293
f 4295 4423 4421
f 4422 4296 4294
f 4424 4296 4422
f 4297 4423 4295
f 4297 4425 4423
f 4424 4298 4296
f 4426 4298 4424
f 4299 4425 4297
f 4299 4427 4425
f 4426 4300 4298
f 4428 4300 4426
f 4301 4427 4299
f 4301 4429 4427
f 4428 4302 4300
f 4430 4302 4428
f 4303 4429 4301
f 4303 4431 4429
f 4430 4304 4302
f 4432 4304 4430
f 4305 4431 4303
f 4305 4433 4431
f 4432 4306 4304
f 4434 4306 4432
f 4307 4433 4305
f 4307 4435 4433
f 4434 4308 4306
f 4436 4308 4434
f 4309 4435 4307
f 4309 4437 4435
f 4436 4310 4308
f 4438 4310 4436
f 4311 4437 4309
f 4311 4439 4437
f 4438 4312 4310
f 4440 4312 4438
f 4313 4439 4311
f 4313 4441 4439
f 4440 4314 4312
f 4442 4314 4440
f 4315 4441 4313
f 4315 4443 4441
f 4442 4316 4314
f 4444 4316 4442
f 4317 4443 4315
f 4317 4445 4443
f 4444 4318 4316
f 4446 4318 4444
f 4319 4445 4317
f 4319 4447 4445
f 4446 4320 4318
f 4448 4320 4446
f 4321 4447 4319
f 4321 4449 4447
f 4448 4322 4320
f 4450 4322 4448
f 4323 4449 4321
f 4323 4451 4449
f 4450 4324 4322
f 4452 4324 4450
f 4325 4451 4323
f 4325 4453 4451
f 4452 4326 4324
f 4454 4326 4452
f 4327 4453 4325
f 4327 4455 4453
f 4454 4328 4326
f 4456 4328 4454
f 4457 4455 4327
f 4457 4327 4329
f 4329 4330 4457
f 4457 4330 4458
f 4460 4459 4332
f 4332 4459 4331
f 4332 4328 4456
f 4332 4456 4460
f 4461 4458 4330
f 4461 4330 4333
f 4333 4334 4461
f 4461 4334 4462
f 4464 4463 4336
f 4336 4463 4335
f 4336 4331 4459
f 4336 4459 4464
f 4465 4462 4334
f 4465 4334 4337
f 4466 4337 4338
f 4466 4465 4337
f 4467 4338 4339
f 4467 4466 4338
f 4468 4339 4340
f 4468 4467 4339
f 4469 4340 4341
f 4469 4468 4340
f 4470 4341 4342
f 4470 4469 4341
f 4471 4342 4343
f 4471 4470 4342
f 4472 4343 4344
f 4472 4471 4343
f 4473 4344 4345
f 4473 4472 4344
f 4474 4345 4346
f 4474 4473 4345
f 4475 4346 4347
f 4475 4474 4346
f 4476 4347 4348
f 4476 4475 4347
f 4477 4348 4349
f 4477 4476 4348
f 4478 4349 4350
f 4478 4477 4349
f 4479 4350 4351
f 4479 4478 4350
f 4480 4351 4352
f 4480 4479 4351
f 4481 4352 4353
f 4481 4480 4352
f 4482 4353 4354
f 4482 4481 4353
f 4483 4354 4355
f 4483 4482 4354
f 4484 4355 4356
f 4484 4483 4355
f 4485 4356 4357
f 4485 4484 4356
f 4486 4357 4358
f 4486 4485 4357
f 4487 4358 4359
f 4487 4486 4358
f 4488 4359 4360
f 4488 4487 4359
f 4489 4360 4361
f 4489 4488 4360
f 4490 4361 4362
f 4490 4489 4361
f 4491 4362 4363
f 4491 4490 4362
f 4492 4363 4364
f 4492 4491 4363
f 4364 4335 4463
f 4364 4463 4492
f 4494 4493 4365
f 4494 4365 4366
f 4365 4495 4367
f 4493 4495 4365
f 4367 4496 4368
f 4495 4496 4367
f 4368 4497 4369
f 4496 4497 4368
f 4369 4498 4370
f 4497 4498 4369
f 4370 4499 4371
f 4498 4499 4370
f 4371 4500 4372
f 4499 4500 4371
f 4372 4501 4373
f 4500 4501 4372
f 4373 4502 4374
f 4501 4502 4373
f 4374 4503 4375
f 4502 4503 4374
f 4375 4504 4376
f 4503 4504 4375
f 4376 4505 4377
f 4504 4505 4376
f 4377 4506 4378
f 4505 4506 4377
f 4378 4507 4379
f 4506 4507 4378
f 4379 4508 4380
f 4507 4508 4379
f 4380 4509 4381
f 4508 4509 4380
f 4381 4510 4382
f 4509 4510 4381
f 4382 4511 4383
f 4510 4511 4382
f 4383 4512 4384
f 4511 4512 4383
f 4384 4513 4385
f 4512 4513 4384
f 4385 4514 4386
f 4513 4514 4385
f 4386 4515 4387
f 4514 4515 4386
f 4387 4516 4388
f 4515 4516 4387
f 4388 4517 4389
f 4516 4517 4388
f 4389 4518 4390
f 4517 4518 4389
f 4390 4519 4391
f 4518 4519 4390
f 4391 4520 4392
f 4519 4520 4391
f 4392 4521 4393
f 4520 4521 4392
f 4393 4522 4394
f 4521 4522 4393
f 4394 4523 4395
f 4522 4523 4394
f 4396 4395 4523
f 4396 4523 4524
f 4526 4525 4397
f 4526 4397 4398
f 4366 4397 4494
f 4494 4397 4525
f 4524 4527 4396
f 4396 4527 4399
f 4400 4399 4527
f 4400 4527 4528
f 4401 4526 4398
f 4401 4529 4526
f 4528 4402 4400
f 4530 4402 4528
f 4403 4529 4401
f 4403 4531 4529
f 4530 4404 4402
f 4532 4404 4530
f 4405 4531 4403
f 4405 4533 4531
f 4532 4406 4404
f 4534 4406 4532
f 4407 4533 4405
f 4407 4535 4533
f 4534 4408 4406
f 4536 4408 4534
f 4409 4535 4407
f 4409 4537 4535
f 4536 4410 4408
f 4538 4410 4536
f 4411 4537 4409
f 4411 4539 4537
f 4538 4412 4410
f 4540 4412 4538
f 4413 4539 4411
f 4413 4541 4539
f 4540 4414 4412
f 4542 4414 4540
f 4415 4541 4413
f 4415 4543 4541
f 4542 4416 4414
f 4544 4416 4542
f 4417 4543 4415
f 4417 4545 4543
f 4544 4418 4416
f 4546 4418 4544
f 4419 4545 4417
f 4419 4547 4545
f 4546 4420 4418
f 4548 4420 4546
f 4421 4547 4419
f 4421 4549 4547
f 4548 4422 4420
f 4550 4422 4548
f 4423 4549 4421
f 4423 4551 4549
f 4550 4424 4422
f 4552 4424 4550
f 4425 4551 4423
f 4425 4553 4551
f 4552 4426 4424
f 4554 4426 4552
f 4427 4553 4425
f 4427 4555 4553
f 4554 4428 4426
f 4556 4428 4554
f 4429 4555 4427
f 4429 4557 4555
f 4556 4430 4428
f 4558 4430 4556
f 4431 4557 4429
f 4431 4559 4557
f 4558 4432 4430
f 4560 4432 4558
f 4433 4559 4431
f 4433 4561 4559
f 4560 4434 4432
f 4562 4434 4560
f 4435 4561 4433
f 4435 4563 4561
f 4562 4436 4434
f 4564 4436 4562
f 4437 4563 4435
f 4437 4565 4563
f 4564 4438 4436
f 4566 4438 4564
f 4439 4565 4437
f 4439 4567 4565
f 4566 4440 4438
f 4568 4440 4566
f 4441 4567 4439
f 4441 4569 4567
f 4568 4442 4440
f 4570 4442 4568
f 4443 4569 4441
f 4443 4571 4569
f 4570 4444 4442
f 4572 4444 4570
f 4445 4571 4443
f 4445 4573 4571
f 4572 4446 4444
f 4574 4446 4572
f 4447 4573 4445
f 4447 4575 4573
f 4574 4448 4446
f 4576 4448 4574
f 4449 4575 4447
f 4449 4577 4575
f 4576 4450 4448
f 4578 4450 4576
f 4451 4577 4449
f 4451 4579 4577
f 4578 4452 4450
f 4580 4452 4578
f 4453 4579 4451
f 4453 4581 4579
f 4580 4454 4452
f 4582 4454 4580
f 4455 4581 4453
f 4455 4583 4581
f 4582 4456 4454
f 4584 4456 4582
f 4585 4583 4455
f 4585 4455 4457
f 4457 4458 4585
f 4585 4458 4586
f 4588 4587 4460
f 4460 4587 4459
f 4460 4456 4584
f 4460 4584 4588
f 4589 4586 4458
f 4589 4458 4461
f 4461 4462 4589
f 4589 4462 4590
f 4592 4591 4464
f 4464 4591 4463
f 4464 4459 4587
f 4464 4587 4592
f 4593 4590 4462
f 4593 4462 4465
f 4594 4465 4466
f 4594 4593 4465
f 4595 4466 4467
f 4595 4594 4466
f 4596 4467 4468
f 4596 4595 4467
f 4597 4468 4469
f 4597 4596 4468
f 4598 4469 4470
f 4598 4597 4469
f 4599 4470 4471
f 4599 4598 4470
f 4600 4471 4472
f 4600 4599 4471
f 4601 4472 4473
f 4601 4600 4472
f 4602 4473 4474
f 4602 4601 4473
f 4603 4474 4475
f 4603 4602 4474
f 4604 4475 4476
f 4604 4603 4475
f 4605 4476 4477
f 4605 4604 4476
f 4606 4477 4478
f 4606 4605 4477
f 4607 4478 4479
f 4607 4606 4478
f 4608 4479 4480
f 4608 4607 4479
f 4609 4480 4481
f 4609 4608 4480
f 4610 4481 4482
f 4610 4609 4481
f 4611 4482 4483
f 4611 4610 4482
f 4612 4483 4484
f 4612 4611 4483
f 4613 4484 4485
f 4613 4612 4484
f 4614 4485 4486
f 4614 4613 4485
f 4615 4486 4487
f 4615 4614 4486
f 4616 4487 4488
f 4616 4615 4487
f 4617 4488 4489
f 4617 4616 4488
f 4618 4489 4490
f 4618 4617 4489
f 4619 4490 4491
f 4619 4618 4490
f 4620 4491 4492
f 4620 4619 4491
f 4492 4463 4591
f 4492 4591 4620
f 4622 4621 4493
f 4622 4493 4494
f 4493 4623 4495
f 4621 4623 4493
f 4495 4624 4496
f 4623 4624 4495
f 4496 4625 4497
f 4624 4625 4496
f 4497 4626 4498
f 4625 4626 4497
f 4498 4627 4499
f 4626 4627 4498
f 4499 4628 4500
f 4627 4628 4499
f 4500 4629 4501
f 4628 4629 4500
f 4501 4630 4502
f 4629 4630 4501
f 4502 4631 4503
f 4630 4631 4502
f 4503 4632 4504
f 4631 4632 4503
f 4504 4633 4505
f 4632 4633 4504
f 4505 4634 4506
f 4633 4634 4505
f 4506 4635 4507
f 4634 4635 4506
f 4507 4636 4508
f 4635 4636 4507
f 4508 4637 4509
f 4636 4637 4508
f 4509 4638 4510
f 4637 4638 4509
f 4510 4639 4511
f 4638 4639 4510
f 4511 4640 4512
f 4639 4640 4511
f 4512 4641 4513
f 4640 4641 4512
f 4513 4642 4514
f 4641 4642 4513
f 4514 4643 4515
f 4642 4643 4514
f 4515 4644 4516
f 4643 4644 4515
f 4516 4645 4517
f 4644 4645 4516
f 4517 4646 4518
f 4645 4646 4517
f 4518 4647 4519
f 4646 4647 4518
f 4519 4648 4520
f 4647 4648 4519
f 4520 4649 4521
f 4648 4649 4520
f 4521 4650 4522
f 4649 4650 4521
f 4522 4651 4523
f 4650 4651 4522
f 4524 4523 4651
f 4524 4651 4652
f 4654 4653 4525
f 4654 4525 4526
f 4494 4525 4622
f 4622 4525 4653
f 4652 4655 4524
f 4524 4655 4527
f 4528 4527 4655
f 4528 4655 4656
f 4529 4654 4526
f 4529 4657 4654
f 4656 4530 4528
f 4658 4530 4656
f 4531 4657 4529
f 4531 4659 4657
f 4658 4532 4530
f 4660 4532 4658
f 4533 4659 4531
f 4533 4661 4659
f 4660 4534 4532
f 4662 4534 4660
f 4535 4661 4533
f 4535 4663 4661
f 4662 4536 4534
f 4664 4536 4662
f 4537 4663 4535
f 4537 4665 4663
f 4664 4538 4536
f 4666 4538 4664
f 4539 4665 4537
f 4539 4667 4665
f 4666 4540 4538
f 4668 4540 4666
f 4541 4667 4539
f 4541 4669 4667
f 4668 4542 4540
f 4670 4542 4668
f 4543 4669 4541
f 4543 4671 4669
f 4670 4544 4542
f 4672 4544 4670
f 4545 4671 4543
f 4545 4673 4671
f 4672 4546 4544
f 4674 4546 4672
f 4547 4673 4545
f 4547 4675 4673
f 4674 4548 4546
f 4676 4548 4674
f 4549 4675 4547
f 4549 4677 4675
f 4676 4550 4548
f 4678 4550 4676
f 4551 4677 4549
f 4551 4679 4677
f 4678 4552 4550
f 4680 4552 4678
f 4553 4679 4551
f 4553 4681 4679
f 4680 4554 4552
f 4682 4554 4680
f 4555 4681 4553
f 4555 4683 4681
f 4682 4556 4554
f 4684 4556 4682
f 4557 4683 4555
f 4557 4685 4683
f 4684 4558 4556
f 4686 4558 4684
f 4559 4685 4557
f 4559 4687 4685
f 4686 4560 4558
f 4688 4560 4686
f 4561 4687 4559
f 4561 4689 4687
f 4688 4562 4560
f 4690 4562 4688
f 4563 4689 4561
f 4563 4691 4689
f 4690 4564 4562
f 4692 4564 4690
f 4565 4691 4563
f 4565 4693 4691
f 4692 4566 4564
f 4694 4566 4692
f 4567 4693 4565
f 4567 4695 4693
f 4694 4568 4566
f 4696 4568 4694
f 4569 4695 4567
f 4569 4697 4695
f 4696 4570 4568
f 4698 4570 4696
f 4571 4697 4569
f 4571 4699 4697
f 4698 4572 4570
f 4700 4572 4698
f 4573 4699 4571
f 4573 4701 4699
f 4700 4574 4572
f 4702 4574 4700
f 4575 4701 4573
f 4575 4703 4701
f 4702 4576 4574
f 4704 4576 4702
f 4577 4703 4575
f 4577 4705 4703
f 4704 4578 4576
f 4706 4578 4704
f 4579 4705 4577
f 4579 4707 4705
f 4706 4580 4578
f 4708 4580 4706
f 4581 4707 4579
f 4581 4709 4707
f 4708 4582 4580
f 4710 4582 4708
f 4583 4709 4581
f 4583 4711 4709
f 4710 4584 4582
f 4712 4584 4710
f 4713 4711 4583
f 4713 4583 4585
f 4585 4586 4713
f 4713 4586 4714
f 4716 4715 4588
f 4588 4715 4587
f 4588 4584 4712
f 4588 4712 4716
f 4717 4714 4586
f 4717 4586 4589
f 4589 4590 4717
f 4717 4590 4718
f 4720 4719 4592
f 4592 4719 4591
f 4592 4587 4715
f 4592 4715 4720
f 4721 4718 4590
f 4721 4590 4593
f 4722 4593 4594
f 4722 4721 4593
f 4723 4594 4595
f 4723 4722 4594
f 4724 4595 4596
f 4724 4723 4595
f 4725 4596 4597
f 4725 4724 4596
f 4726 4597 4598
f 4726 4725 4597
f 4727 4598 4599
f 4727 4726 4598
f 4728 4599 4600
f 4728 4727 4599
f 4729 4600 4601
f 4729 4728 4600
f 4730 4601 4602
f 4730 4729 4601
f 4731 4602 4603
f 4731 4730 4602
f 4732 4603 4604
f 4732 4731 4603
f 4733 4604 4605
f 4733 4732 4604
f 4734 4605 4606
f 4734 4733 4605
f 4735 4606 4607
f 4735 4734 4606
f 4736 4607 4608
f 4736 4735 4607
f 4737 4608 4609
f 4737 4736 4608
f 4738 4609 4610
f 4738 4737 4609
f 4739 4610 4611
f 4739 4738 4610
f 4740 4611 4612
f 4740 4739 4611
f 4741 4612 4613
f 4741 4740 4612
f 4742 4613 4614
f 4742 4741 4613
f 4743 4614 4615
f 4743 4742 4614
f 4744 4615 4616
f 4744 4743 4615
f 4745 4616 4617
f 4745 4744 4616
f 4746 4617 4618
f 4746 4745 4617
f 4747 4618 4619
f 4747 4746 4618
f 4748 4619 4620
f 4748 4747 4619
f 4620 4591 4719
f 4620 4719 4748
f 4622 4749 4621
f 4621 4749 4750
f 4751 4621 4750
f 4623 4621 4751
f 4623 4752 4624
f 4751 4752 4623
f 4624 4753 4625
f 4752 4753 4624
f 4625 4754 4626
f 4753 4754 4625
f 4626 4755 4627
f 4754 4755 4626
f 4627 4756 4628
f 4755 4756 4627
f 4628 4757 4629
f 4756 4757 4628
f 4629 4758 4630
f 4757 4758 4629
f 4630 4759 4631
f 4758 4759 4630
f 4631 4760 4632
f 4759 4760 4631
f 4632 4761 4633
f 4760 4761 4632
f 4633 4762 4634
f 4761 4762 4633
f 4634 4763 4635
f 4762 4763 4634
f 4635 4764 4636
f 4763 4764 4635
f 4636 4765 4637
f 4764 4765 4636
f 4637 4766 4638
f 4765 4766 4637
f 4638 4767 4639
f 4766 4767 4638
f 4639 4768 4640
f 4767 4768 4639
f 4640 4769 4641
f 4768 4769 4640
f 4641 4770 4642
f 4769 4770 4641
f 4642 4771 4643
f 4770 4771 4642
f 4643 4772 4644
f 4771 4772 4643
f 4644 4773 4645
f 4772 4773 4644
f 4645 4774 4646
f 4773 4774 4645
f 4646 4775 4647
f 4774 4775 4646
f 4647 4776 4648
f 4775 4776 4647
f 4648 4777 4649
f 4776 4777 4648
f 4649 4778 4650
f 4777 4778 4649
f 4650 4779 4651
f 4778 4779 4650
f 4652 4651 4779
f 4652 4779 4780
f 4782 4781 4653
f 4782 4653 4654
f 4622 4653 4749
f 4653 4783 4749
f 4653 4781 4783
f 4749 4783 4750
f 4780 4784 4652
f 4652 4784 4655
f 4656 4655 4784
f 4656 4784 4785
f 4657 4782 4654
f 4657 4786 4782
f 4785 4658 4656
f 4787 4658 4785
f 4659 4786 4657
f 4659 4788 4786
f 4787 4660 4658
f 4789 4660 4787
f 4661 4788 4659
f 4661 4790 4788
f 4789 4662 4660
f 4791 4662 4789
f 4663 4790 4661
f 4663 4792 4790
f 4791 4664 4662
f 4793 4664 4791
f 4665 4792 4663
f 4665 4794 4792
f 4793 4666 4664
f 4795 4666 4793
f 4667 4794 4665
f 4667 4796 4794
f 4795 4668 4666
f 4797 4668 4795
f 4669 4796 4667
f 4669 4798 4796
f 4797 4670 4668
f 4799 4670 4797
f 4671 4798 4669
f 4671 4800 4798
f 4799 4672 4670
f 4801 4672 4799
f 4673 4800 4671
f 4673 4802 4800
f 4801 4674 4672
f 4803 4674 4801
f 4675 4802 4673
f 4675 4804 4802
f 4803 4676 4674
f 4805 4676 4803
f 4677 4804 4675
f 4677 4806 4804
f 4805 4678 4676
f 4807 4678 4805
f 4679 4806 4677
f 4679 4808 4806
f 4807 4680 4678
f 4809 4680 4807
f 4681 4808 4679
f 4681 4810 4808
f 4809 4682 4680
f 4811 4682 4809
f 4683 4810 4681
f 4683 4812 4810
f 4811 4684 4682
f 4813 4684 4811
f 4685 4812 4683
f 4685 4814 4812
f 4813 4686 4684
f 4815 4686 4813
f 4687 4814 4685
f 4687 4816 4814
f 4815 4688 4686
f 4817 4688 4815
f 4689 4816 4687
f 4689 4818 4816
f 4817 4690 4688
f 4819 4690 4817
f 4691 4818 4689
f 4691 4820 4818
f 4819 4692 4690
f 4821 4692 4819
f 4693 4820 4691
f 4693 4822 4820
f 4821 4694 4692
f 4823 4694 4821
f 4695 4822 4693
f 4695 4824 4822
f 4823 4696 4694
f 4825 4696 4823
f 4697 4824 4695
f 4697 4826 4824
f 4825 4698 4696
f 4827 4698 4825
f 4699 4826 4697
f 4699 4828 4826
f 4827 4700 4698
f 4829 4700 4827
f 4701 4828 4699
f 4701 4830 4828
f 4829 4702 4700
f 4831 4702 4829
f 4703 4830 4701
f 4703 4832 4830
f 4831 4704 4702
f 4833 4704 4831
f 4705 4832 4703
f 4705 4834 4832
f 4833 4706 4704
f 4835 4706 4833
f 4707 4834 4705
f 4707 4836 4834
f 4835 4708 4706
f 4837 4708 4835
f 4709 4836 4707
f 4709 4838 4836
f 4837 4710 4708
f 4839 4710 4837
f 4711 4841 4840
f 4838 4711 4840
f 4709 4711 4838
f 4841 4842 4840
f 4839 4712 4710
f 4843 4712 4839
f 4713 4841 4711
f 4713 4714 4841
f 4714 4842 4841
f 4714 4844 4842
f 4846 4845 4716
f 4716 4845 4715
f 4716 4712 4843
f 4716 4843 4846
f 4847 4844 4714
f 4847 4714 4717
f 4849 4848 4718
f 4848 4717 4718
f 4848 4847 4717
f 4849 4850 4848
f 4852 4851 4720
f 4720 4851 4719
f 4720 4715 4845
f 4720 4845 4852
f 4721 4849 4718
f 4853 4850 4849
f 4721 4853 4849
f 4722 4853 4721
f 4854 4722 4723
f 4854 4853 4722
f 4855 4723 4724
f 4855 4854 4723
f 4856 4724 4725
f 4856 4855 4724
f 4857 4725 4726
f 4857 4856 4725
f 4858 4726 4727
f 4858 4857 4726
f 4859 4727 4728
f 4859 4858 4727
f 4860 4728 4729
f 4860 4859 4728
f 4861 4729 4730
f 4861 4860 4729
f 4862 4730 4731
f 4862 4861 4730
f 4863 4731 4732
f 4863 4862 4731
f 4864 4732 4733
f 4864 4863 4732
f 4865 4733 4734
f 4865 4864 4733
f 4866 4734 4735
f 4866 4865 4734
f 4867 4735 4736
f 4867 4866 4735
f 4868 4736 4737
f 4868 4867 4736
f 4869 4737 4738
f 4869 4868 4737
f 4870 4738 4739
f 4870 4869 4738
f 4871 4739 4740
f 4871 4870 4739
f 4872 4740 4741
f 4872 4871 4740
f 4873 4741 4742
f 4873 4872 4741
f 4874 4742 4743
f 4874 4873 4742
f 4875 4743 4744
f 4875 4874 4743
f 4876 4744 4745
f 4876 4875 4744
f 4877 4745 4746
f 4877 4876 4745
f 4878 4746 4747
f 4878 4877 4746
f 4879 4747 4748
f 4879 4878 4747
f 4748 4719 4851
f 4748 4851 4879
f 4881 4880 4751
f 4881 4751 4750
f 4751 4882 4752
f 4880 4882 4751
f 4752 4883 4753
f 4882 4883 4752
f 4753 4884 4754
f 4883 4884 4753
f 4754 4885 4755
f 4884 4885 4754
f 4755 4886 4756
f 4885 4886 4755
f 4756 4887 4757
f 4886 4887 4756
f 4757 4888 4758
f 4887 4888 4757
f 4758 4889 4759
f 4888 4889 4758
f 4759 4890 4760
f 4889 4890 4759
f 4760 4891 4761
f 4890 4891 4760
f 4761 4892 4762
f 4891 4892 4761
f 4762 4893 4763
f 4892 4893 4762
f 4763 4894 4764
f 4893 4894 4763
f 4764 4895 4765
f 4894 4895 4764
f 4765 4896 4766
f 4895 4896 4765
f 4766 4897 4767
f 4896 4897 4766
f 4767 4898 4768
f 4897 4898 4767
f 4768 4899 4769
f 4898 4899 4768
f 4769 4900 4770
f 4899 4900 4769
f 4770 4901 4771
f 4900 4901 4770
f 4771 4902 4772
f 4901 4902 4771
f 4772 4903 4773
f 4902 4903 4772
f 4773 4904 4774
f 4903 4904 4773
f 4774 4905 4775
f 4904 4905 4774
f 4775 4906 4776
f 4905 4906 4775
f 4776 4907 4777
f 4906 4907 4776
f 4777 4908 4778
f 4907 4908 4777
f 4908 4910 4909
f 4779 4908 4909
f 4778 4908 4779
f 4909 4780 4779
f 4782 4911 4781
f 4781 4911 4912
f 4913 4781 4912
f 4783 4781 4913
f 4750 4783 4881
f 4881 4783 4913
f 4910 4914 4909
f 4909 4914 4780
f 4914 4784 4780
f 4914 4915 4784
f 4785 4784 4915
f 4785 4915 4916
f 4918 4917 4911
f 4782 4918 4911
f 4786 4918 4782
f 4911 4917 4912
f 4916 4787 4785
f 4919 4787 4916
f 4788 4918 4786
f 4788 4920 4918
f 4919 4789 4787
f 4921 4789 4919
f 4790 4920 4788
f 4790 4922 4920
f 4921 4791 4789
f 4923 4791 4921
f 4792 4922 4790
f 4792 4924 4922
f 4923 4793 4791
f 4925 4793 4923
f 4794 4924 4792
f 4794 4926 4924
f 4925 4795 4793
f 4927 4795 4925
f 4796 4926 4794
f 4796 4928 4926
f 4927 4797 4795
f 4929 4797 4927
f 4798 4928 4796
f 4798 4930 4928
f 4929 4799 4797
f 4931 4799 4929
f 4800 4930 4798
f 4800 4932 4930
f 4931 4801 4799
f 4933 4801 4931
f 4802 4932 4800
f 4802 4934 4932
f 4933 4803 4801
f 4935 4803 4933
f 4804 4934 4802
f 4804 4936 4934
f 4935 4805 4803
f 4937 4805 4935
f 4806 4936 4804
f 4806 4938 4936
f 4937 4807 4805
f 4939 4807 4937
f 4808 4938 4806
f 4808 4940 4938
f 4939 4809 4807
f 4941 4809 4939
f 4810 4940 4808
f 4810 4942 4940
f 4941 4811 4809
f 4943 4811 4941
f 4812 4942 4810
f 4812 4944 4942
f 4943 4813 4811
f 4945 4813 4943
f 4814 4944 4812
f 4814 4946 4944
f 4945 4815 4813
f 4947 4815 4945
f 4816 4946 4814
f 4816 4948 4946
f 4947 4817 4815
f 4949 4817 4947
f 4818 4948 4816
f 4818 4950 4948
f 4949 4819 4817
f 4951 4819 4949
f 4820 4950 4818
f 4820 4952 4950
f 4951 4821 4819
f 4953 4821 4951
f 4822 4952 4820
f 4822 4954 4952
f 4953 4823 4821
f 4955 4823 4953
f 4824 4957 4956
f 4954 4824 4956
f 4822 4824 4954
f 4957 4958 4956
f 4955 4825 4823
f 4959 4825 4955
f 4961 4960 4957
f 4824 4961 4957
f 4826 4961 4824
f 4957 4960 4958
f 4959 4827 4825
f 4962 4827 4959
f 4828 4961 4826
f 4828 4963 4961
f 4962 4829 4827
f 4964 4829 4962
f 4830 4963 4828
f 4830 4965 4963
f 4964 4831 4829
f 4966 4831 4964
f 4832 4965 4830
f 4832 4967 4965
f 4966 4833 4831
f 4968 4833 4966
f 4834 4967 4832
f 4834 4969 4967
f 4968 4835 4833
f 4970 4835 4968
f 4836 4969 4834
f 4836 4971 4969
f 4970 4837 4835
f 4972 4837 4970
f 4838 4974 4973
f 4971 4838 4973
f 4836 4838 4971
f 4974 4975 4973
f 4972 4839 4837
f 4976 4839 4972
f 4840 4974 4838
f 4840 4842 4974
f 4842 4975 4974
f 4842 4977 4975
f 4980 4979 4978
f 4976 4980 4978
f 4843 4976 4978
f 4839 4976 4843
f 4844 4982 4981
f 4977 4844 4981
f 4842 4844 4977
f 4982 4983 4981
f 4978 4979 4846
f 4979 4845 4846
f 4979 4984 4845
f 4978 4846 4843
f 4847 4982 4844
f 4985 4983 4982
f 4847 4985 4982
f 4848 4985 4847
f 4987 4986 4850
f 4986 4848 4850
f 4986 4985 4848
f 4987 4988 4986
f 4990 4989 4852
f 4852 4989 4851
f 4852 4845 4984
f 4852 4984 4990
f 4853 4987 4850
f 4991 4988 4987
f 4853 4991 4987
f 4854 4991 4853
f 4992 4854 4855
f 4992 4991 4854
f 4993 4855 4856
f 4993 4992 4855
f 4994 4856 4857
f 4994 4993 4856
f 4995 4857 4858
f 4995 4994 4857
f 4996 4858 4859
f 4996 4995 4858
f 4997 4859 4860
f 4997 4996 4859
f 4998 4860 4861
f 4998 4997 4860
f 4999 4861 4862
f 4999 4998 4861
f 5000 4862 4863
f 5000 4999 4862
f 5001 4863 4864
f 5001 5000 4863
f 5002 4864 4865
f 5002 5001 4864
f 5003 4865 4866
f 5003 5002 4865
f 5004 4866 4867
f 5004 5003 4866
f 5005 4867 4868
f 5005 5004 4867
f 5006 4868 4869
f 5006 5005 4868
f 5007 4869 4870
f 5007 5006 4869
f 5008 4870 4871
f 5008 5007 4870
f 5009 4871 4872
f 5009 5008 4871
f 5010 4872 4873
f 5010 5009 4872
f 5011 4873 4874
f 5011 5010 4873
f 5012 4874 4875
f 5012 5011 4874
f 5013 4875 4876
f 5013 5012 4875
f 5014 4876 4877
f 5014 5013 4876
f 5015 4877 4878
f 5015 5014 4877
f 5016 4878 4879
f 5016 5015 4878
f 4879 4851 4989
f 4879 4989 5016
f 4881 5017 4880
f 4880 5017 5018
f 5019 4880 5018
f 4882 4880 5019
f 4882 5020 4883
f 5019 5020 4882
f 4883 5021 4884
f 5020 5021 4883
f 4884 5022 4885
f 5021 5022 4884
f 4885 5023 4886
f 5022 5023 4885
f 4886 5024 4887
f 5023 5024 4886
f 4887 5025 4888
f 5024 5025 4887
f 4888 5026 4889
f 5025 5026 4888
f 4889 5027 4890
f 5026 5027 4889
f 4890 5028 4891
f 5027 5028 4890
f 4891 5029 4892
f 5028 5029 4891
f 4892 5030 4893
f 5029 5030 4892
f 4893 5031 4894
f 5030 5031 4893
f 4894 5032 4895
f 5031 5032 4894
f 4895 5033 4896
f 5032 5033 4895
f 4896 5034 4897
f 5033 5034 4896
f 4897 5035 4898
f 5034 5035 4897
f 4898 5036 4899
f 5035 5036 4898
f 4899 5037 4900
f 5036 5037 4899
f 4900 5038 4901
f 5037 5038 4900
f 4901 5039 4902
f 5038 5039 4901
f 4902 5040 4903
f 5039 5040 4902
f 4903 5041 4904
f 5040 5041 4903
f 4904 5042 4905
f 5041 5042 4904
f 4905 5043 4906
f 5042 5043 4905
f 4906 5044 4907
f 5043 5044 4906
f 5044 5046 5045
f 4908 5044 5045
f 4907 5044 4908
f 5045 4910 4908
f 5048 5047 4913
f 5048 4913 4912
f 4881 4913 5017
f 4913 5049 5017
f 4913 5047 5049
f 5017 5049 5018
f 5046 5050 5045
f 5045 5050 4910
f 5050 4914 4910
f 5050 5051 4914
f 5051 5053 5052
f 4915 5051 5052
f 4914 5051 4915
f 5052 4916 4915
f 4918 5054 4917
f 5054 5055 4917
f 5055 4912 4917
f 5055 5048 4912
f 5052 5053 5056
f 5056 5053 5057
f 5056 4919 4916
f 5056 4916 5052
f 5059 5058 5054
f 4918 5059 5054
f 4920 5059 4918
f 5054 5058 5055
f 5057 5060 5056
f 4919 5056 5060
f 5061 4919 5060
f 4921 4919 5061
f 4922 5063 5062
f 5059 4922 5062
f 4920 4922 5059
f 5063 5064 5062
f 5061 4923 4921
f 5065 4923 5061
f 4924 5066 5063
f 4924 5063 4922
f 5064 5063 5067
f 5067 5063 5066
f 5065 4925 4923
f 5068 4925 5065
f 4926 5069 5066
f 4926 5066 4924
f 5067 5066 5070
f 5070 5066 5069
f 5068 4927 4925
f 5071 4927 5068
f 4928 5072 5069
f 4928 5069 4926
f 5070 5069 5073
f 5073 5069 5072
f 5071 4929 4927
f 5074 4929 5071
f 4930 5075 5072
f 4930 5072 4928
f 5073 5072 5076
f 5076 5072 5075
f 5074 4931 4929
f 5077 4931 5074
f 4932 5078 5075
f 4932 5075 4930
f 5076 5075 5079
f 5079 5075 5078
f 5077 4933 4931
f 5080 4933 5077
f 4934 5081 5078
f 4934 5078 4932
f 5079 5078 5082
f 5082 5078 5081
f 5080 4935 4933
f 5083 4935 5080
f 4936 5084 5081
f 4936 5081 4934
f 5082 5081 5085
f 5085 5081 5084
f 5088 5087 5086
f 5083 5088 5086
f 4937 5083 5086
f 4935 5083 4937
f 4938 5089 5084
f 4938 5084 4936
f 5085 5084 5090
f 5090 5084 5089
f 5086 5087 5091
f 5091 5087 5092
f 5091 4939 4937
f 5091 4937 5086
f 5094 5093 5089
f 4938 5094 5089
f 4940 5094 4938
f 5089 5093 5090
f 5091 5092 5095
f 5095 5092 5096
f 5095 4941 4939
f 5095 4939 5091
f 4942 5094 4940
f 4942 5097 5094
f 5095 5096 5098
f 5098 5096 5099
f 5098 4943 4941
f 5098 4941 5095
f 4944 5097 4942
f 4944 5100 5097
f 5098 5099 5101
f 5101 5099 5102
f 5101 4945 4943
f 5101 4943 5098
f 4946 5100 4944
f 4946 5103 5100
f 5101 5102 5104
f 5104 5102 5105
f 5104 4947 4945
f 5104 4945 5101
f 4948 5107 5106
f 5103 4948 5106
f 4946 4948 5103
f 5107 5108 5106
f 5104 5105 5109
f 5109 5105 5110
f 5109 4949 4947
f 5109 4947 5104
f 4950 5111 5107
f 4950 5107 4948
f 5108 5107 5112
f 5112 5107 5111
f 5110 5113 5109
f 4949 5109 5113
f 5114 4949 5113
f 4951 4949 5114
f 4952 5115 5111
f 4952 5111 4950
f 5112 5111 5116
f 5116 5111 5115
f 5114 4953 4951
f 5117 4953 5114
f 4954 5118 5115
f 4954 5115 4952
f 5116 5115 5119
f 5119 5115 5118
f 5117 4955 4953
f 5120 4955 5117
f 4956 5118 4954
f 4956 4958 5118
f 4958 5119 5118
f 4958 5121 5119
f 5120 4959 4955
f 5122 4959 5120
f 4961 5123 4960
f 5123 5124 4960
f 5124 4958 4960
f 5124 5121 4958
f 5122 4962 4959
f 5125 4962 5122
f 4963 5126 5123
f 4963 5123 4961
f 5124 5123 5127
f 5127 5123 5126
f 5125 4964 4962
f 5128 4964 5125
f 5130 5129 5126
f 4963 5130 5126
f 4965 5130 4963
f 5126 5129 5127
f 5128 4966 4964
f 5131 4966 5128
f 4967 5130 4965
f 4967 5132 5130
f 5131 4968 4966
f 5133 4968 5131
f 4969 5135 5134
f 5132 4969 5134
f 4967 4969 5132
f 5135 5136 5134
f 5133 4970 4968
f 5137 4970 5133
f 4971 5138 5135
f 4971 5135 4969
f 5136 5135 5139
f 5139 5135 5138
f 5142 5141 5140
f 5137 5142 5140
f 4972 5137 5140
f 4970 5137 4972
f 4973 5138 4971
f 4973 4975 5138
f 4975 5139 5138
f 4975 5143 5139
f 5140 5141 5144
f 5144 5141 5145
f 5144 4976 4972
f 5144 4972 5140
f 4977 5147 5146
f 5143 4977 5146
f 4975 4977 5143
f 5147 5148 5146
f 5144 5145 4980
f 5145 4979 4980
f 5145 5149 4979
f 5144 4980 4976
f 4981 5147 4977
f 5151 5150 4983
f 4983 5150 4981
f 5150 5148 4981
f 5148 5147 4981
f 5151 5152 5150
f 5149 4984 4979
f 5153 4984 5149
f 4985 5151 4983
f 5154 5152 5151
f 4985 5154 5151
f 4986 5154 4985
f 5156 5155 4988
f 5155 4986 4988
f 5155 5154 4986
f 5158 5157 5156
f 5156 5157 5155
f 5160 5159 5158
f 5158 5159 5157
f 5162 5161 5160
f 5160 5161 5159
f 5164 5163 5162
f 5162 5163 5161
f 5166 5165 5164
f 5164 5165 5163
f 5168 5167 5166
f 5166 5167 5165
f 5170 5169 5168
f 5168 5169 5167
f 5172 5171 5170
f 5170 5171 5169
f 5174 5173 5172
f 5172 5173 5171
f 5176 5175 5174
f 5174 5175 5173
f 5178 5177 5176
f 5176 5177 5175
f 5180 5179 5178
f 5178 5179 5177
f 5180 5181 5179
f 5184 5183 5182
f 4989 4990 5182
f 4990 5184 5182
f 4990 5185 5184
f 4990 4984 5153
f 4990 5153 5185
f 4991 5156 4988
f 5156 4991 4992
f 5156 4992 5158
f 5158 4992 4993
f 5158 4993 5160
f 5160 4993 4994
f 5160 4994 5162
f 5162 4994 4995
f 5162 4995 5164
f 5164 4995 4996
f 5164 4996 5166
f 5166 4996 4997
f 5166 4997 5168
f 5168 4997 4998
f 5168 4998 5170
f 5170 4998 4999
f 5170 4999 5172
f 5172 4999 5000
f 5172 5000 5174
f 5174 5000 5001
f 5174 5001 5176
f 5176 5001 5002
f 5176 5002 5178
f 5178 5002 5003
f 5178 5003 5180
f 5186 5181 5180
f 5003 5186 5180
f 5004 5186 5003
f 5187 5004 5005
f 5187 5186 5004
f 5188 5005 5006
f 5188 5187 5005
f 5189 5006 5007
f 5189 5188 5006
f 5190 5007 5008
f 5190 5189 5007
f 5191 5008 5009
f 5191 5190 5008
f 5192 5009 5010
f 5192 5191 5009
f 5193 5010 5011
f 5193 5192 5010
f 5194 5011 5012
f 5194 5193 5011
f 5195 5012 5013
f 5195 5194 5012
f 5196 5013 5014
f 5196 5195 5013
f 5197 5014 5015
f 5197 5196 5014
f 5016 5182 5183
f 5197 5016 5183
f 5015 5016 5197
f 5182 5016 4989
f 5018 5198 5019
f 5199 5020 5019
f 5199 5019 5198
f 5200 5021 5020
f 5200 5020 5199
f 5201 5022 5021
f 5201 5021 5200
f 5202 5023 5022
f 5202 5022 5201
f 5203 5024 5023
f 5203 5023 5202
f 5204 5025 5024
f 5204 5024 5203
f 5205 5026 5025
f 5205 5025 5204
f 5206 5027 5026
f 5206 5026 5205
f 5207 5028 5027
f 5207 5027 5206
f 5208 5029 5028
f 5208 5028 5207
f 5209 5030 5029
f 5209 5029 5208
f 5210 5031 5030
f 5210 5030 5209
f 5211 5032 5031
f 5211 5031 5210
f 5212 5033 5032
f 5212 5032 5211
f 5213 5034 5033
f 5213 5033 5212
f 5214 5035 5034
f 5214 5034 5213
f 5215 5036 5035
f 5215 5035 5214
f 5216 5037 5036
f 5216 5036 5215
f 5217 5038 5037
f 5217 5037 5216
f 5218 5039 5038
f 5218 5038 5217
f 5219 5040 5039
f 5219 5039 5218
f 5220 5041 5040
f 5220 5040 5219
f 5221 5042 5041
f 5221 5041 5220
f 5222 5043 5042
f 5222 5042 5221
f 5223 5044 5043
f 5223 5043 5222
f 5223 5046 5044
f 5048 5224 5047
f 5225 5049 5047
f 5225 5047 5224
f 5198 5018 5049
f 5225 5198 5049
f 5226 5198 5225
f 5228 5199 5227
f 5199 5226 5227
f 5199 5198 5226
f 5199 5228 5200
f 5200 5228 5229
f 5200 5229 5201
f 5201 5229 5230
f 5201 5230 5202
f 5202 5230 5231
f 5202 5231 5203
f 5203 5231 5232
f 5234 5233 5232
f 5233 5203 5232
f 5233 5204 5203
f 5204 5235 5205
f 5204 5233 5235
f 5205 5236 5206
f 5205 5235 5236
f 5206 5237 5207
f 5206 5236 5237
f 5207 5238 5208
f 5207 5237 5238
f 5208 5239 5209
f 5208 5238 5239
f 5209 5240 5210
f 5209 5239 5240
f 5210 5241 5211
f 5210 5240 5241
f 5211 5242 5212
f 5211 5241 5242
f 5212 5243 5213
f 5212 5242 5243
f 5213 5244 5214
f 5213 5243 5244
f 5214 5245 5215
f 5214 5244 5245
f 5215 5246 5216
f 5215 5245 5246
f 5216 5247 5217
f 5216 5246 5247
f 5249 5218 5248
f 5218 5247 5248
f 5218 5217 5247
f 5218 5249 5219
f 5219 5249 5250
f 5219 5250 5220
f 5220 5250 5251
f 5220 5251 5221
f 5221 5251 5252
f 5221 5252 5222
f 5222 5252 5253
f 5222 5253 5223
f 5223 5253 5254
f 5254 5256 5255
f 5254 5255 5050
f 5223 5254 5050
f 5046 5223 5050
f 5257 5051 5050
f 5257 5050 5255
f 5257 5053 5051
f 5055 5258 5224
f 5055 5224 5048
f 5260 5225 5259
f 5225 5258 5259
f 5225 5224 5258
f 5225 5260 5226
f 5226 5260 5261
f 5226 5261 5227
f 5234 5262 5233
f 5233 5262 5235
f 5235 5262 5263
f 5235 5263 5236
f 5236 5263 5264
f 5236 5264 5237
f 5237 5264 5265
f 5237 5265 5238
f 5238 5265 5266
f 5238 5266 5239
f 5239 5266 5267
f 5239 5267 5240
f 5240 5267 5268
f 5240 5268 5241
f 5241 5268 5269
f 5241 5269 5242
f 5242 5269 5270
f 5242 5270 5243
f 5243 5270 5271
f 5243 5271 5244
f 5244 5271 5272
f 5244 5272 5245
f 5245 5272 5273
f 5245 5273 5246
f 5246 5273 5274
f 5246 5274 5247
f 5247 5274 5275
f 5247 5275 5248
f 5256 5276 5255
f 5278 5277 5276
f 5277 5255 5276
f 5277 5257 5255
f 5277 5057 5053
f 5277 5053 5257
f 5059 5279 5058
f 5258 5055 5058
f 5279 5258 5058
f 5280 5258 5279
f 5259 5258 5281
f 5281 5258 5280
f 5277 5278 5282
f 5282 5278 5283
f 5284 5060 5057
f 5277 5284 5057
f 5282 5284 5277
f 5284 5061 5060
f 5062 5279 5059
f 5279 5062 5064
f 5285 5279 5064
f 5280 5279 5285
f 5281 5280 5286
f 5286 5280 5285
f 5283 5287 5282
f 5289 5288 5287
f 5288 5282 5287
f 5288 5284 5282
f 5288 5065 5061
f 5288 5061 5284
f 5291 5290 5285
f 5064 5291 5285
f 5067 5291 5064
f 5285 5290 5286
f 5288 5289 5292
f 5292 5289 5293
f 5292 5068 5065
f 5292 5065 5288
f 5070 5295 5294
f 5291 5070 5294
f 5067 5070 5291
f 5295 5296 5294
f 5292 5293 5297
f 5297 5293 5298
f 5297 5071 5068
f 5297 5068 5292
f 5073 5299 5295
f 5073 5295 5070
f 5296 5295 5300
f 5300 5295 5299
f 5297 5298 5301
f 5301 5298 5302
f 5301 5074 5071
f 5301 5071 5297
f 5076 5303 5299
f 5076 5299 5073
f 5300 5299 5304
f 5304 5299 5303
f 5301 5302 5305
f 5305 5302 5306
f 5305 5077 5074
f 5305 5074 5301
f 5079 5307 5303
f 5079 5303 5076
f 5304 5303 5308
f 5308 5303 5307
f 5305 5306 5309
f 5309 5306 5310
f 5309 5080 5077
f 5309 5077 5305
f 5082 5311 5307
f 5082 5307 5079
f 5308 5307 5312
f 5312 5307 5311
f 5309 5310 5313
f 5313 5310 5314
f 5313 5083 5080
f 5313 5080 5309
f 5085 5315 5311
f 5085 5311 5082
f 5312 5311 5316
f 5316 5311 5315
f 5313 5314 5088
f 5314 5087 5088
f 5314 5317 5087
f 5313 5088 5083
f 5319 5318 5315
f 5085 5319 5315
f 5090 5319 5085
f 5315 5318 5316
f 5317 5092 5087
f 5320 5092 5317
f 5094 5321 5093
f 5319 5090 5322
f 5090 5321 5322
f 5321 5323 5322
f 5090 5093 5321
f 5323 5324 5322
f 5327 5326 5325
f 5320 5327 5325
f 5096 5320 5325
f 5092 5320 5096
f 5097 5328 5321
f 5097 5321 5094
f 5321 5329 5323
f 5321 5328 5329
f 5324 5323 5330
f 5330 5323 5329
f 5325 5326 5331
f 5331 5326 5332
f 5331 5099 5096
f 5331 5096 5325
f 5100 5333 5328
f 5100 5328 5097
f 5328 5334 5329
f 5328 5333 5334
f 5330 5329 5335
f 5335 5329 5334
f 5332 5336 5331
f 5099 5331 5336
f 5337 5099 5336
f 5102 5099 5337
f 5103 5338 5333
f 5103 5333 5100
f 5333 5339 5334
f 5333 5338 5339
f 5335 5334 5340
f 5340 5334 5339
f 5337 5105 5102
f 5341 5105 5337
f 5106 5338 5103
f 5338 5106 5108
f 5342 5338 5108
f 5339 5338 5342
f 5340 5339 5343
f 5343 5339 5342
f 5341 5110 5105
f 5344 5110 5341
f 5112 5345 5342
f 5112 5342 5108
f 5343 5342 5346
f 5346 5342 5345
f 5113 5110 5347
f 5110 5348 5347
f 5110 5344 5348
f 5347 5114 5113
f 5116 5349 5345
f 5116 5345 5112
f 5346 5345 5350
f 5350 5345 5349
f 5347 5348 5351
f 5351 5348 5352
f 5351 5117 5114
f 5351 5114 5347
f 5119 5353 5349
f 5119 5349 5116
f 5350 5349 5354
f 5354 5349 5353
f 5351 5352 5355
f 5355 5352 5356
f 5355 5120 5117
f 5355 5117 5351
f 5121 5357 5353
f 5121 5353 5119
f 5354 5353 5358
f 5358 5353 5357
f 5355 5356 5359
f 5359 5356 5360
f 5359 5122 5120
f 5359 5120 5355
f 5124 5361 5357
f 5124 5357 5121
f 5358 5357 5362
f 5362 5357 5361
f 5359 5360 5363
f 5363 5360 5364
f 5363 5125 5122
f 5363 5122 5359
f 5127 5365 5361
f 5127 5361 5124
f 5362 5361 5366
f 5366 5361 5365
f 5363 5364 5367
f 5367 5364 5368
f 5367 5128 5125
f 5367 5125 5363
f 5130 5369 5129
f 5369 5370 5129
f 5129 5370 5127
f 5370 5371 5127
f 5371 5365 5127
f 5365 5371 5366
f 5367 5368 5372
f 5372 5368 5373
f 5372 5131 5128
f 5372 5128 5367
f 5132 5374 5369
f 5132 5369 5130
f 5370 5369 5375
f 5375 5369 5374
f 5372 5373 5376
f 5376 5373 5377
f 5376 5133 5131
f 5376 5131 5372
f 5134 5374 5132
f 5379 5378 5136
f 5136 5378 5134
f 5378 5375 5134
f 5375 5374 5134
f 5379 5380 5378
f 5376 5377 5381
f 5381 5377 5382
f 5381 5137 5133
f 5381 5133 5376
f 5139 5383 5379
f 5139 5379 5136
f 5380 5379 5384
f 5384 5379 5383
f 5387 5386 5385
f 5387 5385 5382
f 5382 5385 5381
f 5385 5141 5381
f 5141 5142 5381
f 5381 5142 5137
f 5143 5388 5383
f 5143 5383 5139
f 5384 5383 5389
f 5383 5390 5389
f 5383 5388 5390
f 5390 5391 5389
f 5385 5386 5392
f 5392 5386 5393
f 5392 5145 5141
f 5392 5141 5385
f 5146 5388 5143
f 5388 5146 5148
f 5394 5388 5148
f 5390 5388 5394
f 5391 5390 5395
f 5390 5396 5395
f 5390 5394 5396
f 5396 5397 5395
f 5392 5393 5398
f 5398 5393 5399
f 5398 5149 5145
f 5398 5145 5392
f 5150 5394 5148
f 5394 5150 5152
f 5400 5394 5152
f 5396 5394 5400
f 5397 5396 5401
f 5396 5402 5401
f 5396 5400 5402
f 5404 5403 5402
f 5402 5403 5401
f 5406 5405 5404
f 5404 5405 5403
f 5408 5407 5406
f 5406 5407 5405
f 5410 5409 5408
f 5408 5409 5407
f 5410 5411 5409
f 5414 5413 5412
f 5416 5415 5412
f 5412 5415 5414
f 5418 5417 5416
f 5416 5417 5415
f 5420 5419 5418
f 5418 5419 5417
f 5422 5421 5420
f 5420 5421 5419
f 5424 5423 5422
f 5422 5423 5421
f 5426 5425 5424
f 5424 5425 5423
f 5428 5427 5426
f 5426 5427 5425
f 5430 5429 5428
f 5428 5429 5427
f 5432 5431 5430
f 5430 5431 5429
f 5434 5433 5432
f 5432 5433 5431
f 5436 5435 5434
f 5434 5435 5433
f 5438 5437 5436
f 5436 5437 5435
f 5440 5439 5438
f 5438 5439 5437
f 5442 5441 5440
f 5440 5441 5439
f 5442 5443 5441
f 5446 5445 5444
f 5448 5447 5444
f 5444 5447 5446
f 5447 5448 5399
f 5448 5398 5399
f 5448 5449 5398
f 5449 5153 5149
f 5449 5149 5398
f 5154 5400 5152
f 5400 5154 5155
f 5400 5155 5402
f 5402 5155 5157
f 5402 5157 5404
f 5404 5157 5159
f 5404 5159 5406
f 5406 5159 5161
f 5406 5161 5408
f 5408 5161 5163
f 5408 5163 5410
f 5450 5411 5410
f 5163 5450 5410
f 5165 5450 5163
f 5167 5412 5413
f 5450 5167 5413
f 5165 5167 5450
f 5412 5167 5169
f 5412 5169 5416
f 5416 5169 5171
f 5416 5171 5418
f 5418 5171 5173
f 5418 5173 5420
f 5420 5173 5175
f 5420 5175 5422
f 5422 5175 5177
f 5422 5177 5424
f 5424 5177 5179
f 5424 5179 5426
f 5426 5179 5181
f 5451 5426 5181
f 5428 5426 5451
f 5428 5452 5430
f 5428 5451 5452
f 5430 5453 5432
f 5430 5452 5453
f 5432 5454 5434
f 5432 5453 5454
f 5434 5455 5436
f 5434 5454 5455
f 5436 5456 5438
f 5436 5455 5456
f 5438 5457 5440
f 5438 5456 5457
f 5440 5458 5442
f 5440 5457 5458
f 5443 5442 5459
f 5442 5460 5459
f 5442 5458 5460
f 5462 5461 5460
f 5460 5461 5459
f 5464 5463 5462
f 5462 5463 5461
f 5463 5464 5445
f 5464 5444 5445
f 5464 5465 5444
f 5465 5183 5184
f 5448 5465 5184
f 5444 5465 5448
f 5448 5184 5185
f 5448 5185 5449
f 5449 5185 5153
f 5186 5451 5181
f 5451 5186 5187
f 5451 5187 5452
f 5452 5187 5188
f 5452 5188 5453
f 5453 5188 5189
f 5453 5189 5454
f 5454 5189 5190
f 5454 5190 5455
f 5455 5190 5191
f 5455 5191 5456
f 5456 5191 5192
f 5456 5192 5457
f 5457 5192 5193
f 5457 5193 5458
f 5458 5193 5194
f 5458 5194 5460
f 5460 5194 5195
f 5460 5195 5462
f 5462 5195 5196
f 5462 5196 5464
f 5464 5196 5197
f 5464 5197 5465
f 5465 5197 5183
f 5227 5466 5228
f 5467 5229 5228
f 5467 5228 5466
f 5468 5230 5229
f 5468 5229 5467
f 5469 5231 5230
f 5469 5230 5468
f 5470 5232 5231
f 5470 5231 5469
f 5470 5234 5232
f 5248 5471 5249
f 5472 5250 5249
f 5472 5249 5471
f 5473 5251 5250
f 5473 5250 5472
f 5474 5252 5251
f 5474 5251 5473
f 5475 5253 5252
f 5475 5252 5474
f 5476 5254 5253
f 5476 5253 5475
f 5476 5256 5254
f 5259 5477 5260
f 5478 5261 5260
f 5478 5260 5477
f 5466 5227 5261
f 5478 5466 5261
f 5479 5466 5478
f 5466 5480 5467
f 5466 5479 5480
f 5467 5481 5468
f 5467 5480 5481
f 5468 5482 5469
f 5468 5481 5482
f 5469 5483 5470
f 5469 5482 5483
f 5484 5262 5234
f 5470 5484 5234
f 5483 5484 5470
f 5485 5263 5262
f 5485 5262 5484
f 5486 5264 5263
f 5486 5263 5485
f 5487 5265 5264
f 5487 5264 5486
f 5488 5266 5265
f 5488 5265 5487
f 5489 5267 5266
f 5489 5266 5488
f 5490 5268 5267
f 5490 5267 5489
f 5491 5269 5268
f 5491 5268 5490
f 5492 5270 5269
f 5492 5269 5491
f 5493 5271 5270
f 5493 5270 5492
f 5494 5272 5271
f 5494 5271 5493
f 5495 5273 5272
f 5495 5272 5494
f 5496 5274 5273
f 5496 5273 5495
f 5497 5275 5274
f 5497 5274 5496
f 5471 5248 5275
f 5497 5471 5275
f 5498 5471 5497
f 5471 5499 5472
f 5471 5498 5499
f 5472 5500 5473
f 5472 5499 5500
f 5473 5501 5474
f 5473 5500 5501
f 5474 5502 5475
f 5474 5501 5502
f 5475 5503 5476
f 5475 5502 5503
f 5504 5276 5256
f 5476 5504 5256
f 5503 5504 5476
f 5504 5278 5276
f 5281 5505 5477
f 5281 5477 5259
f 5477 5506 5478
f 5477 5505 5506
f 5478 5507 5479
f 5478 5506 5507
f 5479 5508 5480
f 5479 5507 5508
f 5480 5509 5481
f 5480 5508 5509
f 5481 5510 5482
f 5481 5509 5510
f 5482 5511 5483
f 5482 5510 5511
f 5483 5512 5484
f 5483 5511 5512
f 5484 5513 5485
f 5484 5512 5513
f 5485 5514 5486
f 5485 5513 5514
f 5486 5515 5487
f 5486 5514 5515
f 5487 5516 5488
f 5487 5515 5516
f 5488 5517 5489
f 5488 5516 5517
f 5489 5518 5490
f 5489 5517 5518
f 5490 5519 5491
f 5490 5518 5519
f 5491 5520 5492
f 5491 5519 5520
f 5492 5521 5493
f 5492 5520 5521
f 5493 5522 5494
f 5493 5521 5522
f 5494 5523 5495
f 5494 5522 5523
f 5495 5524 5496
f 5495 5523 5524
f 5496 5525 5497
f 5496 5524 5525
f 5497 5526 5498
f 5497 5525 5526
f 5498 5527 5499
f 5498 5526 5527
f 5499 5528 5500
f 5499 5527 5528
f 5500 5529 5501
f 5500 5528 5529
f 5501 5530 5502
f 5501 5529 5530
f 5502 5531 5503
f 5502 5530 5531
f 5503 5532 5504
f 5503 5531 5532
f 5532 5283 5278
f 5532 5278 5504
f 5286 5533 5505
f 5286 5505 5281
f 5505 5534 5506
f 5505 5533 5534
f 5506 5535 5507
f 5506 5534 5535
f 5507 5536 5508
f 5507 5535 5536
f 5508 5537 5509
f 5508 5536 5537
f 5509 5538 5510
f 5509 5537 5538
f 5510 5539 5511
f 5510 5538 5539
f 5511 5540 5512
f 5511 5539 5540
f 5512 5541 5513
f 5512 5540 5541
f 5513 5542 5514
f 5513 5541 5542
f 5514 5543 5515
f 5514 5542 5543
f 5515 5544 5516
f 5515 5543 5544
f 5516 5545 5517
f 5516 5544 5545
f 5517 5546 5518
f 5517 5545 5546
f 5518 5547 5519
f 5518 5546 5547
f 5519 5548 5520
f 5519 5547 5548
f 5520 5549 5521
f 5520 5548 5549
f 5521 5550 5522
f 5521 5549 5550
f 5522 5551 5523
f 5522 5550 5551
f 5523 5552 5524
f 5523 5551 5552
f 5524 5553 5525
f 5524 5552 5553
f 5525 5554 5526
f 5525 5553 5554
f 5526 5555 5527
f 5526 5554 5555
f 5527 5556 5528
f 5527 5555 5556
f 5528 5557 5529
f 5528 5556 5557
f 5529 5558 5530
f 5529 5557 5558
f 5530 5559 5531
f 5530 5558 5559
f 5531 5560 5532
f 5531 5559 5560
f 5561 5287 5283
f 5532 5561 5283
f 5560 5561 5532
f 5561 5289 5287
f 5291 5562 5290
f 5533 5286 5290
f 5562 5533 5290
f 5563 5533 5562
f 5533 5564 5534
f 5533 5563 5564
f 5534 5565 5535
f 5534 5564 5565
f 5535 5566 5536
f 5535 5565 5566
f 5536 5567 5537
f 5536 5566 5567
f 5537 5568 5538
f 5537 5567 5568
f 5538 5569 5539
f 5538 5568 5569
f 5539 5570 5540
f 5539 5569 5570
f 5540 5571 5541
f 5540 5570 5571
f 5541 5572 5542
f 5541 5571 5572
f 5542 5573 5543
f 5542 5572 5573
f 5543 5574 5544
f 5543 5573 5574
f 5544 5575 5545
f 5544 5574 5575
f 5545 5576 5546
f 5545 5575 5576
f 5546 5577 5547
f 5546 5576 5577
f 5547 5578 5548
f 5547 5577 5578
f 5548 5579 5549
f 5548 5578 5579
f 5549 5580 5550
f 5549 5579 5580
f 5550 5581 5551
f 5550 5580 5581
f 5551 5582 5552
f 5551 5581 5582
f 5552 5583 5553
f 5552 5582 5583
f 5553 5584 5554
f 5553 5583 5584
f 5554 5585 5555
f 5554 5584 5585
f 5555 5586 5556
f 5555 5585 5586
f 5556 5587 5557
f 5556 5586 5587
f 5557 5588 5558
f 5557 5587 5588
f 5558 5589 5559
f 5558 5588 5589
f 5559 5590 5560
f 5559 5589 5590
f 5560 5591 5561
f 5560 5590 5591
f 5591 5293 5289
f 5591 5289 5561
f 5294 5562 5291
f 5562 5294 5296
f 5592 5562 5296
f 5563 5562 5592
f 5563 5593 5564
f 5563 5592 5593
f 5564 5594 5565
f 5564 5593 5594
f 5565 5595 5566
f 5565 5594 5595
f 5566 5596 5567
f 5566 5595 5596
f 5567 5597 5568
f 5567 5596 5597
f 5568 5598 5569
f 5568 5597 5598
f 5569 5599 5570
f 5569 5598 5599
f 5570 5600 5571
f 5570 5599 5600
f 5571 5601 5572
f 5571 5600 5601
f 5572 5602 5573
f 5572 5601 5602
f 5573 5603 5574
f 5573 5602 5603
f 5574 5604 5575
f 5574 5603 5604
f 5575 5605 5576
f 5575 5604 5605
f 5576 5606 5577
f 5576 5605 5606
f 5577 5607 5578
f 5577 5606 5607
f 5578 5608 5579
f 5578 5607 5608
f 5579 5609 5580
f 5579 5608 5609
f 5580 5610 5581
f 5580 5609 5610
f 5581 5611 5582
f 5581 5610 5611
f 5582 5612 5583
f 5582 5611 5612
f 5583 5613 5584
f 5583 5612 5613
f 5584 5614 5585
f 5584 5613 5614
f 5585 5615 5586
f 5585 5614 5615
f 5586 5616 5587
f 5586 5615 5616
f 5587 5617 5588
f 5587 5616 5617
f 5588 5618 5589
f 5588 5617 5618
f 5589 5619 5590
f 5589 5618 5619
f 5590 5620 5591
f 5590 5619 5620
f 5620 5298 5293
f 5620 5293 5591
f 5300 5621 5592
f 5300 5592 5296
f 5592 5622 5593
f 5592 5621 5622
f 5593 5623 5594
f 5593 5622 5623
f 5594 5624 5595
f 5594 5623 5624
f 5595 5625 5596
f 5595 5624 5625
f 5596 5626 5597
f 5596 5625 5626
f 5597 5627 5598
f 5597 5626 5627
f 5598 5628 5599
f 5598 5627 5628
f 5599 5629 5600
f 5599 5628 5629
f 5600 5630 5601
f 5600 5629 5630
f 5601 5631 5602
f 5601 5630 5631
f 5602 5632 5603
f 5602 5631 5632
f 5603 5633 5604
f 5603 5632 5633
f 5604 5634 5605
f 5604 5633 5634
f 5605 5635 5606
f 5605 5634 5635
f 5606 5636 5607
f 5606 5635 5636
f 5607 5637 5608
f 5607 5636 5637
f 5608 5638 5609
f 5608 5637 5638
f 5609 5639 5610
f 5609 5638 5639
f 5610 5640 5611
f 5610 5639 5640
f 5611 5641 5612
f 5611 5640 5641
f 5612 5642 5613
f 5612 5641 5642
f 5613 5643 5614
f 5613 5642 5643
f 5614 5644 5615
f 5614 5643 5644
f 5615 5645 5616
f 5615 5644 5645
f 5616 5646 5617
f 5616 5645 5646
f 5617 5647 5618
f 5617 5646 5647
f 5618 5648 5619
f 5618 5647 5648
f 5619 5649 5620
f 5619 5648 5649
f 5649 5302 5298
f 5649 5298 5620
f 5304 5650 5621
f 5304 5621 5300
f 5621 5651 5622
f 5621 5650 5651
f 5622 5652 5623
f 5622 5651 5652
f 5623 5653 5624
f 5623 5652 5653
f 5624 5654 5625
f 5624 5653 5654
f 5625 5655 5626
f 5625 5654 5655
f 5626 5656 5627
f 5626 5655 5656
f 5627 5657 5628
f 5627 5656 5657
f 5628 5658 5629
f 5628 5657 5658
f 5629 5659 5630
f 5629 5658 5659
f 5630 5660 5631
f 5630 5659 5660
f 5631 5661 5632
f 5631 5660 5661
f 5632 5662 5633
f 5632 5661 5662
f 5633 5663 5634
f 5633 5662 5663
f 5634 5664 5635
f 5634 5663 5664
f 5635 5665 5636
f 5635 5664 5665
f 5636 5666 5637
f 5636 5665 5666
f 5637 5667 5638
f 5637 5666 5667
f 5638 5668 5639
f 5638 5667 5668
f 5639 5669 5640
f 5639 5668 5669
f 5640 5670 5641
f 5640 5669 5670
f 5641 5671 5642
f 5641 5670 5671
f 5642 5672 5643
f 5642 5671 5672
f 5643 5673 5644
f 5643 5672 5673
f 5644 5674 5645
f 5644 5673 5674
f 5645 5675 5646
f 5645 5674 5675
f 5646 5676 5647
f 5646 5675 5676
f 5647 5677 5648
f 5647 5676 5677
f 5648 5678 5649
f 5648 5677 5678
f 5678 5306 5302
f 5678 5302 5649
f 5308 5679 5650
f 5308 5650 5304
f 5650 5680 5651
f 5650 5679 5680
f 5651 5681 5652
f 5651 5680 5681
f 5652 5682 5653
f 5652 5681 5682
f 5653 5683 5654
f 5653 5682 5683
f 5654 5684 5655
f 5654 5683 5684
f 5655 5685 5656
f 5655 5684 5685
f 5656 5686 5657
f 5656 5685 5686
f 5657 5687 5658
f 5657 5686 5687
f 5658 5688 5659
f 5658 5687 5688
f 5659 5689 5660
f 5659 5688 5689
f 5660 5690 5661
f 5660 5689 5690
f 5661 5691 5662
f 5661 5690 5691
f 5662 5692 5663
f 5662 5691 5692
f 5663 5693 5664
f 5663 5692 5693
f 5664 5694 5665
f 5664 5693 5694
f 5665 5695 5666
f 5665 5694 5695
f 5666 5696 5667
f 5666 5695 5696
f 5667 5697 5668
f 5667 5696 5697
f 5668 5698 5669
f 5668 5697 5698
f 5669 5699 5670
f 5669 5698 5699
f 5670 5700 5671
f 5670 5699 5700
f 5671 5701 5672
f 5671 5700 5701
f 5672 5702 5673
f 5672 5701 5702
f 5673 5703 5674
f 5673 5702 5703
f 5674 5704 5675
f 5674 5703 5704
f 5675 5705 5676
f 5675 5704 5705
f 5676 5706 5677
f 5676 5705 5706
f 5677 5707 5678
f 5677 5706 5707
f 5707 5310 5306
f 5707 5306 5678
f 5312 5708 5679
f 5312 5679 5308
f 5679 5709 5680
f 5679 5708 5709
f 5680 5710 5681
f 5680 5709 5710
f 5681 5711 5682
f 5681 5710 5711
f 5682 5712 5683
f 5682 5711 5712
f 5683 5713 5684
f 5683 5712 5713
f 5684 5714 5685
f 5684 5713 5714
f 5685 5715 5686
f 5685 5714 5715
f 5686 5716 5687
f 5686 5715 5716
f 5687 5717 5688
f 5687 5716 5717
f 5688 5718 5689
f 5688 5717 5718
f 5689 5719 5690
f 5689 5718 5719
f 5690 5720 5691
f 5690 5719 5720
f 5691 5721 5692
f 5691 5720 5721
f 5692 5722 5693
f 5692 5721 5722
f 5693 5723 5694
f 5693 5722 5723
f 5694 5724 5695
f 5694 5723 5724
f 5695 5725 5696
f 5695 5724 5725
f 5696 5726 5697
f 5696 5725 5726
f 5697 5727 5698
f 5697 5726 5727
f 5698 5728 5699
f 5698 5727 5728
f 5699 5729 5700
f 5699 5728 5729
f 5700 5730 5701
f 5700 5729 5730
f 5701 5731 5702
f 5701 5730 5731
f 5702 5732 5703
f 5702 5731 5732
f 5703 5733 5704
f 5703 5732 5733
f 5704 5734 5705
f 5704 5733 5734
f 5705 5735 5706
f 5705 5734 5735
f 5706 5736 5707
f 5706 5735 5736
f 5736 5314 5310
f 5736 5310 5707
f 5316 5737 5708
f 5316 5708 5312
f 5708 5738 5709
f 5708 5737 5738
f 5709 5739 5710
f 5709 5738 5739
f 5710 5740 5711
f 5710 5739 5740
f 5711 5741 5712
f 5711 5740 5741
f 5712 5742 5713
f 5712 5741 5742
f 5713 5743 5714
f 5713 5742 5743
f 5714 5744 5715
f 5714 5743 5744
f 5715 5745 5716
f 5715 5744 5745
f 5716 5746 5717
f 5716 5745 5746
f 5717 5747 5718
f 5717 5746 5747
f 5718 5748 5719
f 5718 5747 5748
f 5719 5749 5720
f 5719 5748 5749
f 5720 5750 5721
f 5720 5749 5750
f 5721 5751 5722
f 5721 5750 5751
f 5722 5752 5723
f 5722 5751 5752
f 5723 5753 5724
f 5723 5752 5753
f 5724 5754 5725
f 5724 5753 5754
f 5725 5755 5726
f 5725 5754 5755
f 5726 5756 5727
f 5726 5755 5756
f 5727 5757 5728
f 5727 5756 5757
f 5728 5758 5729
f 5728 5757 5758
f 5729 5759 5730
f 5729 5758 5759
f 5730 5760 5731
f 5730 5759 5760
f 5731 5761 5732
f 5731 5760 5761
f 5732 5762 5733
f 5732 5761 5762
f 5733 5763 5734
f 5733 5762 5763
f 5734 5764 5735
f 5734 5763 5764
f 5735 5765 5736
f 5735 5764 5765
f 5765 5317 5314
f 5765 5314 5736
f 5319 5766 5318
f 5737 5316 5318
f 5766 5737 5318
f 5767 5737 5766
f 5737 5768 5738
f 5737 5767 5768
f 5738 5769 5739
f 5738 5768 5769
f 5739 5770 5740
f 5739 5769 5770
f 5740 5771 5741
f 5740 5770 5771
f 5741 5772 5742
f 5741 5771 5772
f 5742 5773 5743
f 5742 5772 5773
f 5743 5774 5744
f 5743 5773 5774
f 5744 5775 5745
f 5744 5774 5775
f 5745 5776 5746
f 5745 5775 5776
f 5746 5777 5747
f 5746 5776 5777
f 5747 5778 5748
f 5747 5777 5778
f 5748 5779 5749
f 5748 5778 5779
f 5749 5780 5750
f 5749 5779 5780
f 5750 5781 5751
f 5750 5780 5781
f 5751 5782 5752
f 5751 5781 5782
f 5752 5783 5753
f 5752 5782 5783
f 5753 5784 5754
f 5753 5783 5784
f 5754 5785 5755
f 5754 5784 5785
f 5755 5786 5756
f 5755 5785 5786
f 5756 5787 5757
f 5756 5786 5787
f 5757 5788 5758
f 5757 5787 5788
f 5758 5789 5759
f 5758 5788 5789
f 5759 5790 5760
f 5759 5789 5790
f 5760 5791 5761
f 5760 5790 5791
f 5761 5792 5762
f 5761 5791 5792
f 5762 5793 5763
f 5762 5792 5793
f 5763 5794 5764
f 5763 5793 5794
f 5764 5795 5765
f 5764 5794 5795
f 5795 5320 5317
f 5795 5317 5765
f 5322 5766 5319
f 5766 5322 5324
f 5796 5766 5324
f 5767 5766 5796
f 5767 5797 5768
f 5767 5796 5797
f 5768 5798 5769
f 5768 5797 5798
f 5769 5799 5770
f 5769 5798 5799
f 5770 5800 5771
f 5770 5799 5800
f 5771 5801 5772
f 5771 5800 5801
f 5772 5802 5773
f 5772 5801 5802
f 5773 5803 5774
f 5773 5802 5803
f 5774 5804 5775
f 5774 5803 5804
f 5775 5805 5776
f 5775 5804 5805
f 5776 5806 5777
f 5776 5805 5806
f 5777 5807 5778
f 5777 5806 5807
f 5778 5808 5779
f 5778 5807 5808
f 5779 5809 5780
f 5779 5808 5809
f 5780 5810 5781
f 5780 5809 5810
f 5781 5811 5782
f 5781 5810 5811
f 5782 5812 5783
f 5782 5811 5812
f 5783 5813 5784
f 5783 5812 5813
f 5784 5814 5785
f 5784 5813 5814
f 5785 5815 5786
f 5785 5814 5815
f 5786 5816 5787
f 5786 5815 5816
f 5787 5817 5788
f 5787 5816 5817
f 5788 5818 5789
f 5788 5817 5818
f 5789 5819 5790
f 5789 5818 5819
f 5790 5820 5791
f 5790 5819 5820
f 5791 5821 5792
f 5791 5820 5821
f 5792 5822 5793
f 5792 5821 5822
f 5793 5823 5794
f 5793 5822 5823
f 5823 5326 5327
f 5795 5823 5327
f 5794 5823 5795
f 5795 5327 5320
f 5330 5824 5796
f 5330 5796 5324
f 5796 5825 5797
f 5796 5824 5825
f 5797 5826 5798
f 5797 5825 5826
f 5798 5827 5799
f 5798 5826 5827
f 5799 5828 5800
f 5799 5827 5828
f 5800 5829 5801
f 5800 5828 5829
f 5801 5830 5802
f 5801 5829 5830
f 5802 5831 5803
f 5802 5830 5831
f 5803 5832 5804
f 5803 5831 5832
f 5804 5833 5805
f 5804 5832 5833
f 5805 5834 5806
f 5805 5833 5834
f 5806 5835 5807
f 5806 5834 5835
f 5807 5836 5808
f 5807 5835 5836
f 5808 5837 5809
f 5808 5836 5837
f 5809 5838 5810
f 5809 5837 5838
f 5810 5839 5811
f 5810 5838 5839
f 5811 5840 5812
f 5811 5839 5840
f 5812 5841 5813
f 5812 5840 5841
f 5813 5842 5814
f 5813 5841 5842
f 5814 5843 5815
f 5814 5842 5843
f 5815 5844 5816
f 5815 5843 5844
f 5816 5845 5817
f 5816 5844 5845
f 5817 5846 5818
f 5817 5845 5846
f 5818 5847 5819
f 5818 5846 5847
f 5819 5848 5820
f 5819 5847 5848
f 5820 5849 5821
f 5820 5848 5849
f 5821 5850 5822
f 5821 5849 5850
f 5822 5851 5823
f 5822 5850 5851
f 5851 5332 5326
f 5851 5326 5823
f 5335 5852 5824
f 5335 5824 5330
f 5824 5853 5825
f 5824 5852 5853
f 5825 5854 5826
f 5825 5853 5854
f 5826 5855 5827
f 5826 5854 5855
f 5827 5856 5828
f 5827 5855 5856
f 5828 5857 5829
f 5828 5856 5857
f 5829 5858 5830
f 5829 5857 5858
f 5830 5859 5831
f 5830 5858 5859
f 5831 5860 5832
f 5831 5859 5860
f 5832 5861 5833
f 5832 5860 5861
f 5833 5862 5834
f 5833 5861 5862
f 5834 5863 5835
f 5834 5862 5863
f 5835 5864 5836
f 5835 5863 5864
f 5836 5865 5837
f 5836 5864 5865
f 5837 5866 5838
f 5837 5865 5866
f 5838 5867 5839
f 5838 5866 5867
f 5839 5868 5840
f 5839 5867 5868
f 5840 5869 5841
f 5840 5868 5869
f 5841 5870 5842
f 5841 5869 5870
f 5842 5871 5843
f 5842 5870 5871
f 5843 5872 5844
f 5843 5871 5872
f 5844 5873 5845
f 5844 5872 5873
f 5845 5874 5846
f 5845 5873 5874
f 5846 5875 5847
f 5846 5874 5875
f 5847 5876 5848
f 5847 5875 5876
f 5848 5877 5849
f 5848 5876 5877
f 5849 5878 5850
f 5849 5877 5878
f 5850 5879 5851
f 5850 5878 5879
f 5880 5336 5332
f 5851 5880 5332
f 5879 5880 5851
f 5880 5337 5336
f 5340 5881 5852
f 5340 5852 5335
f 5852 5882 5853
f 5852 5881 5882
f 5853 5883 5854
f 5853 5882 5883
f 5854 5884 5855
f 5854 5883 5884
f 5855 5885 5856
f 5855 5884 5885
f 5856 5886 5857
f 5856 5885 5886
f 5857 5887 5858
f 5857 5886 5887
f 5858 5888 5859
f 5858 5887 5888
f 5859 5889 5860
f 5859 5888 5889
f 5860 5890 5861
f 5860 5889 5890
f 5861 5891 5862
f 5861 5890 5891
f 5862 5892 5863
f 5862 5891 5892
f 5863 5893 5864
f 5863 5892 5893
f 5864 5894 5865
f 5864 5893 5894
f 5865 5895 5866
f 5865 5894 5895
f 5866 5896 5867
f 5866 5895 5896
f 5867 5897 5868
f 5867 5896 5897
f 5868 5898 5869
f 5868 5897 5898
f 5869 5899 5870
f 5869 5898 5899
f 5870 5900 5871
f 5870 5899 5900
f 5871 5901 5872
f 5871 5900 5901
f 5872 5902 5873
f 5872 5901 5902
f 5873 5903 5874
f 5873 5902 5903
f 5874 5904 5875
f 5874 5903 5904
f 5875 5905 5876
f 5875 5904 5905
f 5876 5906 5877
f 5876 5905 5906
f 5877 5907 5878
f 5877 5906 5907
f 5878 5908 5879
f 5878 5907 5908
f 5879 5909 5880
f 5879 5908 5909
f 5909 5341 5337
f 5909 5337 5880
f 5343 5910 5881
f 5343 5881 5340
f 5881 5911 5882
f 5881 5910 5911
f 5882 5912 5883
f 5882 5911 5912
f 5883 5913 5884
f 5883 5912 5913
f 5884 5914 5885
f 5884 5913 5914
f 5885 5915 5886
f 5885 5914 5915
f 5886 5916 5887
f 5886 5915 5916
f 5887 5917 5888
f 5887 5916 5917
f 5888 5918 5889
f 5888 5917 5918
f 5889 5919 5890
f 5889 5918 5919
f 5890 5920 5891
f 5890 5919 5920
f 5891 5921 5892
f 5891 5920 5921
f 5892 5922 5893
f 5892 5921 5922
f 5893 5923 5894
f 5893 5922 5923
f 5894 5924 5895
f 5894 5923 5924
f 5895 5925 5896
f 5895 5924 5925
f 5896 5926 5897
f 5896 5925 5926
f 5897 5927 5898
f 5897 5926 5927
f 5898 5928 5899
f 5898 5927 5928
f 5899 5929 5900
f 5899 5928 5929
f 5900 5930 5901
f 5900 5929 5930
f 5901 5931 5902
f 5901 5930 5931
f 5902 5932 5903
f 5902 5931 5932
f 5903 5933 5904
f 5903 5932 5933
f 5904 5934 5905
f 5904 5933 5934
f 5905 5935 5906
f 5905 5934 5935
f 5906 5936 5907
f 5906 5935 5936
f 5907 5937 5908
f 5907 5936 5937
f 5908 5938 5909
f 5908 5937 5938
f 5938 5344 5341
f 5938 5341 5909
f 5346 5939 5910
f 5346 5910 5343
f 5910 5940 5911
f 5910 5939 5940
f 5911 5941 5912
f 5911 5940 5941
f 5912 5942 5913
f 5912 5941 5942
f 5913 5943 5914
f 5913 5942 5943
f 5914 5944 5915
f 5914 5943 5944
f 5915 5945 5916
f 5915 5944 5945
f 5916 5946 5917
f 5916 5945 5946
f 5917 5947 5918
f 5917 5946 5947
f 5918 5948 5919
f 5918 5947 5948
f 5919 5949 5920
f 5919 5948 5949
f 5920 5950 5921
f 5920 5949 5950
f 5921 5951 5922
f 5921 5950 5951
f 5922 5952 5923
f 5922 5951 5952
f 5923 5953 5924
f 5923 5952 5953
f 5924 5954 5925
f 5924 5953 5954
f 5925 5955 5926
f 5925 5954 5955
f 5926 5956 5927
f 5926 5955 5956
f 5927 5957 5928
f 5927 5956 5957
f 5928 5958 5929
f 5928 5957 5958
f 5929 5959 5930
f 5929 5958 5959
f 5930 5960 5931
f 5930 5959 5960
f 5931 5961 5932
f 5931 5960 5961
f 5932 5962 5933
f 5932 5961 5962
f 5933 5963 5934
f 5933 5962 5963
f 5934 5964 5935
f 5934 5963 5964
f 5935 5965 5936
f 5935 5964 5965
f 5936 5966 5937
f 5936 5965 5966
f 5937 5967 5938
f 5937 5966 5967
f 5967 5348 5344
f 5967 5344 5938
f 5350 5968 5939
f 5350 5939 5346
f 5939 5969 5940
f 5939 5968 5969
f 5940 5970 5941
f 5940 5969 5970
f 5941 5971 5942
f 5941 5970 5971
f 5942 5972 5943
f 5942 5971 5972
f 5943 5973 5944
f 5943 5972 5973
f 5944 5974 5945
f 5944 5973 5974
f 5945 5975 5946
f 5945 5974 5975
f 5946 5976 5947
f 5946 5975 5976
f 5947 5977 5948
f 5947 5976 5977
f 5948 5978 5949
f 5948 5977 5978
f 5949 5979 5950
f 5949 5978 5979
f 5950 5980 5951
f 5950 5979 5980
f 5951 5981 5952
f 5951 5980 5981
f 5952 5982 5953
f 5952 5981 5982
f 5953 5983 5954
f 5953 5982 5983
f 5954 5984 5955
f 5954 5983 5984
f 5955 5985 5956
f 5955 5984 5985
f 5956 5986 5957
f 5956 5985 5986
f 5957 5987 5958
f 5957 5986 5987
f 5958 5988 5959
f 5958 5987 5988
f 5959 5989 5960
f 5959 5988 5989
f 5960 5990 5961
f 5960 5989 5990
f 5961 5991 5962
f 5961 5990 5991
f 5962 5992 5963
f 5962 5991 5992
f 5963 5993 5964
f 5963 5992 5993
f 5964 5994 5965
f 5964 5993 5994
f 5965 5995 5966
f 5965 5994 5995
f 5966 5996 5967
f 5966 5995 5996
f 5996 5352 5348
f 5996 5348 5967
f 5354 5997 5968
f 5354 5968 5350
f 5968 5998 5969
f 5968 5997 5998
f 5969 5999 5970
f 5969 5998 5999
f 5970 6000 5971
f 5970 5999 6000
f 5971 6001 5972
f 5971 6000 6001
f 5972 6002 5973
f 5972 6001 6002
f 5973 6003 5974
f 5973 6002 6003
f 5974 6004 5975
f 5974 6003 6004
f 5975 6005 5976
f 5975 6004 6005
f 5976 6006 5977
f 5976 6005 6006
f 5977 6007 5978
f 5977 6006 6007
f 5978 6008 5979
f 5978 6007 6008
f 5979 6009 5980
f 5979 6008 6009
f 5980 6010 5981
f 5980 6009 6010
f 5981 6011 5982
f 5981 6010 6011
f 5982 6012 5983
f 5982 6011 6012
f 5983 6013 5984
f 5983 6012 6013
f 5984 6014 5985
f 5984 6013 6014
f 5985 6015 5986
f 5985 6014 6015
f 5986 6016 5987
f 5986 6015 6016
f 5987 6017 5988
f 5987 6016 6017
f 5988 6018 5989
f 5988 6017 6018
f 5989 6019 5990
f 5989 6018 6019
f 5990 6020 5991
f 5990 6019 6020
f 5991 6021 5992
f 5991 6020 6021
f 5992 6022 5993
f 5992 6021 6022
f 5993 6023 5994
f 5993 6022 6023
f 5994 6024 5995
f 5994 6023 6024
f 5995 6025 5996
f 5995 6024 6025
f 6025 5356 5352
f 6025 5352 5996
f 5358 6026 5997
f 5358 5997 5354
f 5997 6027 5998
f 5997 6026 6027
f 5998 6028 5999
f 5998 6027 6028
f 5999 6029 6000
f 5999 6028 6029
f 6000 6030 6001
f 6000 6029 6030
f 6001 6031 6002
f 6001 6030 6031
f 6002 6032 6003
f 6002 6031 6032
f 6003 6033 6004
f 6003 6032 6033
f 6004 6034 6005
f 6004 6033 6034
f 6005 6035 6006
f 6005 6034 6035
f 6006 6036 6007
f 6006 6035 6036
f 6007 6037 6008
f 6007 6036 6037
f 6008 6038 6009
f 6008 6037 6038
f 6009 6039 6010
f 6009 6038 6039
f 6010 6040 6011
f 6010 6039 6040
f 6011 6041 6012
f 6011 6040 6041
f 6012 6042 6013
f 6012 6041 6042
f 6013 6043 6014
f 6013 6042 6043
f 6014 6044 6015
f 6014 6043 6044
f 6015 6045 6016
f 6015 6044 6045
f 6016 6046 6017
f 6016 6045 6046
f 6017 6047 6018
f 6017 6046 6047
f 6018 6048 6019
f 6018 6047 6048
f 6019 6049 6020
f 6019 6048 6049
f 6020 6050 6021
f 6020 6049 6050
f 6021 6051 6022
f 6021 6050 6051
f 6022 6052 6023
f 6022 6051 6052
f 6023 6053 6024
f 6023 6052 6053
f 6024 6054 6025
f 6024 6053 6054
f 6054 5360 5356
f 6054 5356 6025
f 5362 6055 6026
f 5362 6026 5358
f 6026 6056 6027
f 6026 6055 6056
f 6027 6057 6028
f 6027 6056 6057
f 6028 6058 6029
f 6028 6057 6058
f 6029 6059 6030
f 6029 6058 6059
f 6030 6060 6031
f 6030 6059 6060
f 6031 6061 6032
f 6031 6060 6061
f 6032 6062 6033
f 6032 6061 6062
f 6033 6063 6034
f 6033 6062 6063
f 6034 6064 6035
f 6034 6063 6064
f 6035 6065 6036
f 6035 6064 6065
f 6036 6066 6037
f 6036 6065 6066
f 6037 6067 6038
f 6037 6066 6067
f 6038 6068 6039
f 6038 6067 6068
f 6039 6069 6040
f 6039 6068 6069
f 6040 6070 6041
f 6040 6069 6070
f 6041 6071 6042
f 6041 6070 6071
f 6042 6072 6043
f 6042 6071 6072
f 6043 6073 6044
f 6043 6072 6073
f 6044 6074 6045
f 6044 6073 6074
f 6045 6075 6046
f 6045 6074 6075
f 6046 6076 6047
f 6046 6075 6076
f 6047 6077 6048
f 6047 6076 6077
f 6048 6078 6049
f 6048 6077 6078
f 6049 6079 6050
f 6049 6078 6079
f 6050 6080 6051
f 6050 6079 6080
f 6051 6081 6052
f 6051 6080 6081
f 6052 6082 6053
f 6052 6081 6082
f 6053 6083 6054
f 6053 6082 6083
f 6083 5364 5360
f 6083 5360 6054
f 5366 6084 6055
f 5366 6055 5362
f 6055 6085 6056
f 6055 6084 6085
f 6056 6086 6057
f 6056 6085 6086
f 6057 6087 6058
f 6057 6086 6087
f 6058 6088 6059
f 6058 6087 6088
f 6059 6089 6060
f 6059 6088 6089
f 6060 6090 6061
f 6060 6089 6090
f 6061 6091 6062
f 6061 6090 6091
f 6062 6092 6063
f 6062 6091 6092
f 6063 6093 6064
f 6063 6092 6093
f 6064 6094 6065
f 6064 6093 6094
f 6065 6095 6066
f 6065 6094 6095
f 6066 6096 6067
f 6066 6095 6096
f 6067 6097 6068
f 6067 6096 6097
f 6068 6098 6069
f 6068 6097 6098
f 6069 6099 6070
f 6069 6098 6099
f 6070 6100 6071
f 6070 6099 6100
f 6071 6101 6072
f 6071 6100 6101
f 6072 6102 6073
f 6072 6101 6102
f 6073 6103 6074
f 6073 6102 6103
f 6074 6104 6075
f 6074 6103 6104
f 6075 6105 6076
f 6075 6104 6105
f 6076 6106 6077
f 6076 6105 6106
f 6077 6107 6078
f 6077 6106 6107
f 6078 6108 6079
f 6078 6107 6108
f 6079 6109 6080
f 6079 6108 6109
f 6080 6110 6081
f 6080 6109 6110
f 6081 6111 6082
f 6081 6110 6111
f 6082 6112 6083
f 6082 6111 6112
f 6112 5368 5364
f 6112 5364 6083
f 5370 6113 5371
f 6084 5366 5371
f 6113 6084 5371
f 6114 6084 6113
f 6084 6115 6085
f 6084 6114 6115
f 6085 6116 6086
f 6085 6115 6116
f 6086 6117 6087
f 6086 6116 6117
f 6087 6118 6088
f 6087 6117 6118
f 6088 6119 6089
f 6088 6118 6119
f 6089 6120 6090
f 6089 6119 6120
f 6090 6121 6091
f 6090 6120 6121
f 6091 6122 6092
f 6091 6121 6122
f 6092 6123 6093
f 6092 6122 6123
f 6093 6124 6094
f 6093 6123 6124
f 6094 6125 6095
f 6094 6124 6125
f 6095 6126 6096
f 6095 6125 6126
f 6096 6127 6097
f 6096 6126 6127
f 6097 6128 6098
f 6097 6127 6128
f 6098 6129 6099
f 6098 6128 6129
f 6099 6130 6100
f 6099 6129 6130
f 6100 6131 6101
f 6100 6130 6131
f 6101 6132 6102
f 6101 6131 6132
f 6102 6133 6103
f 6102 6132 6133
f 6103 6134 6104
f 6103 6133 6134
f 6104 6135 6105
f 6104 6134 6135
f 6105 6136 6106
f 6105 6135 6136
f 6106 6137 6107
f 6106 6136 6137
f 6107 6138 6108
f 6107 6137 6138
f 6108 6139 6109
f 6108 6138 6139
f 6109 6140 6110
f 6109 6139 6140
f 6110 6141 6111
f 6110 6140 6141
f 6111 6142 6112
f 6111 6141 6142
f 6142 5373 5368
f 6142 5368 6112
f 5375 6143 6113
f 5375 6113 5370
f 6113 6144 6114
f 6113 6143 6144
f 6114 6145 6115
f 6114 6144 6145
f 6115 6146 6116
f 6115 6145 6146
f 6116 6147 6117
f 6116 6146 6147
f 6117 6148 6118
f 6117 6147 6148
f 6118 6149 6119
f 6118 6148 6149
f 6119 6150 6120
f 6119 6149 6150
f 6120 6151 6121
f 6120 6150 6151
f 6121 6152 6122
f 6121 6151 6152
f 6122 6153 6123
f 6122 6152 6153
f 6123 6154 6124
f 6123 6153 6154
f 6124 6155 6125
f 6124 6154 6155
f 6125 6156 6126
f 6125 6155 6156
f 6126 6157 6127
f 6126 6156 6157
f 6127 6158 6128
f 6127 6157 6158
f 6128 6159 6129
f 6128 6158 6159
f 6129 6160 6130
f 6129 6159 6160
f 6130 6161 6131
f 6130 6160 6161
f 6131 6162 6132
f 6131 6161 6162
f 6132 6163 6133
f 6132 6162 6163
f 6133 6164 6134
f 6133 6163 6164
f 6134 6165 6135
f 6134 6164 6165
f 6135 6166 6136
f 6135 6165 6166
f 6136 6167 6137
f 6136 6166 6167
f 6137 6168 6138
f 6137 6167 6168
f 6138 6169 6139
f 6138 6168 6169
f 6139 6170 6140
f 6139 6169 6170
f 6140 6171 6141
f 6140 6170 6171
f 6141 6172 6142
f 6141 6171 6172
f 6172 5377 5373
f 6172 5373 6142
f 5378 6143 5375
f 6143 5378 5380
f 6173 6143 5380
f 6144 6143 6173
f 6144 6174 6145
f 6144 6173 6174
f 6145 6175 6146
f 6145 6174 6175
f 6146 6176 6147
f 6146 6175 6176
f 6147 6177 6148
f 6147 6176 6177
f 6148 6178 6149
f 6148 6177 6178
f 6149 6179 6150
f 6149 6178 6179
f 6150 6180 6151
f 6150 6179 6180
f 6151 6181 6152
f 6151 6180 6181
f 6152 6182 6153
f 6152 6181 6182
f 6153 6183 6154
f 6153 6182 6183
f 6154 6184 6155
f 6154 6183 6184
f 6155 6185 6156
f 6155 6184 6185
f 6156 6186 6157
f 6156 6185 6186
f 6157 6187 6158
f 6157 6186 6187
f 6158 6188 6159
f 6158 6187 6188
f 6159 6189 6160
f 6159 6188 6189
f 6160 6190 6161
f 6160 6189 6190
f 6161 6191 6162
f 6161 6190 6191
f 6162 6192 6163
f 6162 6191 6192
f 6163 6193 6164
f 6163 6192 6193
f 6164 6194 6165
f 6164 6193 6194
f 6165 6195 6166
f 6165 6194 6195
f 6166 6196 6167
f 6166 6195 6196
f 6167 6197 6168
f 6167 6196 6197
f 6168 6198 6169
f 6168 6197 6198
f 6169 6199 6170
f 6169 6198 6199
f 6170 6200 6171
f 6170 6199 6200
f 6171 6201 6172
f 6171 6200 6201
f 6201 5382 5377
f 6201 5377 6172
f 5384 6202 6173
f 5384 6173 5380
f 6173 6203 6174
f 6173 6202 6203
f 6174 6204 6175
f 6174 6203 6204
f 6175 6205 6176
f 6175 6204 6205
f 6176 6206 6177
f 6176 6205 6206
f 6177 6207 6178
f 6177 6206 6207
f 6178 6208 6179
f 6178 6207 6208
f 6179 6209 6180
f 6179 6208 6209
f 6180 6210 6181
f 6180 6209 6210
f 6181 6211 6182
f 6181 6210 6211
f 6182 6212 6183
f 6182 6211 6212
f 6183 6213 6184
f 6183 6212 6213
f 6184 6214 6185
f 6184 6213 6214
f 6185 6215 6186
f 6185 6214 6215
f 6186 6216 6187
f 6186 6215 6216
f 6187 6217 6188
f 6187 6216 6217
f 6188 6218 6189
f 6188 6217 6218
f 6189 6219 6190
f 6189 6218 6219
f 6190 6220 6191
f 6190 6219 6220
f 6191 6221 6192
f 6191 6220 6221
f 6192 6222 6193
f 6192 6221 6222
f 6193 6223 6194
f 6193 6222 6223
f 6194 6224 6195
f 6194 6223 6224
f 6195 6225 6196
f 6195 6224 6225
f 6196 6226 6197
f 6196 6225 6226
f 6197 6227 6198
f 6197 6226 6227
f 6198 6228 6199
f 6198 6227 6228
f 6199 6229 6200
f 6199 6228 6229
f 6229 5386 5387
f 6201 6229 5387
f 6200 6229 6201
f 6201 5387 5382
f 5389 6202 5384
f 6202 5389 5391
f 6230 6202 5391
f 6203 6202 6230
f 6203 6231 6204
f 6203 6230 6231
f 6204 6232 6205
f 6204 6231 6232
f 6205 6233 6206
f 6205 6232 6233
f 6206 6234 6207
f 6206 6233 6234
f 6207 6235 6208
f 6207 6234 6235
f 6208 6236 6209
f 6208 6235 6236
f 6209 6237 6210
f 6209 6236 6237
f 6210 6238 6211
f 6210 6237 6238
f 6211 6239 6212
f 6211 6238 6239
f 6212 6240 6213
f 6212 6239 6240
f 6213 6241 6214
f 6213 6240 6241
f 6214 6242 6215
f 6214 6241 6242
f 6215 6243 6216
f 6215 6242 6243
f 6216 6244 6217
f 6216 6243 6244
f 6217 6245 6218
f 6217 6244 6245
f 6218 6246 6219
f 6218 6245 6246
f 6219 6247 6220
f 6219 6246 6247
f 6220 6248 6221
f 6220 6247 6248
f 6221 6249 6222
f 6221 6248 6249
f 6222 6250 6223
f 6222 6249 6250
f 6223 6251 6224
f 6223 6250 6251
f 6224 6252 6225
f 6224 6251 6252
f 6225 6253 6226
f 6225 6252 6253
f 6226 6254 6227
f 6226 6253 6254
f 6227 6255 6228
f 6227 6254 6255
f 6228 6256 6229
f 6228 6255 6256
f 6256 5393 5386
f 6256 5386 6229
f 5395 6230 5391
f 6230 5395 5397
f 6257 6230 5397
f 6231 6230 6257
f 6231 6258 6232
f 6231 6257 6258
f 6232 6259 6233
f 6232 6258 6259
f 6233 6260 6234
f 6233 6259 6260
f 6234 6261 6235
f 6234 6260 6261
f 6235 6262 6236
f 6235 6261 6262
f 6236 6263 6237
f 6236 6262 6263
f 6237 6264 6238
f 6237 6263 6264
f 6238 6265 6239
f 6238 6264 6265
f 6239 6266 6240
f 6239 6265 6266
f 6240 6267 6241
f 6240 6266 6267
f 6241 6268 6242
f 6241 6267 6268
f 6242 6269 6243
f 6242 6268 6269
f 6243 6270 6244
f 6243 6269 6270
f 6244 6271 6245
f 6244 6270 6271
f 6245 6272 6246
f 6245 6271 6272
f 6246 6273 6247
f 6246 6272 6273
f 6247 6274 6248
f 6247 6273 6274
f 6248 6275 6249
f 6248 6274 6275
f 6249 6276 6250
f 6249 6275 6276
f 6250 6277 6251
f 6250 6276 6277
f 6251 6278 6252
f 6251 6277 6278
f 6252 6279 6253
f 6252 6278 6279
f 6253 6280 6254
f 6253 6279 6280
f 6254 6281 6255
f 6254 6280 6281
f 6255 6282 6256
f 6255 6281 6282
f 6282 5399 5393
f 6282 5393 6256
f 5401 6257 5397
f 6257 5401 5403
f 6257 5403 6258
f 6258 5403 5405
f 6258 5405 6259
f 6259 5405 5407
f 6259 5407 6260
f 6260 5407 5409
f 6260 5409 6261
f 6261 5409 5411
f 6283 6261 5411
f 6262 6261 6283
f 6283 5413 5414
f 6263 6283 5414
f 6262 6283 6263
f 6263 5414 5415
f 6263 5415 6264
f 6264 5415 5417
f 6264 5417 6265
f 6265 5417 5419
f 6265 5419 6266
f 6266 5419 5421
f 6266 5421 6267
f 6267 5421 5423
f 6267 5423 6268
f 6268 5423 5425
f 6268 5425 6269
f 6269 5425 5427
f 6269 5427 6270
f 6270 5427 5429
f 6270 5429 6271
f 6271 5429 5431
f 6271 5431 6272
f 6272 5431 5433
f 6272 5433 6273
f 6273 5433 5435
f 6273 5435 6274
f 6274 5435 5437
f 6274 5437 6275
f 6275 5437 5439
f 6275 5439 6276
f 6276 5439 5441
f 6276 5441 6277
f 6277 5441 5443
f 6284 6277 5443
f 6278 6277 6284
f 6278 6285 6279
f 6278 6284 6285
f 6279 6286 6280
f 6279 6285 6286
f 6286 5445 5446
f 6281 6286 5446
f 6280 6286 6281
f 6281 5446 5447
f 6281 5447 6282
f 6282 5447 5399
f 5450 6283 5411
f 6283 5450 5413
f 5459 6284 5443
f 6284 5459 5461
f 6284 5461 6285
f 6285 5461 5463
f 6285 5463 6286
f 6286 5463 5445

